0.053792,-0.532855,-0.280948,-0.227518,-0.386922,-0.267466,-0.256295,-0.566303,3.000000
0.053792,0.549640,0.424414,0.489721,0.145309,-0.006161,-0.224365,0.547182,3.000000
0.053792,-1.032470,-0.734395,-0.586137,-0.805977,-0.670686,-0.548228,-0.853654,2.000000
-1.154210,0.632909,0.424414,0.489721,0.638795,0.809291,0.405115,0.489711,2.000000
0.053792,-1.365540,-1.389370,-1.183840,-1.305580,-1.238350,-1.296310,-1.320600,1.000000
0.053792,-0.033242,-0.029033,-0.466597,-0.411392,-0.427402,-0.356647,-0.415444,3.000000
-1.154210,1.548870,1.331310,0.609261,2.304820,1.834240,0.733540,3.887630,3.000000
0.053792,1.049250,1.180160,0.609261,0.834558,1.295860,0.619503,0.443017,2.000000
-1.154210,0.299834,0.424414,0.011562,0.145309,0.507438,0.012830,-0.149644,1.000000
1.261790,-0.907565,-0.935927,-0.825217,-1.017030,-0.986054,-1.004370,-1.033250,1.000000
-1.154210,0.341468,0.323648,-0.347058,-0.054532,0.000597,0.017392,-0.171195,2.000000
1.261790,-2.198230,-2.044350,-1.662000,-1.492170,-1.432070,-1.474200,-1.496600,1.000000
0.053792,-0.532855,-0.784778,0.250642,-0.604096,-0.679697,-0.000854,-0.817735,2.000000
-1.154210,1.090890,1.331310,1.804660,2.070310,1.726110,1.335650,2.486800,3.000000
1.261790,-2.031690,-1.943590,-1.422920,-1.420790,-1.294660,-1.446830,-1.478640,1.000000
1.261790,-1.240640,-1.338990,-1.303380,-1.241350,-1.127970,-1.191390,-1.281090,1.000000
1.261790,-1.740250,-1.691670,-1.662000,-1.410600,-1.373510,-1.360170,-1.428360,1.000000
0.053792,1.049250,0.928243,0.489721,1.129220,1.543650,1.125820,0.579509,2.000000
-1.154210,0.466371,0.625945,0.609261,0.344131,0.153776,0.560204,0.654938,2.000000
0.053792,1.215790,1.180160,1.206960,1.423890,0.973732,1.572850,1.445150,3.000000
-1.154210,0.757812,0.676328,1.206960,1.233220,1.676550,1.134950,0.644163,2.000000
1.261790,-1.781890,-1.842820,-2.140160,-1.395300,-1.314940,-1.296310,-1.392440,1.000000
-1.154210,0.841081,0.877860,0.967881,0.515423,0.505186,0.669679,0.536406,2.000000
0.053792,0.841081,0.777094,0.609261,0.809068,0.667375,1.052840,0.870451,2.000000
0.053792,1.382330,1.280920,1.087420,2.033610,1.971650,2.083730,1.869000,3.000000
-1.154210,0.133296,0.122116,-0.107978,-0.043317,-0.048961,-0.009977,-0.027520,3.000000
-1.154210,-0.532855,-0.633629,-0.466597,-0.683625,-0.522013,-0.575597,-0.767448,1.000000
0.053792,0.508006,0.122116,0.370181,0.418561,0.349754,0.382308,0.583100,3.000000
-1.154210,1.548870,1.482460,0.848341,2.673910,3.992250,1.750740,1.402050,3.000000
-1.154210,0.466371,0.374031,-0.107978,-0.030062,0.081692,0.099498,-0.135277,2.000000
1.261790,-0.324683,-0.280948,0.011562,-0.317589,-0.639149,-0.461560,-0.314871,3.000000
1.261790,-0.699393,-0.583246,-0.347058,-0.760095,-0.672939,-0.776301,-0.774632,1.000000
-1.154210,0.424737,0.424414,0.489721,0.257465,0.363270,-0.110329,0.223912,3.000000
1.261790,-1.448810,-1.742050,-1.422920,-1.343310,-1.292410,-1.223320,-1.360110,1.000000
0.053792,-0.199779,-0.230565,-0.227518,-0.123865,-0.436413,-0.780862,0.223912,3.000000
0.053792,2.298290,2.238200,1.326500,3.461040,2.584360,3.734970,2.738230,3.000000
-1.154210,0.799447,0.726711,0.609261,0.497070,0.550238,0.496344,0.525630,2.000000
-1.154210,0.757812,0.676328,0.848341,0.806009,1.099880,0.733540,0.518447,2.000000
1.261790,0.008393,-0.079416,-0.227518,-0.375706,-0.064729,-0.475245,-0.278952,1.000000
-1.154210,-1.157370,-1.087080,-1.064300,-1.200560,-1.220330,-1.109290,-1.105090,2.000000
1.261790,-1.323910,-1.389370,-1.303380,-1.236250,-1.197800,-1.168590,-1.241580,1.000000
0.053792,0.050027,-0.129799,0.131102,-0.109591,-0.231424,-0.105767,0.116155,1.000000
-1.154210,0.466371,0.374031,0.250642,0.252367,0.324975,0.126867,0.346036,3.000000
1.261790,0.424737,0.474797,0.967881,0.048447,-0.260708,0.017392,0.439425,3.000000
-1.154210,-1.407180,-1.288610,-1.064300,-1.189350,-1.188790,-1.081920,-1.176920,3.000000
0.053792,1.215790,1.432070,1.206960,1.145540,0.825059,1.121260,1.157800,3.000000
0.053792,1.881940,2.036670,2.282820,3.425360,3.931430,3.087250,2.680760,3.000000
1.261790,-1.407180,-1.389370,-0.944757,-1.249500,-1.245110,-1.309990,-1.176920,2.000000
0.053792,0.299834,0.222882,0.250642,0.109623,-0.057971,-0.078399,0.511263,2.000000
0.053792,0.091662,0.071733,1.087420,0.026016,-0.204392,-0.201558,0.439425,3.000000
-1.154210,0.508006,0.474797,0.011562,0.288053,0.462386,0.040199,0.403506,2.000000
0.053792,0.424737,0.625945,0.609261,0.082094,0.340744,0.149674,-0.005969,2.000000
-1.154210,0.466371,0.474797,0.250642,0.373699,0.626828,0.281956,0.320893,2.000000
0.053792,0.757812,0.877860,0.489721,0.869224,1.000760,1.267230,0.601060,3.000000
1.261790,-1.407180,-1.389370,-0.944757,-1.230130,-1.123460,-1.264380,-1.255940,1.000000
-1.154210,0.965985,1.180160,0.967881,0.988517,0.572765,1.084770,1.211680,2.000000
0.053792,-0.283048,-0.079416,0.131102,-0.336961,-0.672939,-0.466122,0.091012,3.000000
0.053792,1.548870,1.381690,0.848341,2.198780,2.311790,2.517070,1.696580,3.000000
1.261790,-0.657758,-0.885544,-0.466597,-0.919152,-0.934244,-0.894898,-0.853654,1.000000
0.053792,0.965985,0.676328,0.011562,0.497070,0.586280,0.446168,0.511263,1.000000
0.053792,0.924350,0.978626,1.087420,0.968125,0.638091,1.043720,1.229640,3.000000
0.053792,0.841081,0.928243,0.489721,0.791734,0.960217,0.240903,0.834532,3.000000
1.261790,-0.907565,-0.986310,-0.705677,-1.085350,-1.064900,-1.127530,-1.000920,2.000000
0.053792,0.757812,0.676328,0.370181,0.357385,0.397060,0.113182,0.363995,2.000000
1.261790,0.299834,0.323648,0.370181,-0.036180,0.041144,-0.023661,-0.027520,3.000000
-1.154210,-0.782662,-0.734395,-0.466597,-0.880407,-0.724749,-0.858407,-0.972186,1.000000
1.261790,-1.615350,-1.691670,-1.542460,-1.357580,-1.283400,-1.346480,-1.370890,1.000000
0.053792,0.799447,0.726711,0.609261,0.436914,0.559249,0.368624,0.511263,2.000000
-1.154210,0.924350,1.079390,0.489721,0.772362,0.807038,0.925121,0.762695,3.000000
1.261790,-0.699393,-0.633629,-0.227518,-0.773350,-0.677444,-0.885775,-0.753081,1.000000
-1.154210,0.716178,-0.432097,0.370181,0.505227,0.579522,0.624065,0.223912,2.000000
1.261790,0.050027,0.122116,-0.227518,0.015820,0.068176,-0.124013,0.073053,3.000000
1.261790,-2.073330,-2.145120,-1.781540,-1.473810,-1.375760,-1.465080,-1.514560,1.000000
0.053792,0.341468,0.374031,0.370181,-0.005592,-0.082750,0.227219,0.062277,2.000000
-1.154210,0.799447,0.827477,0.489721,0.420600,0.363270,0.655995,0.331668,3.000000
-1.154210,0.258199,0.474797,0.489721,0.466482,0.149270,0.432484,0.389139,3.000000
-1.154210,0.050027,0.021350,-0.347058,-0.121826,-0.060224,-0.069276,-0.171195,2.000000
-1.154210,1.423960,1.079390,0.848341,1.402470,0.984996,2.097410,1.085960,3.000000
-1.154210,0.841081,0.928243,0.967881,1.104750,1.286850,1.116700,0.945881,3.000000
0.053792,0.965985,0.827477,0.967881,1.083340,1.322890,1.518110,0.475344,2.000000
1.261790,-1.573720,-1.590910,-1.422920,-1.316800,-1.287910,-1.282620,-1.302640,1.000000
1.261790,-1.115740,-1.137460,-1.064300,-1.276010,-1.224830,-1.237010,-1.176920,1.000000
1.261790,-1.823520,-1.641290,-1.542460,-1.371850,-1.314940,-1.300870,-1.392440,1.000000
0.053792,0.882716,0.928243,0.370181,0.359425,0.034386,0.167920,0.870451,3.000000
1.261790,-0.990834,-1.187840,-1.183840,-1.113900,-1.114450,-0.963320,-1.130230,1.000000
1.261790,-2.697850,-2.648950,-2.140160,-1.616560,-1.562730,-1.574550,-1.636680,1.000000
1.261790,-0.532855,-0.633629,-0.825217,-0.843702,-0.776560,-0.853845,-0.925491,1.000000
-1.154210,0.216565,0.323648,0.489721,0.318641,0.473649,0.186166,0.223912,1.000000
0.053792,-1.199010,-1.036690,-0.825217,-1.116950,-1.148240,-1.086480,-1.069170,3.000000
0.053792,-0.199779,-0.280948,0.370181,-0.354295,-0.535529,-0.342963,-0.243033,3.000000
1.261790,-1.740250,-1.742050,-1.542460,-1.427930,-1.389270,-1.392100,-1.424760,1.000000
0.053792,1.007620,1.180160,1.206960,1.294400,1.361180,1.486180,1.409230,3.000000
0.053792,0.299834,0.374031,0.370181,0.806009,0.888133,1.294600,0.220320,2.000000
-1.154210,-2.073330,-2.044350,-1.662000,-1.498280,-1.468120,-1.465080,-1.482230,1.000000
0.053792,0.632909,0.575563,0.489721,0.620442,0.480407,0.984419,0.425058,3.000000
0.053792,1.132520,1.230540,1.087420,1.054790,0.840827,0.820207,1.703770,3.000000
1.261790,-0.782662,-0.684012,-0.347058,-0.906917,-0.999570,-1.091040,-0.666876,3.000000
0.053792,1.382330,1.381690,1.565580,2.251800,1.919840,2.266190,1.861810,3.000000
-1.154210,-1.573720,-1.490140,-1.542460,-1.241350,-1.233840,-1.282620,-1.105090,1.000000
0.053792,-1.282270,-1.137460,-0.944757,-1.142440,-1.094180,-1.136660,-1.115860,1.000000
-1.154210,0.841081,0.726711,0.967881,0.803970,0.926427,1.066530,0.708816,2.000000
1.261790,-0.741027,-0.835161,-0.705677,-0.941583,-0.900454,-0.917706,-0.961410,1.000000
0.053792,0.757812,0.676328,0.370181,0.404287,0.394807,0.633188,0.331668,2.000000
-1.154210,-0.699393,-0.432097,-0.347058,-0.637743,-0.648160,-0.607527,-0.602222,2.000000
-1.154210,0.258199,0.323648,0.250642,-0.150375,-0.235929,-0.256295,0.152074,3.000000
1.261790,-1.282270,-1.338990,-1.422920,-1.215860,-1.200050,-1.136660,-1.198470,1.000000
1.261790,-1.157370,-1.087080,-1.183840,-1.061900,-0.931991,-1.136660,-1.115860,1.000000
0.053792,0.216565,0.222882,0.011562,-0.037199,0.038892,-0.178751,0.259831,2.000000
1.261790,0.008393,-0.029033,0.250642,-0.068807,-0.233676,0.222657,0.116155,3.000000
1.261790,-1.448810,-1.590910,-0.944757,-0.871231,-0.841886,-1.072790,-0.814143,1.000000
0.053792,-0.574489,-0.532863,23.680500,-0.478686,-0.123298,-0.589281,-0.756673,1.000000
-1.154210,-0.574489,-0.684012,-0.107978,-0.747860,-0.864412,-0.206119,-0.853654,2.000000
0.053792,-0.491220,-0.583246,-0.586137,-0.831467,-0.913970,-0.817354,-0.749489,2.000000
-1.154210,0.549640,0.474797,0.489721,0.532756,0.633586,0.373185,0.381955,2.000000
-1.154210,0.965985,1.583220,2.163280,1.411650,1.282340,1.746180,1.200900,3.000000
0.053792,0.008393,0.071733,0.728801,0.007663,-0.377845,-0.110329,0.511263,3.000000
1.261790,-1.990060,-1.893200,-1.781540,-1.494210,-1.436580,-1.460520,-1.500190,1.000000
-1.154210,1.757040,1.633610,1.685120,2.868660,3.654360,2.576370,2.102470,2.000000
0.053792,1.257430,1.633610,2.043740,1.546240,1.710340,1.084770,1.409230,2.000000
-1.154210,0.091662,0.122116,-0.347058,-0.185041,-0.019677,0.081252,-0.426219,1.000000
1.261790,-0.199779,-0.280948,-0.107978,-0.478686,-0.292245,-0.698756,-0.591446,2.000000
1.261790,-1.157370,-1.137460,-1.303380,-1.173030,-1.155000,-1.122970,-1.105090,1.000000
-1.154210,0.716178,0.777094,0.728801,0.922243,1.070600,1.121260,0.654938,2.000000
0.053792,-0.033242,-0.079416,-0.227518,-0.416490,-0.650413,0.236341,-0.494465,3.000000
0.053792,0.466371,0.424414,2.282820,0.494012,-0.267466,0.231780,1.121880,3.000000
1.261790,0.091662,0.021350,-0.227518,-0.451156,-0.411634,-0.529982,-0.296911,2.000000
-1.154210,0.632909,0.424414,1.326500,1.042560,1.160700,1.321970,0.874043,2.000000
-1.154210,1.257430,1.029010,0.728801,1.423890,2.025710,1.253540,0.733960,3.000000
0.053792,0.133296,0.273265,0.848341,0.128995,-0.168350,-0.060153,0.690857,3.000000
1.261790,-0.699393,-0.835161,-1.183840,-0.976250,-0.952265,-1.036300,-0.961410,1.000000
1.261790,-0.699393,-0.885544,-0.825217,-0.899780,-0.828370,-0.972443,-0.853654,2.000000
0.053792,0.757812,0.928243,0.609261,0.709147,0.579522,0.578450,0.762695,3.000000
1.261790,-0.033242,-0.280948,-0.347058,-0.559234,-0.321529,-0.466122,-0.516016,1.000000
1.261790,0.091662,0.122116,0.131102,-0.285981,-0.389108,-0.265418,-0.013152,2.000000
-1.154210,-1.948430,-1.842820,-1.422920,-1.425890,-1.378010,-1.410340,-1.392440,2.000000
1.261790,0.258199,0.172499,-0.227518,-0.368569,-0.341802,-0.434192,-0.203522,1.000000
-1.154210,0.674544,0.827477,0.370181,0.661226,0.647101,0.637749,0.403506,3.000000
-1.154210,0.549640,0.625945,0.370181,0.703029,1.194490,0.478098,0.148482,2.000000
1.261790,-1.948430,-1.993970,-1.901080,-1.446280,-1.366750,-1.433150,-1.500190,1.000000
1.261790,-0.907565,-1.036690,-0.466597,-1.004800,-0.875675,-0.954197,-1.137410,1.000000
-1.154210,0.757812,0.978626,0.609261,0.689775,0.586280,1.048280,0.762695,2.000000
0.053792,0.799447,1.029010,1.565580,1.057850,0.532217,0.692487,1.732500,3.000000
-1.154210,0.841081,0.877860,0.848341,0.867185,1.000760,0.961612,0.572325,2.000000
1.261790,-0.074876,-0.079416,0.011562,-0.228884,-0.044456,-0.192435,-0.433403,1.000000
-1.154210,0.632909,0.424414,0.131102,0.098407,0.329481,-0.233488,0.008399,2.000000
-1.154210,0.341468,0.273265,1.087420,0.414483,-0.024182,0.218096,0.511263,3.000000
1.261790,-0.574489,-0.482480,-0.586137,-0.758056,-0.679697,-0.867530,-0.659692,2.000000
-1.154210,1.215790,1.129780,1.206960,1.651260,2.036970,1.718810,1.093150,2.000000
1.261790,0.341468,0.575563,0.250642,0.719343,0.998511,0.373185,0.507671,2.000000
-1.154210,1.548870,1.482460,1.326500,2.283410,2.640680,1.787230,1.840260,3.000000
-1.154210,1.757040,1.482460,1.924200,3.067480,3.965220,1.677760,2.734640,3.000000
0.053792,0.549640,0.474797,0.131102,0.477698,0.703417,0.583012,0.080237,1.000000
1.261790,-0.449586,-0.633629,-0.466597,-0.938525,-0.931991,-1.086480,-0.817735,1.000000
-1.154210,-0.199779,-0.079416,-0.227518,-0.116728,0.047902,-0.187873,-0.199931,1.000000
-1.154210,0.341468,0.374031,0.131102,0.197308,0.338491,0.286517,0.062277,2.000000
0.053792,0.216565,0.222882,-0.347058,0.192210,0.198828,-0.051030,0.317301,1.000000
-1.154210,0.216565,0.424414,0.250642,0.378797,0.214597,0.190727,0.349628,2.000000
1.261790,-0.366317,-0.180182,0.250642,-0.410372,-0.375592,-0.425069,-0.386709,3.000000
0.053792,0.008393,0.021350,0.250642,-0.246217,-0.384602,-0.269980,0.080237,3.000000
1.261790,-0.949199,-1.036690,-1.064300,-1.154680,-1.168520,-1.177710,-1.069170,1.000000
-1.154210,-1.157370,-0.986310,-0.944757,-1.109820,-1.139230,-0.963320,-0.997329,3.000000
1.261790,-2.947650,-3.052010,-2.498770,-1.620640,-1.564980,-1.569990,-1.679790,1.000000
-1.154210,0.050027,-0.029033,-0.347058,-0.361432,-0.395866,-0.183312,-0.379525,1.000000
-1.154210,1.049250,1.180160,1.087420,1.053770,1.021040,0.888629,1.060820,2.000000
-1.154210,0.632909,0.877860,1.087420,0.582717,0.658364,0.756347,0.920738,3.000000
0.053792,1.049250,1.079390,1.804660,1.364750,0.921922,1.299160,1.337400,3.000000
-1.154210,-0.241414,-0.129799,-0.347058,-0.585743,-0.549044,-0.420507,-0.602222,2.000000
-1.154210,1.049250,1.129780,0.848341,0.890635,1.151690,0.884067,0.698041,2.000000
1.261790,-0.449586,-0.633629,-0.586137,-0.693821,-0.715739,-0.662264,-0.523200,3.000000
1.261790,-0.824296,-0.835161,-0.944757,-0.878368,-1.085170,-1.059110,-1.036840,1.000000
-1.154210,0.799447,0.625945,0.250642,0.979341,1.025540,2.371100,0.619019,2.000000
1.261790,-0.699393,-0.684012,-0.466597,-0.796800,-0.666181,-0.890337,-0.853654,2.000000
0.053792,0.924350,0.978626,0.728801,1.195500,1.106640,1.061960,0.906370,3.000000
0.053792,0.383103,0.525180,-0.107978,0.307425,0.169544,0.655995,0.191585,2.000000
1.261790,0.216565,0.071733,0.250642,-0.075944,-0.026434,-0.041907,-0.020336,2.000000
-1.154210,-0.158145,-0.230565,0.131102,-0.308413,-0.555802,-0.014538,-0.278952,3.000000
-1.154210,0.258199,0.424414,0.848341,0.092290,-0.143571,0.195288,0.475344,2.000000
1.261790,-0.741027,-0.734395,-0.825217,-0.969113,-0.916223,-1.191390,-0.900348,1.000000
0.053792,-0.033242,-0.029033,0.011562,-0.022925,-0.359824,0.021953,0.152074,3.000000
1.261790,0.216565,0.323648,0.609261,0.064760,-0.213403,-0.105767,0.439425,3.000000
1.261790,-0.782662,-0.835161,-0.705677,-0.940564,-1.008580,-0.794546,-0.853654,3.000000
0.053792,1.215790,1.784750,0.489721,0.979341,0.834069,1.039160,1.251190,2.000000
0.053792,1.382330,1.532840,1.804660,1.815410,1.444530,1.080210,1.660670,3.000000
-1.154210,0.050027,0.071733,0.848341,-0.181982,-0.443171,-0.374893,0.184401,3.000000
0.053792,0.383103,0.374031,0.370181,-0.195237,-0.348560,-0.196996,-0.027520,3.000000
1.261790,-1.282270,-1.187840,-1.422920,-1.170990,-1.132470,-1.132090,-1.212840,1.000000
0.053792,0.216565,0.071733,-0.107978,-0.029043,0.304702,0.044761,-0.458546,1.000000
-1.154210,0.716178,0.676328,0.250642,0.638795,1.174220,0.514590,0.044318,2.000000
0.053792,-0.283048,-0.230565,0.250642,-0.086140,-0.533276,-0.370331,0.008399,3.000000
-1.154210,0.549640,0.575563,-0.107978,0.327817,0.288933,0.167920,0.295750,1.000000
-1.154210,1.465600,1.583220,0.848341,2.095800,2.185650,1.942320,2.163530,2.000000
1.261790,-0.449586,-0.432097,-0.944757,-0.851859,-0.830623,-0.867530,-0.745897,1.000000
0.053792,0.591275,0.525180,0.011562,0.358405,0.478154,0.263710,0.091012,2.000000
0.053792,0.882716,0.928243,0.848341,0.574560,0.484912,0.797400,0.647754,2.000000
1.261790,0.466371,0.122116,0.489721,-0.205433,-0.391360,0.085814,-0.350790,3.000000
-1.154210,0.424737,0.424414,0.370181,0.301307,0.611059,0.309325,-0.027520,2.000000
1.261790,-1.365540,-1.087080,-1.303380,-1.139390,-1.085170,-1.063670,-1.180520,1.000000
1.261790,-1.906790,-1.893200,-1.662000,-1.411620,-1.359990,-1.378410,-1.464270,1.000000
-1.154210,0.091662,0.122116,-0.227518,-0.047395,-0.262961,0.003707,0.295750,3.000000
-1.154210,-1.032470,-0.986310,-0.705677,-1.049660,-0.997317,-1.127530,-0.997329,3.000000
0.053792,0.216565,0.172499,0.131102,-0.064728,-0.280982,-0.279102,0.187993,2.000000
0.053792,1.881940,2.087050,1.565580,2.925750,2.079770,2.211450,3.499710,3.000000
0.053792,0.841081,0.978626,0.848341,0.655108,0.847585,0.687925,0.471752,3.000000
0.053792,0.674544,0.625945,0.489721,0.519502,0.816048,0.373185,0.259831,3.000000
0.053792,1.715400,1.532840,1.206960,2.271170,1.980660,3.091810,2.346720,3.000000
0.053792,0.632909,0.575563,0.250642,0.558246,0.838575,0.742662,0.080237,1.000000
1.261790,-0.574489,-0.381714,-0.705677,-0.641821,-0.544539,-0.520859,-0.810551,1.000000
0.053792,0.383103,0.575563,0.967881,0.950792,-0.091761,0.382308,1.445150,3.000000
-1.154210,-0.449586,-0.482480,-0.107978,-0.668331,-0.868917,-0.598404,-0.530384,2.000000
0.053792,-0.033242,-0.029033,0.011562,-0.279864,-0.375592,-0.397700,-0.171195,3.000000
1.261790,-0.949199,-0.986310,-1.183840,-1.009900,-0.882433,-1.091040,-1.061980,1.000000
-1.154210,-0.241414,-0.129799,-0.107978,-0.398137,-0.251697,-0.466122,-0.641732,1.000000
1.261790,0.299834,0.374031,0.609261,0.006643,-0.062477,-0.014538,0.288566,2.000000
-1.154210,1.257430,1.180160,0.848341,1.168990,0.556996,1.276350,1.624750,3.000000
1.261790,-0.616124,-0.583246,0.011562,-0.723389,-0.672939,-0.653141,-0.799775,3.000000
1.261790,-2.073330,-2.044350,-1.662000,-1.474830,0.611059,-1.474200,-1.489420,1.000000
0.053792,0.050027,-0.079416,0.609261,-0.115708,-0.332792,0.154235,-0.063439,3.000000
-1.154210,0.216565,0.273265,0.489721,0.157544,-0.078245,0.350378,0.403506,3.000000
1.261790,-0.366317,-0.583246,-0.107978,-0.575547,-0.386855,-0.739809,-0.580670,1.000000
-1.154210,1.132520,1.129780,1.206960,1.487100,1.782430,1.071090,1.157800,2.000000
-1.154210,-0.449586,-0.432097,-0.107978,-0.625508,-0.540034,-0.256295,-0.674059,2.000000
-1.154210,-1.781890,-1.742050,-1.901080,-1.445270,-1.432070,-1.346480,-1.428360,3.000000
0.053792,1.465600,1.180160,1.206960,1.575810,1.566170,1.682320,1.373320,2.000000
0.053792,-0.324683,-0.331331,0.131102,-0.489901,-0.544539,-0.593843,-0.350790,3.000000
1.261790,-1.573720,-1.590910,-1.542460,-1.310680,-1.193300,-1.300870,-1.396030,1.000000
1.261790,-0.616124,-0.432097,-0.347058,-0.747860,-0.657170,-0.748932,-0.771040,1.000000
-1.154210,0.799447,0.827477,0.728801,0.778480,0.716933,0.683364,0.690857,3.000000
-1.154210,-2.406400,-2.497800,-1.901080,-1.578830,-1.499650,-1.560870,-1.607950,1.000000
-1.154210,-1.157370,-1.238220,-0.825217,-1.097580,-1.071650,-1.022620,-1.087130,3.000000
1.261790,-0.990834,-0.986310,-1.183840,-1.053740,-0.997317,-1.100160,-1.090720,1.000000
-1.154210,1.174160,0.928243,0.848341,0.955890,1.117900,1.217050,0.547182,2.000000
-1.154210,0.841081,0.726711,0.489721,0.841695,1.343160,0.747224,0.284974,2.000000
-1.154210,1.132520,0.978626,0.609261,1.111890,1.034550,1.554600,0.762695,2.000000
1.261790,-0.824296,-0.835161,-0.586137,-0.938525,-0.889191,-0.858407,-0.965002,1.000000
-1.154210,-2.406400,-2.397030,-2.020620,-1.584950,-1.537950,-1.551750,-1.575620,1.000000
-1.154210,-0.158145,-0.029033,0.011562,0.094329,-0.418392,-0.060153,0.331668,3.000000
0.053792,1.007620,0.726711,0.728801,0.623501,0.759733,0.669679,0.475344,2.000000
0.053792,0.632909,0.676328,0.967881,0.679579,0.683143,0.792838,0.583100,3.000000
1.261790,-0.532855,-0.532863,-0.705677,-0.800879,-0.729255,-0.771739,-0.817735,1.000000
1.261790,-0.990834,-1.590910,-1.183840,-1.103700,-1.042370,-1.072790,-1.137410,1.000000
0.053792,-0.074876,0.172499,-0.107978,-0.238060,-0.418392,-0.183312,0.080237,3.000000
-1.154210,-1.448810,-1.439760,-0.705677,-1.085350,-1.004080,-1.072790,-1.105090,1.000000
1.261790,-2.031690,-2.094740,-1.781540,-1.507460,-1.456850,-1.478760,-1.500190,1.000000
-1.154210,0.341468,0.424414,0.489721,0.135113,0.250639,0.131428,0.051501,2.000000
-1.154210,1.132520,1.180160,1.446040,1.346400,1.113400,1.814600,1.308660,2.000000
0.053792,0.799447,0.726711,0.967881,0.800911,1.003020,0.811084,0.532814,3.000000
0.053792,-0.449586,-0.331331,-0.347058,-0.544960,-0.483718,-0.397700,-0.422627,2.000000
1.261790,-1.074100,-1.137460,-0.944757,-1.092480,-0.988307,-1.081920,-1.126640,1.000000
-1.154210,1.090890,1.180160,0.967881,1.168990,1.192240,1.030030,0.906370,3.000000
0.053792,1.132520,1.230540,0.728801,1.014010,0.719185,0.747224,1.445150,3.000000
-1.154210,0.091662,0.273265,0.250642,-0.227864,-0.053466,-0.329278,-0.322055,2.000000
1.261790,0.299834,0.374031,0.250642,-0.012729,0.041144,0.058445,-0.020336,2.000000
1.261790,0.424737,0.474797,0.370181,0.089231,-0.046708,0.263710,0.331668,1.000000
0.053792,-0.491220,-0.583246,-0.107978,-0.412412,-0.452181,-0.329278,-0.458546,1.000000
-1.154210,0.882716,0.827477,0.370181,0.816205,0.791269,0.998104,0.690857,3.000000
1.261790,-1.990060,-1.842820,-1.662000,-1.485030,-1.427570,-1.478760,-1.464270,1.000000
-1.154210,1.007620,1.129780,0.848341,1.646160,1.890550,1.472490,1.387680,3.000000
1.261790,-1.282270,-1.187840,-0.944757,-1.180170,-1.157250,-1.186830,-1.105090,2.000000
-1.154210,1.132520,1.180160,0.967881,1.323960,1.000760,1.828290,0.956657,2.000000
0.053792,0.841081,0.726711,0.370181,0.764205,1.023290,0.532836,0.572325,3.000000
-1.154210,0.757812,0.625945,0.370181,0.757068,0.671880,1.271790,0.381955,1.000000
-1.154210,0.050027,0.021350,0.011562,-0.301275,-0.224666,-0.356647,-0.397484,1.000000
1.261790,-0.907565,-0.835161,-0.944757,-1.009900,-0.968033,-0.995250,-1.033250,1.000000
0.053792,-0.199779,-0.331331,-0.586137,-0.477666,-0.785570,-0.297348,-0.350790,3.000000
1.261790,0.549640,0.424414,0.131102,0.394091,0.309207,0.797400,0.187993,2.000000
-1.154210,0.258199,0.374031,-0.107978,0.014800,-0.105277,-0.165066,0.259831,3.000000
-1.154210,0.424737,0.374031,0.489721,0.020918,0.185313,0.158797,0.001215,2.000000
-1.154210,0.341468,0.474797,0.250642,0.266641,0.437607,0.537397,-0.063439,2.000000
0.053792,0.383103,0.575563,0.967881,0.348209,0.205586,0.879506,0.403506,3.000000
0.053792,0.216565,0.323648,-0.107978,0.030094,0.336239,0.172481,-0.386709,1.000000
0.053792,0.508006,0.424414,0.489721,0.506247,0.631333,0.975296,0.080237,2.000000
-1.154210,0.799447,0.978626,1.087420,1.424910,1.489580,1.709690,0.798614,3.000000
-1.154210,0.924350,1.079390,0.609261,0.816205,0.658364,1.066530,0.823757,2.000000
1.261790,-2.239870,-2.145120,-1.662000,-1.540090,-1.504160,-1.465080,-1.536110,1.000000
-1.154210,0.216565,0.222882,0.489721,0.205465,-0.190876,-0.064714,0.834532,3.000000
1.261790,-1.365540,-1.590910,-0.586137,-0.741742,-0.672939,-0.685072,-0.796183,1.000000
-1.154210,1.299060,1.129780,0.848341,1.456510,1.771160,1.554600,0.971024,3.000000
-1.154210,-0.074876,-0.029033,-0.227518,-0.217668,-0.177361,-0.452438,-0.207114,2.000000
0.053792,1.798670,1.683990,1.924200,2.412900,2.397390,3.155670,1.667850,3.000000
0.053792,1.423960,1.432070,0.370181,2.081530,1.836490,2.384780,1.283520,2.000000
1.261790,-0.616124,-0.684012,-1.064300,-1.028250,-0.995065,-1.063670,-0.961410,1.000000
-1.154210,1.215790,1.029010,0.967881,1.735880,2.552820,1.066530,1.111110,3.000000
-1.154210,-0.199779,-0.180182,-0.107978,-0.345118,-0.202140,-0.247172,-0.591446,1.000000
0.053792,0.924350,0.978626,0.370181,0.939576,1.057080,1.217050,0.762695,3.000000
0.053792,0.799447,0.625945,2.043740,0.583736,0.083944,0.309325,0.870451,3.000000
0.053792,0.716178,0.625945,0.489721,0.383895,0.300197,0.409677,0.583100,3.000000
0.053792,0.549640,0.525180,0.489721,0.372679,0.385796,0.738101,0.126931,1.000000
-1.154210,-0.199779,-0.079416,-0.347058,-0.471548,-0.402623,-0.484368,-0.523200,2.000000
-1.154210,0.716178,0.928243,2.402360,1.658390,0.777754,1.404070,3.241100,3.000000
-1.154210,2.048480,1.986290,0.848341,2.491410,1.987420,3.151110,0.834532,3.000000
-1.154210,-0.116511,0.071733,0.011562,-0.020886,-0.256203,0.318448,-0.027520,3.000000
-1.154210,1.382330,1.331310,1.087420,1.797060,1.861270,1.869340,1.391270,1.000000
0.053792,0.466371,0.676328,0.370181,0.296209,0.320470,0.450730,0.331668,2.000000
0.053792,0.716178,0.777094,0.250642,0.839656,1.095370,1.011790,0.500487,3.000000
0.053792,0.799447,0.625945,1.446040,0.809068,0.097460,0.815646,1.409230,3.000000
0.053792,1.007620,1.129780,1.685120,1.477920,1.156200,1.686880,1.689400,3.000000
-1.154210,0.174930,0.172499,-0.107978,0.032133,0.061418,0.268272,-0.027520,2.000000
0.053792,0.965985,0.928243,0.728801,1.404510,1.503100,1.326530,1.222460,3.000000
0.053792,0.674544,0.726711,0.848341,0.692833,0.550238,0.455291,0.841716,2.000000
-1.154210,1.507230,1.432070,1.685120,1.243420,1.331900,1.321970,1.603200,3.000000
1.261790,-2.781110,-2.699330,-2.618310,-1.625730,-1.562730,-1.601920,-1.640280,1.000000
1.261790,-0.782662,-0.784778,-0.944757,-0.774369,-0.474708,-0.894898,-1.018880,1.000000
-1.154210,1.007620,1.079390,2.402360,1.453450,0.502933,1.718810,2.127610,3.000000
1.261790,-1.157370,-1.087080,-1.183840,-1.186290,-1.067150,-1.246130,-1.230800,1.000000
1.261790,-0.699393,-0.784778,-0.705677,-0.915074,-0.731507,-0.926828,-1.069170,1.000000
0.053792,0.799447,0.726711,0.848341,0.431816,0.471396,0.382308,0.439425,2.000000
-1.154210,-1.615350,-1.590910,-1.183840,-1.288250,-1.236100,-1.273500,-1.281090,2.000000
0.053792,1.090890,0.928243,0.011562,0.696912,0.816048,1.248980,0.331668,3.000000
0.053792,-0.074876,0.172499,0.011562,-0.127944,-0.249445,-0.073837,0.116155,3.000000
0.053792,0.632909,0.726711,0.250642,0.408365,0.221355,0.820207,0.403506,3.000000
0.053792,1.548870,1.230540,1.326500,2.132510,1.424260,2.060920,3.208770,3.000000
1.261790,-0.532855,-0.432097,-0.705677,-0.773350,-0.828370,-0.717002,-0.638140,1.000000
0.053792,1.007620,0.928243,0.967881,0.917145,0.789017,1.084770,0.762695,3.000000
1.261790,-1.157370,-1.087080,-0.944757,-1.099620,-1.071650,-1.072790,-1.069170,1.000000
-1.154210,0.632909,0.676328,0.370181,0.631657,0.642596,0.446168,0.511263,2.000000
-1.154210,0.757812,0.877860,1.446040,0.969145,0.991753,1.194250,0.949473,3.000000
-1.154210,-0.033242,0.122116,0.489721,-0.170767,-0.470202,-0.215242,0.356812,3.000000
-1.154210,1.174160,1.331310,0.848341,1.056830,0.613312,0.669679,1.265560,3.000000
1.261790,-1.365540,-1.389370,-1.183840,-1.216880,-1.078410,-1.250690,-1.313410,1.000000
0.053792,-1.074100,-1.087080,-0.825217,-1.001740,-0.972538,-0.958759,-1.011700,3.000000
0.053792,0.924350,0.978626,0.131102,0.623501,0.656112,0.774593,0.547182,2.000000
1.261790,-2.073330,-2.094740,-1.781540,-1.502360,-1.445590,-1.433150,-1.521740,1.000000
-1.154210,0.133296,0.273265,0.011562,-0.192178,-0.132308,-0.192435,-0.185563,2.000000
0.053792,0.965985,1.029010,1.446040,1.145540,1.129160,1.376700,1.229640,3.000000
-1.154210,1.174160,1.280920,1.326500,1.584980,0.973732,1.892150,1.732500,3.000000
1.261790,-1.573720,-1.490140,-1.183840,-1.315780,-1.267630,-1.428590,-1.248760,3.000000
-1.154210,-3.072560,-2.951250,-2.737850,-1.641030,-1.578500,-1.601920,-1.661830,1.000000
-1.154210,0.050027,0.071733,0.011562,-0.213590,-0.220161,-0.119452,-0.243033,2.000000
0.053792,-0.574489,-0.532863,-0.466597,-0.773350,-0.821612,-0.698756,-0.638140,2.000000
1.261790,-0.990834,-1.036690,-1.183840,-1.113900,-1.105440,-1.122970,-1.033250,1.000000
0.053792,-2.073330,-2.145120,-1.662000,-1.526830,-1.479380,-1.451400,-1.536110,1.000000
0.053792,0.716178,0.777094,0.728801,0.554168,0.689901,0.441607,0.475344,3.000000
1.261790,-0.990834,-1.087080,-1.183840,-1.141420,-1.155000,-1.036300,-0.925491,1.000000
1.261790,-2.323140,-2.044350,-1.901080,-1.533970,-1.465860,-1.519820,-1.561250,1.000000
-1.154210,0.882716,0.978626,0.728801,0.535815,0.460133,0.779154,0.439425,2.000000
-1.154210,0.841081,0.625945,0.848341,0.714245,1.106640,0.706171,0.231096,2.000000
0.053792,0.716178,0.877860,1.206960,0.783578,0.471396,1.144070,0.906370,3.000000
0.053792,0.674544,0.424414,0.609261,0.802950,-0.010666,0.195288,1.050050,3.000000
1.261790,-1.615350,-1.540520,-1.422920,-1.271930,-1.215820,-1.287180,-1.320600,1.000000
1.261790,-2.239870,-2.245880,-1.662000,-1.537030,-1.492900,-1.483330,-1.536110,1.000000
1.261790,0.050027,0.222882,-0.107978,-0.414451,-0.515255,-0.320156,-0.181971,2.000000
-1.154210,-1.199010,-1.238220,-0.944757,-1.146520,-1.100940,-1.091040,-1.176920,3.000000
1.261790,-0.907565,-0.835161,-0.944757,-1.051700,-0.992812,-1.077360,-1.022470,1.000000
1.261790,-2.406400,-2.397030,-1.781540,-1.562520,-1.515420,-1.519820,-1.557660,1.000000
1.261790,-1.490450,-1.238220,-0.944757,-1.236250,-1.229340,-1.118410,-1.176920,1.000000
1.261790,-0.741027,-0.633629,-0.586137,-0.837584,-0.618876,-0.977004,-0.954226,1.000000
1.261790,-1.157370,-1.187840,-1.422920,-1.183230,-1.069400,-1.195950,-1.248760,1.000000
1.261790,1.132520,1.180160,0.967881,1.763410,1.095370,2.006180,1.301480,3.000000
1.261790,-0.199779,-0.230565,-0.466597,-0.548018,-0.341802,-0.707879,-0.745897,1.000000
1.261790,-3.738710,-3.555840,-3.096470,-1.685890,-1.614540,-1.642980,-1.704930,1.000000
-1.154210,0.050027,0.222882,-0.107978,0.102486,-0.357571,0.327570,0.080237,2.000000
1.261790,-2.656210,-2.548180,-2.259700,-1.589030,-1.513170,-1.547190,-1.615130,1.000000
0.053792,1.673770,1.532840,1.087420,1.964270,2.314050,1.700570,1.409230,3.000000
0.053792,1.257430,1.180160,0.370181,1.324980,1.210260,1.458810,1.301480,2.000000
-1.154210,0.424737,0.575563,0.250642,0.512364,1.061580,0.236341,-0.005969,2.000000
0.053792,1.590500,1.583220,0.967881,1.960190,2.183390,1.577410,2.152750,2.000000
0.053792,0.674544,0.777094,0.609261,0.250327,0.424091,0.113182,0.270606,3.000000
0.053792,1.507230,1.532840,1.565580,3.165360,2.847920,2.918470,2.766970,2.000000
1.261790,-0.366317,-0.381714,-0.347058,-0.581665,-0.519760,-0.726125,-0.530384,2.000000
1.261790,0.674544,0.625945,0.011562,0.224837,-0.094013,0.186166,0.583100,3.000000
0.053792,0.632909,0.676328,0.967881,0.717304,0.338491,0.610380,1.337400,3.000000
-1.154210,0.882716,0.777094,0.489721,0.844754,1.187730,0.861260,0.439425,2.000000
-1.154210,0.799447,0.726711,0.370181,0.870243,0.755227,1.764430,0.565141,3.000000
1.261790,-1.573720,-1.590910,-1.422920,-1.349420,-1.314940,-1.351040,-1.302640,1.000000
1.261790,0.174930,0.222882,0.011562,-0.289040,-0.440918,-0.365770,0.080237,2.000000
0.053792,1.881940,1.633610,1.685120,2.869680,3.377290,3.091810,2.199450,3.000000
-1.154210,0.799447,0.525180,0.489721,0.248288,0.595291,0.177043,-0.077806,2.000000
-1.154210,1.090890,1.129780,0.967881,1.352510,1.617980,1.636710,0.834532,3.000000
0.053792,-0.699393,-0.583246,-0.347058,-0.867153,-0.830623,-1.072790,-0.789000,2.000000
0.053792,1.049250,1.381690,0.609261,1.503410,1.374700,1.504420,1.265560,3.000000
1.261790,0.133296,0.172499,0.011562,-0.176884,-0.177361,-0.374893,0.080237,2.000000
0.053792,-1.032470,-0.885544,-0.705677,-0.970132,-0.986054,-0.748932,-0.997329,1.000000
1.261790,-0.407952,-0.432097,-0.944757,-1.421810,-0.706728,-0.849284,-0.832102,1.000000
1.261790,-0.116511,-0.280948,-0.586137,-0.638763,-0.650413,-0.612088,-0.523200,1.000000
1.261790,-0.407952,-0.583246,-0.347058,-0.828408,-0.760791,-0.926828,-0.742305,2.000000
-1.154210,0.050027,0.273265,0.489721,0.110642,-0.195382,-0.151382,0.690857,3.000000
-1.154210,0.216565,0.273265,0.131102,0.029075,-0.141319,0.099498,0.116155,3.000000
-1.154210,0.216565,0.122116,0.489721,1.043580,1.230530,1.189680,0.755511,2.000000
1.261790,-1.365540,-1.389370,-1.303380,-1.290290,-1.224830,-1.328240,-1.255940,1.000000
1.261790,-0.574489,-0.784778,-0.944757,-0.931387,-0.006161,-0.940513,-0.925491,1.000000
-1.154210,1.174160,1.129780,0.848341,1.108830,1.111140,1.271790,1.121880,3.000000
1.261790,-2.281500,-2.245880,-1.781540,-1.545190,-1.497400,-1.478760,-1.554070,1.000000
0.053792,0.591275,0.777094,0.131102,0.862087,0.649354,1.020910,0.654938,3.000000
0.053792,1.215790,1.079390,0.728801,1.218950,1.356680,1.449690,0.942289,3.000000
1.261790,-0.199779,-0.180182,-0.466597,-0.475627,-0.513002,-0.306471,-0.472914,1.000000
1.261790,-0.865930,-0.986310,-1.064300,-1.121030,-1.053630,-1.182270,-1.083530,1.000000
0.053792,1.632140,1.180160,0.967881,1.256670,1.223770,1.285480,1.409230,1.000000
1.261790,-2.073330,-2.094740,-1.542460,-1.514600,-1.481630,-1.474200,-1.500190,1.000000
-1.154210,0.591275,0.726711,0.609261,0.883498,0.559249,0.934243,1.229640,3.000000
-1.154210,0.799447,1.029010,0.848341,1.603330,0.680891,0.104059,3.133340,3.000000
1.261790,-1.157370,-1.288610,-0.944757,-1.128170,-1.031110,-1.091040,-1.194880,1.000000
-1.154210,-0.949199,-0.835161,-0.944757,-0.965034,-0.961275,-0.990689,-0.961410,2.000000
0.053792,1.798670,1.935900,1.326500,2.335410,1.075100,2.079170,3.384770,3.000000
-1.154210,0.424737,0.374031,0.728801,0.395110,0.854343,0.336693,-0.077806,2.000000
1.261790,-1.157370,-1.238220,-1.303380,-1.192400,-1.071650,-1.241570,-1.227210,1.000000
1.261790,-0.283048,-0.331331,-0.586137,-0.554136,-0.594097,-0.429630,-0.447771,1.000000
-1.154210,0.757812,0.827477,0.728801,0.644912,0.595291,0.250026,0.748327,3.000000
1.261790,-1.115740,-1.288610,-1.183840,-1.251540,-1.238350,-1.337360,-1.148190,1.000000
0.053792,0.965985,0.777094,0.131102,0.621461,0.870111,0.637749,0.450201,3.000000
0.053792,0.591275,0.676328,0.728801,0.852910,0.543480,0.405115,1.337400,3.000000
-1.154210,0.383103,0.323648,0.131102,0.107584,0.005102,0.135990,0.249055,2.000000
-1.154210,-0.824296,-0.684012,-0.466597,-0.898760,-0.947759,-0.853845,-0.817735,2.000000
1.261790,-0.324683,-0.331331,-0.347058,-0.543940,-0.490476,-0.420507,-0.620181,1.000000
1.261790,0.716178,0.676328,0.728801,0.427738,0.379039,0.551082,0.583100,3.000000
-1.154210,0.674544,0.374031,0.011562,0.312523,0.315965,0.254587,0.403506,3.000000
0.053792,0.591275,0.575563,0.250642,0.505227,0.593038,0.359501,0.346036,2.000000
1.261790,0.424737,0.172499,-0.107978,-0.065748,0.020871,0.140551,0.001215,2.000000
1.261790,-0.824296,-0.885544,-0.944757,-1.066990,-1.051380,-1.100160,-0.954226,1.000000
-1.154210,0.383103,0.424414,0.370181,0.746872,0.915164,0.692487,0.403506,2.000000
0.053792,1.132520,1.583220,1.326500,1.900040,1.498590,1.331090,1.876180,3.000000
-1.154210,1.215790,1.029010,0.848341,1.422870,1.313880,2.434960,0.762695,2.000000
1.261790,-1.615350,-1.490140,-1.303380,-1.289270,-1.206810,-1.259810,-1.320600,1.000000
-1.154210,-2.614580,-2.598570,-2.140160,-1.611460,-1.549210,-1.569990,-1.643870,1.000000
1.261790,-2.073330,-2.346650,-1.183840,-1.217890,-1.186540,-1.127530,-1.209250,1.000000
1.261790,-0.033242,-0.079416,0.011562,-0.421588,-0.366581,-0.320156,-0.501649,1.000000
0.053792,1.423960,1.230540,1.446040,2.485290,1.759900,2.179520,2.662800,3.000000
0.053792,-0.574489,-0.583246,0.011562,-0.522528,-0.733760,-0.438753,-0.458546,2.000000
1.261790,-1.573720,-1.540520,-1.422920,-1.347380,-1.263130,-1.323670,-1.356520,1.000000
1.261790,-0.241414,-0.180182,-0.347058,-0.332883,-0.339550,-0.169628,-0.278952,3.000000
-1.154210,0.632909,0.625945,0.848341,0.563344,0.572765,0.605819,0.547182,3.000000
-1.154210,1.215790,1.331310,0.848341,1.332120,1.710340,1.020910,0.906370,2.000000
1.261790,-0.699393,-0.532863,-0.466597,-0.680566,-0.578328,-0.644019,-0.817735,1.000000
1.261790,-0.657758,-0.835161,-0.944757,-0.919152,-0.810349,-0.735248,-1.076350,1.000000
-1.154210,-1.323910,-1.137460,-1.422920,-1.168950,-1.182030,-1.255250,-0.997329,1.000000
-1.154210,0.216565,0.323648,0.489721,0.330876,-0.051214,-0.114890,0.978208,3.000000
0.053792,0.050027,0.172499,-0.227518,-0.227864,-0.666181,-0.133136,0.116155,3.000000
-1.154210,0.882716,0.777094,0.967881,0.845773,0.712428,1.162320,0.942289,3.000000
-1.154210,0.549640,0.625945,0.131102,0.193230,0.428596,-0.069276,0.108972,2.000000
1.261790,-0.574489,-0.381714,-0.347058,-0.806996,-0.713486,-0.493491,-0.674059,2.000000
1.261790,-1.240640,-1.087080,-1.542460,-1.396320,-1.353230,-1.373850,-1.399620,1.000000
1.261790,-0.907565,-0.986310,-1.183840,-1.115930,-1.058140,-1.086480,-1.105090,1.000000
1.261790,-0.241414,-0.079416,0.131102,-0.511313,-0.472455,-0.456999,-0.533976,1.000000
-1.154210,-1.407180,-1.439760,-1.303380,-1.280090,-1.308180,-1.164020,-1.216430,1.000000
0.053792,-0.616124,-0.583246,-0.107978,-0.548018,-0.578328,-0.397700,-0.674059,3.000000
1.261790,0.258199,0.172499,0.967881,0.094329,0.045650,0.181604,0.116155,3.000000
-1.154210,0.508006,0.424414,0.848341,0.609226,0.599796,0.742662,0.690857,3.000000
-1.154210,0.841081,0.726711,1.087420,0.770323,1.025540,0.998104,0.338852,1.000000
-1.154210,0.757812,0.877860,0.370181,0.933459,0.340744,1.025470,0.615427,3.000000
0.053792,0.299834,0.323648,0.370181,-0.383863,-0.105277,-0.037346,0.044318,1.000000
1.261790,-2.114960,-2.094740,-1.662000,-1.486050,-1.465860,-1.424030,-1.464270,1.000000
0.053792,1.090890,1.079390,0.370181,0.979341,0.741712,1.508990,1.050050,3.000000
0.053792,-0.366317,-0.432097,-0.107978,-0.385902,-0.292245,-0.616650,-0.458546,1.000000
-1.154210,0.632909,0.877860,0.848341,0.962007,1.171960,0.943366,0.644163,3.000000
0.053792,0.924350,0.928243,1.206960,0.940596,1.052570,1.130390,0.812981,1.000000
-1.154210,1.423960,1.734370,1.446040,2.183490,1.422010,2.713210,2.088100,3.000000
-1.154210,-0.283048,-0.230565,-0.347058,-0.366530,-0.177361,-0.516298,-0.498057,1.000000
0.053792,-0.074876,-0.079416,0.728801,-0.066768,-0.456687,-0.046469,0.295750,3.000000
0.053792,0.965985,0.676328,1.206960,0.657147,0.347502,0.915998,1.017720,3.000000
1.261790,-0.158145,-0.079416,0.131102,-0.253354,-0.114287,-0.347524,-0.228666,1.000000
1.261790,-2.323140,-2.145120,-1.901080,-1.496250,-1.418560,-1.424030,-1.528930,1.000000
-1.154210,0.050027,-0.029033,-0.227518,-0.185041,-0.337297,-0.096644,-0.329238,2.000000
-1.154210,0.716178,0.625945,0.848341,0.785617,0.775501,0.938805,0.619019,2.000000
1.261790,-2.031690,-1.993970,-2.020620,-1.473810,-1.432070,-1.405780,-1.493010,1.000000
0.053792,0.674544,0.877860,0.728801,0.535815,0.347502,0.829330,0.690857,3.000000
0.053792,0.841081,0.827477,1.206960,1.779730,1.744130,2.097410,1.053640,3.000000
0.053792,-0.033242,-0.079416,-0.466597,-0.361432,-0.443171,0.190727,-0.530384,3.000000
1.261790,-1.698620,-1.742050,-1.422920,-1.387150,-1.330710,-1.364730,-1.392440,1.000000
0.053792,1.632140,1.683990,1.326500,2.695330,3.221860,1.837410,2.486800,2.000000
-1.154210,1.174160,1.280920,2.043740,2.762620,1.775670,1.919520,4.641930,3.000000
-1.154210,-0.241414,-0.230565,-0.107978,-0.244178,-0.668434,-0.393139,0.166442,3.000000
-1.154210,0.799447,0.726711,0.609261,0.523580,0.547986,0.701609,0.475344,2.000000
1.261790,0.299834,0.172499,0.131102,-0.287001,-0.224666,-0.456999,-0.160420,2.000000
0.053792,-1.240640,-1.389370,-0.107978,-0.472568,-0.393613,-0.452438,-0.512425,1.000000
1.261790,-0.990834,-1.087080,-1.303380,-1.071070,-0.943254,-1.186830,-1.083530,1.000000
-1.154210,-2.906020,-2.749710,-2.379240,-1.627770,-1.569480,-1.579120,-1.643870,1.000000
1.261790,-0.782662,-0.684012,-3.335550,-0.817192,-0.688707,-0.862968,-0.889572,1.000000
1.261790,-2.572940,-2.397030,-2.020620,-1.566600,-1.526680,-1.519820,-1.572030,1.000000
-1.154210,1.299060,1.079390,0.728801,1.596200,2.172130,1.144070,1.121880,3.000000
-1.154210,-0.116511,0.021350,0.131102,-0.066768,0.122239,0.008269,-0.311279,1.000000
-1.154210,1.423960,1.180160,0.848341,1.862310,1.516620,1.901270,1.912100,3.000000
1.261790,-0.033242,0.172499,0.728801,-0.302295,-0.357571,-0.060153,-0.314871,2.000000
0.053792,0.466371,0.172499,0.250642,0.031114,0.023123,0.040199,0.227504,2.000000
0.053792,0.008393,-0.079416,-0.227518,-0.263550,-0.215655,-0.452438,-0.113725,2.000000
0.053792,0.716178,0.777094,1.685120,1.051730,0.791269,0.364062,1.983940,3.000000
1.261790,-0.199779,-0.432097,-0.347058,-0.613273,-0.587339,-0.707879,-0.533976,2.000000
-1.154210,0.841081,0.726711,0.848341,0.481776,0.572765,0.715294,0.331668,2.000000
0.053792,1.132520,0.978626,1.087420,1.425920,1.489580,1.112140,1.452340,3.000000
-1.154210,0.008393,-0.230565,-0.944757,-0.646919,-0.510750,-0.730686,-0.670467,1.000000
1.261790,-1.032470,-0.986310,-0.944757,-1.103700,-1.103190,-1.068230,-1.033250,2.000000
1.261790,-2.073330,-2.044350,-1.422920,-1.494210,-1.456850,-1.478760,-1.500190,1.000000
0.053792,-0.824296,-0.633629,-0.705677,-0.942603,-1.055890,-0.908583,-0.875205,3.000000
1.261790,0.174930,0.122116,-0.347058,-0.227864,-0.006161,-0.625773,-0.135277,1.000000
1.261790,-0.949199,-0.835161,-0.705677,-1.025190,-1.022100,-0.963320,-0.990145,1.000000
-1.154210,0.841081,0.625945,0.131102,1.951020,1.422010,0.605819,0.615427,3.000000
-1.154210,0.882716,0.978626,0.609261,0.879420,0.419586,0.865822,1.200900,3.000000
1.261790,0.299834,0.172499,0.011562,0.180995,0.185313,0.154235,0.152074,2.000000
-1.154210,0.632909,0.676328,0.728801,0.617383,0.669628,0.833892,0.504079,2.000000
1.261790,-0.532855,-0.482480,-0.825217,-0.739703,-0.616623,-0.744370,-0.925491,1.000000
0.053792,0.508006,0.525180,0.250642,0.356366,0.647101,0.272833,0.091012,3.000000
1.261790,-0.366317,-0.532863,-0.347058,-0.682605,-0.544539,-0.885775,-0.638140,2.000000
1.261790,0.757812,0.525180,1.206960,0.483816,0.333986,0.414238,0.654938,3.000000
1.261790,-0.033242,0.071733,0.011562,-0.389981,-0.231424,-0.429630,-0.508833,2.000000
1.261790,-0.033242,-0.129799,-0.347058,-0.506215,-0.517507,-0.315594,-0.530384,2.000000
1.261790,0.216565,0.172499,-0.107978,-0.352255,-0.461192,-0.096644,-0.257401,2.000000
-1.154210,0.549640,0.525180,-0.227518,0.557227,0.430849,0.227219,0.654938,3.000000
1.261790,-0.741027,-0.885544,-1.422920,-1.011940,-0.950012,-1.068230,-0.961410,2.000000
-1.154210,1.673770,0.978626,1.087420,2.343560,3.003350,2.234260,1.520580,3.000000
1.261790,-0.865930,-1.036690,-0.705677,-1.118990,-1.195550,-0.931390,-1.029660,2.000000
1.261790,-0.033242,-0.280948,0.011562,-0.619390,-0.819360,-0.598404,-0.386709,3.000000
-1.154210,-0.074876,0.172499,0.131102,0.219740,0.620070,0.003707,-0.146052,1.000000
-1.154210,-1.990060,-1.943590,-1.542460,-1.473810,-1.432070,-1.437710,-1.464270,1.000000
0.053792,0.133296,0.122116,0.011562,-0.048415,0.043397,-0.073837,-0.207114,3.000000
-1.154210,1.673770,1.633610,1.206960,3.062380,4.026040,3.287950,2.019850,2.000000
-1.154210,-0.616124,-0.583246,-0.944757,-0.940564,-0.959023,-0.721563,-0.853654,2.000000
1.261790,-1.532080,-1.439760,-1.422920,-1.279070,-1.213570,-1.214200,-1.320600,1.000000
1.261790,0.008393,-0.029033,-0.347058,-0.350216,-0.274224,-0.274541,-0.508833,2.000000
1.261790,-1.781890,-1.943590,-1.542460,-1.429970,-1.364500,-1.396660,-1.457090,1.000000
1.261790,-1.240640,-1.187840,0.011562,-1.078210,-0.988307,-1.077360,-1.123040,1.000000
-1.154210,0.632909,0.877860,1.326500,0.466482,0.110976,0.085814,0.978208,3.000000
1.261790,-1.323910,-1.338990,-0.107978,-1.200560,-1.132470,-1.241570,-1.187700,1.000000
-1.154210,0.299834,0.424414,0.131102,0.217700,0.295691,-0.146820,0.241871,3.000000
0.053792,-0.532855,-0.432097,-0.347058,-0.714213,-0.690960,-0.694194,-0.702794,1.000000
-1.154210,0.632909,0.726711,-1.183840,0.451188,0.439859,0.801961,0.295750,1.000000
0.053792,0.299834,0.374031,1.326500,0.310484,-0.244939,0.400554,0.690857,3.000000
-1.154210,0.841081,0.827477,0.609261,0.723421,0.710175,0.519151,1.085960,3.000000
1.261790,-0.865930,-0.885544,-0.705677,-1.059860,-1.100940,-1.059110,-1.036840,1.000000
1.261790,-0.657758,-0.633629,-0.466597,-0.867153,-0.857654,-0.894898,-0.781816,1.000000
-1.154210,-1.573720,-1.742050,-1.303380,-1.374910,-1.321700,-1.332800,-1.392440,1.000000
-1.154210,-1.490450,-1.540520,-1.183840,-1.281110,-1.195550,-1.378410,-1.263130,2.000000
0.053792,0.841081,0.827477,1.446040,1.129220,1.036810,0.952489,1.021310,3.000000
0.053792,0.549640,0.474797,0.609261,0.677539,0.092955,0.592135,0.295750,3.000000
0.053792,0.632909,0.726711,0.728801,0.463424,0.442112,0.573889,0.536406,2.000000
-1.154210,0.133296,0.273265,0.967881,0.341072,0.108723,0.414238,0.619019,3.000000
0.053792,-1.115740,-1.187840,-0.347058,-1.066990,-1.073910,-0.899460,-1.069170,1.000000
-1.154210,1.007620,0.928243,0.848341,1.039500,1.232780,1.080210,0.791430,3.000000
0.053792,0.299834,0.273265,-0.347058,0.099427,-0.112034,0.309325,0.367587,3.000000
1.261790,0.757812,0.827477,0.370181,0.325778,0.248386,0.131428,0.762695,3.000000
-1.154210,0.549640,0.424414,1.087420,0.926321,0.511944,0.870383,1.337400,3.000000
0.053792,0.632909,0.676328,0.250642,0.364523,0.374533,0.368624,0.295750,3.000000
0.053792,0.258199,0.172499,0.011562,0.273778,0.363270,0.395992,0.008399,1.000000
0.053792,1.382330,1.180160,1.206960,1.352510,1.275580,1.914960,1.301480,3.000000
1.261790,-0.449586,-0.532863,-0.466597,-0.687703,-0.823865,-0.621211,-0.763856,2.000000
1.261790,-0.907565,-0.784778,-1.183840,-0.956877,-0.853149,-0.908583,-1.069170,1.000000
-1.154210,0.716178,0.827477,0.250642,0.559266,0.295691,0.199850,0.870451,3.000000
-1.154210,0.632909,0.575563,0.609261,0.426718,0.622322,0.364062,0.087420,2.000000
-1.154210,0.632909,0.525180,0.728801,0.717304,0.435354,1.426880,0.647754,3.000000
-1.154210,0.799447,0.625945,-0.107978,0.388993,0.775501,0.181604,0.062277,1.000000
1.261790,0.924350,0.978626,1.206960,1.025220,0.996259,0.651433,1.409230,3.000000
-1.154210,-0.366317,-0.280948,-0.227518,-0.430764,-0.267466,-0.352086,-0.458546,3.000000
0.053792,0.299834,0.222882,0.250642,0.093309,0.421838,-0.178751,-0.135277,1.000000
1.261790,0.466371,0.525180,0.011562,0.001545,0.144765,-0.142259,-0.005969,2.000000
-1.154210,-0.033242,-0.129799,-0.347058,-0.035160,0.198828,-0.133136,-0.278952,1.000000
-1.154210,0.591275,0.827477,1.087420,0.726480,0.552491,0.190727,0.877635,2.000000
0.053792,0.882716,0.877860,0.131102,0.648991,0.838575,0.779154,0.356812,2.000000
0.053792,0.174930,0.273265,0.250642,-0.292099,-0.310266,-0.324717,-0.099358,2.000000
-1.154210,0.549640,0.827477,-0.107978,0.365542,0.282176,0.400554,0.331668,3.000000
1.261790,0.424737,0.474797,0.489721,0.327817,0.611059,0.131428,0.051501,2.000000
-1.154210,-0.074876,-0.180182,0.011562,-0.307393,-0.082750,-0.438753,-0.860837,1.000000
0.053792,0.008393,0.021350,-0.107978,-0.077983,0.212344,0.158797,-0.444179,1.000000
-1.154210,-0.824296,-1.036690,-0.705677,-0.957897,-0.839633,-0.849284,-1.015290,2.000000
-1.154210,-1.573720,-1.439760,-0.825217,-1.237270,-1.197800,-1.136660,-1.176920,1.000000
1.261790,0.258199,0.273265,0.011562,-0.129983,0.158281,-0.279102,-0.235849,1.000000
1.261790,-0.865930,-0.885544,-0.705677,-0.950760,-0.835128,-1.068230,-0.961410,1.000000
1.261790,-0.033242,0.071733,0.011562,-0.387941,-0.292245,-0.365770,-0.487281,1.000000
-1.154210,1.049250,1.129780,1.206960,1.051730,0.719185,1.144070,1.491850,3.000000
-1.154210,0.632909,0.676328,1.206960,0.527658,0.196576,0.774593,0.619019,3.000000
1.261790,-1.032470,-1.036690,-0.944757,-0.993583,-0.826118,-1.077360,-1.094310,1.000000
0.053792,1.090890,1.331310,0.848341,1.488120,1.663040,2.019870,1.050050,3.000000
-1.154210,0.341468,0.172499,0.489721,0.231975,-0.044456,0.345816,0.259831,3.000000
-1.154210,0.424737,0.374031,0.131102,0.096368,0.090702,-0.174189,0.223912,2.000000
0.053792,0.799447,0.777094,1.924200,1.391260,0.676385,0.943366,1.948020,3.000000
-1.154210,0.716178,0.726711,0.609261,0.846793,1.239540,0.697048,0.475344,3.000000
1.261790,-2.031690,-1.993970,-1.303380,-1.470760,-1.432070,-1.428590,-1.471460,1.000000
-1.154210,0.424737,0.525180,0.609261,0.176916,0.185313,0.601258,-0.002377,1.000000
1.261790,0.133296,0.122116,0.011562,-0.410372,-0.490476,-0.575597,-0.027520,2.000000
0.053792,0.050027,0.021350,-0.227518,-0.269668,-0.258455,0.117744,-0.278952,2.000000
-1.154210,0.716178,0.777094,0.131102,1.023180,1.908570,0.409677,0.342444,2.000000
0.053792,0.841081,1.079390,0.489721,0.887577,0.955711,1.326530,0.590284,2.000000
1.261790,-1.240640,-1.187840,-1.303380,-1.203620,-1.087420,-1.237010,-1.216430,1.000000
1.261790,-1.323910,-1.389370,-0.825217,-1.250520,-1.206810,-1.214200,-1.263130,1.000000
-1.154210,1.049250,0.777094,0.489721,1.857220,0.955711,0.893190,0.493303,2.000000
-1.154210,-0.074876,0.273265,0.131102,0.107584,-0.303508,0.231780,0.116155,2.000000
1.261790,-1.407180,-1.389370,-0.825217,-1.137350,-0.977044,-1.168590,-1.187700,2.000000
0.053792,0.841081,0.827477,0.370181,1.022160,1.388220,0.715294,0.654938,2.000000
-1.154210,1.215790,0.978626,0.489721,0.876361,1.199000,1.189680,0.496895,3.000000
-1.154210,0.341468,0.323648,0.848341,0.150407,-0.222413,0.113182,0.619019,3.000000
0.053792,0.466371,0.474797,0.370181,0.015820,-0.199887,-0.384016,0.583100,3.000000
1.261790,-0.990834,-0.986310,-1.064300,-0.991544,-0.814854,-1.063670,-1.101490,1.000000
1.261790,-0.990834,-0.935927,-0.825217,-0.982367,-0.895949,-0.931390,-0.997329,2.000000
1.261790,0.424737,0.424414,-0.227518,-0.029043,0.196576,-0.082960,-0.185563,2.000000
-1.154210,-0.532855,-0.482480,-0.107978,-0.445039,-0.738265,-0.671387,-0.027520,3.000000
1.261790,-0.324683,-0.280948,-0.466597,-0.726448,-0.684202,-0.666826,-0.659692,1.000000
1.261790,-1.740250,-1.792440,-1.662000,-1.456480,-1.411800,-1.433150,-1.439130,1.000000
0.053792,0.841081,0.777094,1.446040,1.124120,1.014280,1.107580,1.164990,2.000000
1.261790,-2.239870,-2.145120,-2.020620,-1.542130,-1.490640,-1.492450,-1.564850,1.000000
1.261790,-1.323910,-1.338990,-1.303380,-1.235230,-1.177530,-1.305430,-1.176920,1.000000
1.261790,-1.407180,-1.439760,-1.303380,-1.193420,-1.069400,-1.168590,-1.284680,1.000000
0.053792,1.507230,1.230540,0.728801,1.499340,1.138170,1.946890,1.445150,2.000000
-1.154210,0.424737,0.676328,0.131102,0.057623,0.032134,-0.069276,0.216728,2.000000
-1.154210,-1.698620,-1.691670,-1.422920,-1.322910,-1.258620,-1.296310,-1.320600,1.000000
-1.154210,-0.033242,-0.079416,-0.466597,-0.011709,-0.276476,-0.000854,0.187993,3.000000
1.261790,-0.283048,-0.331331,-0.586137,-0.748879,-0.699970,-0.785423,-0.688427,1.000000
1.261790,-0.199779,-0.280948,-0.347058,-0.631625,-0.499486,-0.612088,-0.753081,1.000000
-1.154210,0.799447,0.777094,1.565580,0.795813,0.126744,0.637749,1.050050,3.000000
0.053792,0.591275,0.575563,0.250642,0.401228,0.237123,0.856699,0.360404,3.000000
0.053792,0.299834,0.474797,0.489721,0.281935,0.419586,0.240903,0.252647,2.000000
-1.154210,0.299834,0.172499,-0.107978,0.229935,0.674133,0.190727,-0.296911,2.000000
1.261790,-1.032470,-0.935927,-1.183840,-1.017030,-0.938749,-1.027180,-1.141000,1.000000
-1.154210,0.591275,0.676328,0.011562,0.235033,0.014113,0.076691,0.547182,2.000000
1.261790,-0.990834,-1.087080,-1.183840,-1.101660,-0.997317,-1.068230,-1.166150,1.000000
1.261790,-0.824296,-0.935927,-1.422920,-1.072090,-1.028850,-1.113850,-1.033250,1.000000
-1.154210,0.091662,-0.029033,1.087420,0.011741,-0.188624,-0.073837,0.367587,3.000000
-1.154210,0.882716,0.827477,0.967881,0.614324,0.444365,0.874945,0.547182,3.000000
1.261790,-1.240640,-1.288610,-1.303380,-1.252560,-1.233840,-1.205080,-1.198470,1.000000
0.053792,0.466371,0.374031,0.131102,0.120838,0.228112,0.008269,0.026358,1.000000
1.261790,0.674544,0.625945,0.131102,-0.053513,0.088450,0.418799,-0.135277,2.000000
1.261790,-0.657758,-0.784778,-0.944757,-0.798840,-0.884686,-0.958759,-0.494465,3.000000
-1.154210,0.174930,0.424414,0.250642,0.304366,-0.103024,0.090375,0.439425,3.000000
-1.154210,0.008393,0.122116,0.370181,0.027035,0.309207,-0.356647,-0.246625,2.000000
1.261790,-1.282270,-1.389370,-1.064300,-1.246440,-1.182030,-1.227880,-1.248760,1.000000
1.261790,0.299834,0.222882,-0.227518,-0.205433,-0.107529,-0.338401,-0.153236,1.000000
-1.154210,0.882716,0.625945,0.370181,0.619422,1.034550,0.277395,0.346036,1.000000
0.053792,1.465600,1.784750,1.087420,1.995880,1.559420,1.285480,1.696580,3.000000
0.053792,1.632140,1.532840,0.848341,1.830710,1.250810,1.467930,2.055770,3.000000
0.053792,-0.491220,-0.180182,0.011562,-0.557195,-0.659423,-0.666826,-0.171195,3.000000
-1.154210,1.007620,1.180160,0.489721,1.384120,1.739630,0.587573,1.391270,3.000000
-1.154210,1.174160,1.280920,0.370181,1.130240,1.066090,0.692487,1.768420,3.000000
-1.154210,0.341468,0.222882,0.250642,0.004604,0.293439,-0.064714,-0.142460,2.000000
0.053792,0.841081,0.877860,0.609261,0.883498,0.665122,1.253540,1.085960,2.000000
1.261790,-1.115740,-1.087080,-0.944757,-1.146520,-1.121210,-1.109290,-1.112270,1.000000
1.261790,0.508006,0.625945,0.728801,0.318641,0.045650,0.537397,0.547182,2.000000
1.261790,-0.699393,-0.684012,-0.347058,-0.691782,-0.837381,-0.849284,-0.278952,3.000000
0.053792,1.007620,1.129780,0.848341,1.031340,1.385960,0.783716,0.834532,2.000000
0.053792,1.382330,1.331310,1.326500,0.864126,1.669790,1.978820,1.603200,3.000000
0.053792,0.466371,0.474797,0.728801,0.160603,0.065923,0.300202,0.331668,3.000000
-1.154210,1.465600,1.230540,1.206960,0.998713,0.849838,0.478098,1.301480,3.000000
0.053792,1.507230,1.381690,0.967881,1.449380,1.117900,1.705130,1.621160,3.000000
0.053792,-1.199010,-0.835161,-0.705677,-1.056800,-1.078410,-0.972443,-0.961410,2.000000
1.261790,0.549640,0.374031,-0.107978,-0.116728,-0.141319,-0.055591,-0.063439,2.000000
-1.154210,-0.199779,0.122116,-0.347058,-0.425666,-0.470202,-0.279102,-0.243033,3.000000
0.053792,0.383103,0.424414,0.728801,0.549070,0.246133,0.058445,1.193720,3.000000
0.053792,0.965985,1.180160,1.804660,1.937760,0.424091,0.957051,2.235370,3.000000
0.053792,0.383103,0.424414,0.250642,0.276837,0.773248,0.076691,-0.214298,2.000000
1.261790,0.341468,0.323648,0.848341,0.091270,0.246133,0.268272,-0.207114,3.000000
0.053792,-0.199779,-0.230565,-0.586137,-0.306373,-0.292245,-0.388577,-0.314871,3.000000
-1.154210,0.424737,0.625945,0.011562,0.017859,-0.048961,-0.064714,0.008399,3.000000
1.261790,-1.740250,-1.742050,-1.422920,-1.322910,-1.258620,-1.237010,-1.378070,1.000000
1.261790,-0.199779,-0.280948,0.370181,-0.328805,-0.382350,-0.224365,-0.422627,3.000000
0.053792,1.090890,0.474797,0.728801,0.939576,1.025540,1.239860,0.737552,3.000000
-1.154210,-1.906790,-1.792440,-1.303380,-1.435070,-1.429820,-1.387530,-1.406800,1.000000
1.261790,-0.741027,-0.684012,-0.586137,-0.889584,-0.796833,-0.935951,-0.893164,1.000000
1.261790,-1.656980,-1.691670,-1.662000,-1.380010,-1.364500,-1.369290,-1.327780,1.000000
-1.154210,0.424737,0.273265,-0.107978,0.332915,0.327228,0.382308,0.001215,2.000000
1.261790,0.133296,0.122116,0.011562,-0.180963,0.000597,-0.196996,-0.289728,1.000000
-1.154210,1.007620,0.877860,0.250642,0.776440,1.097630,0.382308,0.719592,2.000000
-1.154210,-0.116511,-0.079416,0.011562,-0.281903,-0.452181,-0.269980,-0.063439,2.000000
-1.154210,0.882716,0.827477,0.489721,0.532756,0.214597,0.395992,0.827349,3.000000
0.053792,0.882716,0.726711,0.489721,0.755029,0.752975,1.408630,0.547182,3.000000
1.261790,-1.240640,-1.338990,-1.183840,-1.245420,-1.200050,-1.278060,-1.173330,1.000000
-1.154210,0.299834,0.474797,0.370181,-0.064728,-0.087255,0.085814,0.026358,3.000000
1.261790,-0.324683,-0.482480,-0.466597,-0.638763,-0.508497,-0.712440,-0.659692,1.000000
1.261790,0.216565,0.122116,-0.227518,-0.393039,-0.294497,-0.333840,-0.454954,1.000000
0.053792,1.465600,1.180160,1.206960,1.667570,2.230700,1.153190,1.154210,2.000000
-1.154210,0.591275,0.474797,0.370181,0.432836,0.255144,0.272833,0.906370,3.000000
0.053792,1.132520,0.928243,0.370181,1.116990,1.302620,0.979858,0.690857,3.000000
0.053792,-1.199010,-1.036690,-1.064300,-1.115930,-1.053630,-1.168590,-1.069170,1.000000
1.261790,-2.239870,-2.245880,-1.781540,-1.539070,-1.481630,-1.497010,-1.572030,1.000000
1.261790,-0.241414,-0.280948,0.131102,-0.639782,-0.830623,-0.753493,-0.192747,3.000000
-1.154210,-0.990834,-1.036690,-1.303380,-1.158760,-1.103190,-1.104730,-1.105090,1.000000
1.261790,-0.616124,-0.633629,-0.107978,-0.786604,-0.729255,-0.849284,-0.871613,3.000000
-1.154210,0.466371,0.424414,0.250642,0.200367,-0.375592,0.008269,0.870451,3.000000
1.261790,-1.115740,-1.187840,-0.944757,-1.236250,-1.191040,-1.223320,-1.191290,1.000000
-1.154210,-1.157370,-1.137460,-1.064300,-1.006840,-0.956770,-0.789985,-1.069170,1.000000
1.261790,-0.074876,-0.280948,-0.466597,-0.415470,-0.148076,-0.466122,-0.566303,1.000000
-1.154210,-0.491220,-0.482480,-1.422920,-0.694841,-0.758539,-0.507175,-0.602222,3.000000
1.261790,-0.865930,-0.935927,-0.705677,-0.869192,-0.783318,-0.890337,-0.986553,1.000000
-1.154210,0.466371,0.474797,0.250642,0.581697,0.527712,0.318448,0.187993,1.000000
-1.154210,-0.158145,-0.180182,-0.825217,-0.353275,-0.449929,-0.005415,-0.350790,3.000000
-1.154210,1.632140,1.432070,1.565580,2.643330,3.541730,2.389350,1.955200,3.000000
0.053792,-0.199779,-0.180182,-0.227518,-0.394059,-0.490476,-0.155943,-0.314871,3.000000
-1.154210,-0.199779,-0.079416,-0.347058,-0.318609,-0.105277,-0.552790,-0.404668,1.000000
1.261790,-2.114960,-2.145120,-1.781540,-1.472790,-1.405040,-1.442270,-1.510970,1.000000
-1.154210,1.007620,0.777094,0.370181,1.346400,1.045820,1.198810,1.014130,3.000000
1.261790,-0.199779,-0.129799,0.011562,-0.422608,-0.301255,-0.548228,-0.314871,2.000000
1.261790,-1.323910,-1.439760,-1.303380,-1.255620,-1.193300,-1.200520,-1.284680,1.000000
1.261790,-3.072560,-3.052010,-2.140160,-1.654280,-1.596520,-1.615610,-1.679790,1.000000
1.261790,0.299834,0.374031,0.609261,0.407346,0.424091,0.660556,0.259831,3.000000
1.261790,-1.990060,-2.044350,-1.662000,-1.473810,-1.443340,-1.387530,-1.471460,1.000000
-1.154210,0.549640,0.676328,0.011562,0.302327,0.464638,0.199850,0.259831,2.000000
0.053792,0.383103,0.172499,-0.227518,-0.095316,0.045650,-0.055591,-0.304095,1.000000
-1.154210,0.674544,0.474797,0.489721,0.560285,0.277670,1.103020,0.619019,2.000000
-1.154210,0.674544,0.827477,0.131102,0.960988,0.710175,1.349340,0.511263,3.000000
0.053792,-0.116511,-0.280948,-0.227518,-0.499078,-0.609865,-0.411385,-0.386709,3.000000
-1.154210,1.132520,1.079390,1.446040,1.667570,1.755390,2.202330,1.164990,3.000000
1.261790,-0.283048,-0.079416,-0.107978,-0.417510,-0.251697,-0.475245,-0.501649,1.000000
0.053792,1.715400,1.633610,0.609261,2.422070,3.194820,2.165840,1.409230,2.000000
-1.154210,0.299834,0.424414,0.370181,0.170799,0.000597,0.824769,0.798614,2.000000
0.053792,-0.407952,-0.583246,-0.586137,-0.768252,-0.846391,-0.808231,-0.602222,3.000000
-1.154210,-1.865160,-1.691670,-1.183840,-1.361660,-1.292410,-1.291740,-1.356520,1.000000
1.261790,-0.158145,-0.532863,-0.347058,-0.464411,-0.492729,-0.548228,-0.386709,1.000000
0.053792,-0.324683,-0.432097,0.250642,0.174877,0.248386,0.167920,0.245463,1.000000
1.261790,-0.116511,-0.331331,0.250642,0.026016,0.113228,-0.224365,0.116155,2.000000
1.261790,-0.366317,-0.532863,-0.586137,-0.510293,-0.492729,-0.680510,-0.393892,1.000000
-1.154210,-1.906790,-1.943590,-1.542460,-1.426910,-1.393780,-1.378410,-1.428360,1.000000
1.261790,-0.782662,-0.684012,-0.466597,-0.960956,-0.938749,-1.059110,-0.965002,2.000000
-1.154210,0.466371,0.474797,1.326500,2.100900,2.638420,2.238820,1.452340,2.000000
1.261790,0.174930,-0.029033,-0.227518,-0.348177,-0.145824,-0.329278,-0.465730,1.000000
1.261790,-1.199010,-1.238220,-1.303380,-1.206680,-1.100940,-1.278060,-1.212840,1.000000
1.261790,-0.532855,-0.583246,-0.825217,-0.934446,-0.909465,-0.945074,-0.896756,2.000000
0.053792,1.007620,0.928243,1.446040,1.223020,1.259820,1.134950,0.870451,3.000000
-1.154210,0.549640,0.323648,0.250642,0.258484,0.029881,0.564766,0.403506,3.000000
0.053792,0.299834,0.222882,-0.347058,-0.053513,-0.208897,-0.082960,0.173626,3.000000
1.261790,-0.033242,-0.180182,-0.227518,-0.559234,-0.558055,-0.648580,-0.354382,1.000000
0.053792,1.299060,0.978626,0.728801,1.049690,1.340910,1.061960,0.834532,3.000000
1.261790,-1.240640,-1.288610,-0.944757,-1.166910,-1.094180,-1.113850,-1.194880,3.000000
1.261790,0.424737,0.323648,-0.347058,0.046408,0.433102,-0.082960,-0.304095,2.000000
0.053792,0.841081,0.827477,0.848341,0.824362,0.888133,0.605819,0.906370,3.000000
-1.154210,0.674544,0.827477,0.967881,0.812126,0.543480,0.970735,0.798614,3.000000
0.053792,0.841081,0.777094,0.489721,0.867185,1.043560,0.715294,0.787838,2.000000
-1.154210,-2.656210,-2.548180,-2.259700,-1.603300,-1.542450,-1.597360,-1.604360,1.000000
1.261790,-2.614580,-2.598570,-2.020620,-1.595150,-1.542450,-1.538060,-1.607950,1.000000
-1.154210,0.632909,0.625945,0.489721,0.744833,0.915164,1.130390,0.177217,2.000000
0.053792,0.424737,0.273265,0.370181,0.140211,0.234870,0.473537,-0.063439,2.000000
-1.154210,0.841081,0.978626,0.848341,0.616363,0.825059,0.418799,0.604652,1.000000
1.261790,-1.407180,-1.540520,-1.422920,-1.308640,-1.267630,-1.186830,-1.299050,1.000000
-1.154210,0.841081,0.777094,0.728801,1.240360,1.018780,1.025470,1.696580,3.000000
1.261790,-0.907565,-0.986310,-0.944757,-1.117970,-1.105440,-1.132090,-1.015290,1.000000
0.053792,0.757812,0.877860,0.370181,0.513384,0.723691,0.085814,0.583100,2.000000
0.053792,-0.158145,-0.180182,0.489721,-0.376726,-0.503992,0.199850,-0.541160,2.000000
-1.154210,-1.074100,-1.036690,-0.825217,-1.114920,-1.179780,-1.054550,-1.026060,2.000000
1.261790,1.049250,1.079390,0.489721,0.680598,0.611059,0.204411,0.654938,3.000000
-1.154210,0.799447,0.827477,1.206960,0.793774,0.838575,1.057400,0.834532,3.000000
-1.154210,0.549640,0.777094,0.370181,0.509306,0.424091,0.573889,0.511263,2.000000
0.053792,0.008393,-0.029033,0.489721,-0.348177,-0.422897,-0.621211,-0.099358,3.000000
0.053792,0.799447,0.676328,0.250642,0.256445,0.430849,0.053883,0.274198,2.000000
-1.154210,-0.657758,-0.885544,-0.466597,-0.845741,-0.722497,-0.826477,-0.875205,1.000000
-1.154210,0.383103,0.726711,0.967881,0.225857,0.178555,0.177043,0.403506,3.000000
0.053792,0.632909,0.424414,0.011562,0.016839,0.047902,-0.032784,0.026358,2.000000
0.053792,-0.449586,-0.583246,0.131102,-0.634684,-0.776560,-0.520859,-0.422627,3.000000
-1.154210,-1.282270,-1.288610,-1.064300,-1.236250,-1.256370,-1.182270,-1.176920,1.000000
1.261790,-0.741027,-0.784778,-0.705677,-0.915074,-0.936496,-0.785423,-0.925491,1.000000
-1.154210,-0.616124,-0.835161,-0.586137,-0.812094,-0.612118,-0.931390,-0.885981,1.000000
0.053792,0.424737,0.525180,0.609261,0.481776,0.626828,0.309325,0.306525,1.000000
-1.154210,1.090890,1.180160,0.489721,1.287260,1.471560,1.189680,1.193720,3.000000
0.053792,-1.656980,-1.490140,-1.183840,-1.299460,-1.236100,-1.319110,-1.270310,1.000000
-1.154210,0.216565,0.424414,-0.227518,0.186093,0.083944,0.528274,0.367587,3.000000
0.053792,0.799447,0.877860,0.728801,0.475659,0.056913,0.295640,0.726776,3.000000
-1.154210,0.841081,0.676328,0.848341,1.043580,1.336410,0.934243,0.705225,2.000000
-1.154210,-0.324683,-0.381714,0.011562,-0.522528,-0.699970,-0.356647,-0.458546,2.000000
-1.154210,0.424737,0.323648,0.131102,0.084133,0.158281,0.354939,-0.099358,1.000000
1.261790,-2.656210,-2.699330,-2.140160,-1.596170,-1.544710,-1.538060,-1.618730,1.000000
-1.154210,0.466371,0.424414,0.011562,0.375738,0.092955,0.323009,0.870451,3.000000
-1.154210,1.007620,0.928243,0.848341,1.390240,1.415250,1.778110,0.996167,3.000000
-1.154210,0.299834,0.222882,0.370181,0.079035,0.183060,-0.078399,-0.070623,1.000000
0.053792,0.716178,0.676328,0.489721,0.584756,0.108723,0.386869,1.006940,2.000000
1.261790,-1.573720,-1.490140,-0.944757,-1.298440,-1.265380,-1.113850,-1.212840,1.000000
1.261790,-0.033242,-0.129799,-0.347058,-0.337981,-0.265213,-0.452438,-0.347198,2.000000
1.261790,-0.449586,-0.633629,0.011562,-0.748879,-0.587339,-0.639457,-0.882389,2.000000
0.053792,-0.699393,-0.633629,-0.825217,-0.816173,-0.875675,-0.890337,-0.767448,3.000000
1.261790,-1.115740,-0.986310,-1.303380,-0.988485,-0.803591,-1.013500,-1.148190,1.000000
1.261790,-0.824296,-0.986310,-1.064300,-1.062920,-0.992812,-0.967882,-1.047620,1.000000
1.261790,0.174930,0.172499,0.011562,-0.029043,-0.244939,0.459853,0.037134,2.000000
0.053792,0.424737,0.273265,0.250642,0.411424,0.455628,0.341255,0.870451,1.000000
1.261790,-2.281500,-2.346650,-1.901080,-1.560480,-1.495150,-1.574550,-1.572030,1.000000
1.261790,0.133296,-0.029033,0.250642,-0.143238,-0.235929,0.245464,-0.350790,2.000000
0.053792,1.215790,1.230540,2.043740,1.494240,1.219270,2.795320,0.960248,3.000000
-1.154210,1.049250,0.877860,0.967881,1.966310,1.987420,1.445130,2.091690,3.000000
0.053792,0.091662,0.021350,-0.227518,-0.232962,-0.109782,-0.333840,-0.225074,2.000000
-1.154210,-1.948430,-1.792440,-1.542460,-1.452400,-1.425320,-1.414900,-1.428360,1.000000
1.261790,-0.283048,-0.230565,-0.586137,-0.297197,-0.148076,-0.174189,-0.530384,3.000000
1.261790,-0.949199,-0.734395,-0.825217,-1.016010,-0.986054,-1.063670,-0.961410,1.000000
-1.154210,0.799447,0.676328,1.087420,1.011970,1.104380,1.317410,0.654938,3.000000
-1.154210,0.008393,-0.029033,-0.227518,-0.224806,-0.148076,0.154235,-0.458546,1.000000
-1.154210,-0.033242,0.575563,0.250642,0.248288,0.435354,0.167920,0.116155,1.000000
1.261790,-0.116511,0.474797,-0.107978,-0.292099,-0.323781,-0.242611,-0.253809,2.000000
-1.154210,-0.574489,-0.633629,0.250642,-0.508254,-0.859907,-0.507175,-0.171195,3.000000
-1.154210,1.465600,1.935900,2.163280,2.394540,2.032470,2.042680,2.418550,2.000000
-1.154210,0.508006,0.525180,0.609261,0.580677,1.005270,0.491783,0.252647,2.000000
0.053792,0.508006,0.676328,1.087420,0.264602,0.248386,-0.174189,0.654938,3.000000
-1.154210,-0.074876,-0.230565,-0.705677,-0.510293,-0.479213,-0.187873,-0.709978,1.000000
-1.154210,1.465600,1.734370,1.565580,2.653520,1.721600,2.822680,2.450880,3.000000
-1.154210,-2.697850,-2.699330,-2.020620,-1.618600,-1.553720,-1.574550,-1.643870,1.000000
-1.154210,0.591275,0.726711,1.087420,0.713225,0.750722,1.066530,0.539998,2.000000
0.053792,-0.407952,-0.331331,-0.347058,-0.490921,-0.551297,-0.082960,-0.602222,2.000000
0.053792,-0.407952,-0.079416,-0.586137,-0.586763,-0.781065,-0.712440,-0.207114,3.000000
1.261790,-2.531310,-2.447420,-2.020620,-1.578830,-1.522180,-1.538060,-1.572030,1.000000
-1.154210,-1.615350,-1.742050,-1.183840,-1.357580,-1.341970,-1.337360,-1.320600,2.000000
-1.154210,0.632909,0.625945,0.370181,0.422640,0.352007,0.140551,0.619019,3.000000
0.053792,-0.033242,0.021350,0.489721,-0.238060,-0.337297,-0.251734,-0.099358,2.000000
1.261790,0.549640,0.424414,-0.347058,0.063741,0.349754,-0.265418,0.044318,2.000000
-1.154210,0.508006,0.525180,1.087420,0.190171,0.018618,0.295640,0.331668,2.000000
1.261790,-1.948430,-1.842820,-1.662000,-1.484010,-1.456850,-1.433150,-1.464270,1.000000
-1.154210,-0.074876,-0.079416,0.489721,-0.022925,-0.485971,-0.224365,0.439425,3.000000
-1.154210,-2.989290,-2.850480,-2.379240,-1.640010,-1.576240,-1.606480,-1.658240,1.000000
1.261790,-0.074876,0.122116,-0.107978,-0.240100,-0.100771,-0.333840,-0.243033,3.000000
1.261790,-0.491220,-0.532863,-0.705677,-0.723389,-0.582834,-0.730686,-0.853654,1.000000
0.053792,1.007620,1.180160,0.728801,1.103730,1.144930,0.934243,0.726776,2.000000
-1.154210,-0.449586,-0.180182,0.250642,-0.394059,-0.634644,-0.840161,0.116155,2.000000
-1.154210,1.007620,0.777094,1.804660,1.397380,0.840827,0.738101,2.845990,3.000000
1.261790,-1.615350,-2.044350,-1.064300,-1.364720,-1.272140,-1.355600,-1.403210,1.000000
0.053792,0.216565,0.021350,0.131102,-0.000494,-0.224666,0.090375,0.080237,3.000000
1.261790,-1.532080,-1.490140,-1.422920,-1.282130,-1.258620,-1.141220,-1.320600,1.000000
-1.154210,-0.865930,-0.734395,-0.586137,-0.937505,-0.848644,-0.999812,-0.853654,1.000000
0.053792,1.465600,1.683990,1.565580,1.925530,1.106640,2.430400,2.149160,3.000000
1.261790,-0.865930,-0.935927,-0.944757,-0.989505,-0.911717,-0.922267,-1.069170,1.000000
-1.154210,-1.365540,-1.389370,-1.183840,-1.236250,-1.245110,-1.164020,-1.176920,1.000000
1.261790,-2.281500,-2.195500,-1.901080,-1.533970,-1.456850,-1.542620,-1.539700,1.000000
-1.154210,1.007620,1.029010,1.206960,1.316830,1.106640,1.499860,1.732500,2.000000
-1.154210,-0.865930,-0.633629,-0.825217,-0.813114,-0.830623,-0.771739,-0.781816,1.000000
0.053792,0.924350,0.777094,1.206960,1.116990,1.237290,0.984419,1.200900,3.000000
-1.154210,-0.449586,-0.381714,-0.227518,-0.624488,-0.713486,-0.434192,-0.530384,1.000000
1.261790,-2.697850,-2.548180,-2.379240,-1.601260,-1.549210,-1.565430,-1.665420,1.000000
0.053792,1.049250,1.029010,0.370181,0.734637,0.556996,0.888629,0.902778,3.000000
0.053792,1.090890,1.180160,1.206960,1.082320,0.921922,1.285480,1.147030,2.000000
1.261790,-1.448810,-1.490140,-1.064300,-1.259700,-1.231590,-1.136660,-1.227210,1.000000
-1.154210,1.049250,0.928243,0.011562,0.834558,1.158450,0.500906,0.583100,1.000000
0.053792,0.008393,-0.180182,-0.107978,-0.465431,-0.598602,-0.452438,-0.207114,3.000000
-1.154210,0.216565,0.122116,0.728801,0.036212,-0.105277,0.546520,0.044318,3.000000
1.261790,-1.074100,-0.835161,-0.825217,-1.065970,-1.118960,-0.977004,-1.033250,1.000000
1.261790,1.673770,1.432070,1.924200,2.489370,1.865770,2.371100,2.989660,2.000000
1.261790,0.133296,0.172499,-0.227518,-0.220727,-0.287739,-0.105767,-0.099358,2.000000
1.261790,-0.366317,-0.432097,-0.944757,-0.749899,-0.625634,-0.885775,-0.745897,1.000000
1.261790,-0.865930,-0.986310,-0.944757,-1.105740,-1.100940,-0.977004,-1.105090,1.000000
0.053792,1.049250,1.180160,0.848341,1.210790,1.129160,1.084770,1.481070,3.000000
0.053792,0.799447,0.726711,0.728801,0.562325,0.791269,0.633188,0.346036,2.000000
-1.154210,-1.448810,-1.439760,-1.183840,-1.228090,-1.170770,-1.122970,-1.248760,1.000000
-1.154210,1.090890,1.079390,1.446040,1.109850,0.376786,1.431440,1.804340,3.000000
-1.154210,-0.366317,-0.381714,-0.107978,-0.402216,-0.066982,-0.721563,-0.559119,1.000000
1.261790,-0.116511,-0.079416,0.250642,-0.170767,-0.328287,-0.119452,-0.027520,3.000000
1.261790,-1.656980,-1.641290,-1.662000,-1.361660,-1.278900,-1.414900,-1.392440,1.000000
-1.154210,0.299834,0.374031,0.489721,0.138172,0.273165,0.336693,-0.124501,1.000000
1.261790,0.383103,0.122116,-0.227518,-0.110610,-0.026434,-0.274541,-0.016744,2.000000
-1.154210,0.632909,0.676328,0.848341,1.051730,0.854343,0.975296,0.870451,3.000000
1.261790,-0.782662,-0.684012,-0.705677,-0.946681,-0.902707,-0.867530,-0.961410,1.000000
1.261790,-1.823520,-1.943590,-1.781540,-1.470760,-1.420810,-1.460520,-1.442720,1.000000
0.053792,1.507230,1.331310,1.565580,1.892900,2.104550,2.156710,1.596010,2.000000
1.261790,-0.199779,-0.180182,-0.227518,-0.655076,-0.666181,-0.698756,-0.454954,2.000000
0.053792,1.299060,1.129780,1.087420,1.452430,1.077350,1.956010,1.570870,2.000000
1.261790,-0.074876,-0.230565,-0.347058,-0.523548,-0.551297,-0.338401,-0.530384,1.000000
-1.154210,0.841081,0.928243,-0.227518,0.516443,0.987248,0.218096,0.080237,1.000000
1.261790,-1.240640,-1.389370,-1.303380,-1.245420,-1.193300,-1.291740,-1.212840,1.000000
0.053792,1.673770,1.734370,1.087420,1.415730,2.005440,1.632150,1.427190,2.000000
-1.154210,-0.199779,-0.079416,0.131102,-0.461352,-0.645907,-0.388577,-0.207114,3.000000
0.053792,-1.282270,-1.338990,-1.303380,-1.199540,-1.150500,-1.159460,-1.212840,1.000000
0.053792,1.132520,1.280920,0.848341,1.404510,1.584190,1.203370,1.265560,3.000000
0.053792,1.257430,1.230540,0.848341,1.259730,1.433270,1.363020,1.078780,2.000000
0.053792,-0.033242,0.172499,0.609261,0.325778,0.165039,0.405115,0.583100,3.000000
-1.154210,0.716178,0.777094,0.489721,0.378797,0.775501,0.286517,0.019175,1.000000
0.053792,1.340690,1.230540,0.728801,1.390240,1.708090,1.568290,0.960248,2.000000
0.053792,0.591275,0.323648,-0.107978,0.275817,0.635838,-0.082960,0.134115,2.000000
0.053792,-0.407952,-0.180182,-0.466597,-0.608175,-0.657170,-0.593843,-0.494465,2.000000
0.053792,0.716178,0.827477,0.728801,1.057850,1.554910,0.633188,0.471752,3.000000
0.053792,-1.032470,-1.087080,-0.586137,-1.073110,-1.017590,-1.223320,-1.044020,1.000000
0.053792,0.216565,0.424414,0.131102,-0.178924,-0.289992,-0.338401,0.198769,2.000000
0.053792,0.050027,0.474797,0.609261,0.309464,-0.197634,0.920559,0.414282,3.000000
1.261790,-0.741027,-0.684012,-0.705677,-0.916093,-0.945507,-0.872091,-0.853654,1.000000
1.261790,-1.199010,-1.238220,-1.183840,-1.219930,-1.166260,-1.291740,-1.158960,1.000000
-1.154210,1.007620,1.230540,1.326500,1.144520,1.293610,1.039160,0.967432,2.000000
0.053792,0.008393,0.021350,-0.107978,-0.245197,-0.299003,-0.256295,-0.027520,3.000000
0.053792,-0.574489,-0.432097,-0.705677,-0.904878,-0.871170,-1.227880,-0.749489,3.000000
1.261790,-0.241414,-0.784778,-0.944757,-0.792722,-0.821612,-0.780862,-0.638140,1.000000
1.261790,-0.741027,-0.835161,-0.944757,-0.943623,-0.835128,-0.986127,-0.932675,1.000000
-1.154210,0.133296,-0.029033,-0.347058,0.126956,0.550238,0.099498,-0.264584,2.000000
-1.154210,0.965985,1.079390,0.967881,0.852910,0.847585,1.020910,0.931513,2.000000
1.261790,-0.407952,-0.432097,-0.466597,-0.632645,-0.411634,-0.648580,-0.735121,1.000000
1.261790,-1.032470,-1.439760,-0.944757,-1.124090,-1.058140,-1.095600,-1.141000,2.000000
1.261790,0.008393,-0.029033,0.131102,-0.269668,-0.247192,-0.247172,-0.207114,1.000000
0.053792,0.799447,0.676328,0.489721,0.613305,0.466891,0.801961,0.654938,2.000000
1.261790,-1.323910,-1.389370,-1.542460,-1.238290,-1.191040,-1.241570,-1.212840,1.000000
0.053792,1.299060,0.928243,1.087420,1.860270,1.834240,1.321970,1.649890,3.000000
0.053792,1.340690,1.180160,0.848341,1.797060,0.820554,1.171440,2.450880,3.000000
0.053792,-0.491220,-0.280948,-0.107978,-0.509274,-0.681949,-0.648580,-0.135277,3.000000
1.261790,0.091662,-0.180182,-0.347058,-0.468490,-0.449929,-0.288225,-0.501649,2.000000
1.261790,-1.615350,-1.490140,-1.422920,-1.302520,-1.274390,-1.296310,-1.248760,1.000000
0.053792,-0.158145,0.021350,-0.107978,-0.350216,-0.308013,-0.434192,-0.314871,3.000000
0.053792,0.424737,0.374031,-0.107978,0.110642,0.097460,0.208973,0.152074,3.000000
0.053792,1.007620,1.079390,0.848341,1.462630,1.550410,1.682320,1.265560,2.000000
-1.154210,0.508006,0.525180,0.131102,0.213622,0.534470,0.017392,-0.027520,2.000000
0.053792,-0.033242,0.021350,-0.586137,-0.044337,-0.332792,-0.014538,-0.027520,3.000000
-1.154210,0.341468,0.424414,0.370181,0.470561,0.514196,0.541959,0.187993,2.000000
-1.154210,-0.324683,-0.180182,-0.466597,-0.468490,-0.488223,-0.420507,-0.501649,1.000000
0.053792,0.008393,0.222882,-0.347058,-0.032101,-0.125550,-0.133136,-0.440587,3.000000
1.261790,0.008393,0.021350,0.848341,0.092290,-0.003908,0.240903,-0.243033,3.000000
-1.154210,1.382330,1.230540,1.685120,1.538080,1.694570,2.047240,1.060820,3.000000
-1.154210,0.383103,0.525180,0.250642,0.425698,0.820554,0.208973,0.080237,2.000000
0.053792,0.757812,0.777094,0.489721,0.670402,0.635838,0.628626,0.547182,2.000000
0.053792,0.216565,0.323648,0.370181,0.239112,-0.208897,0.017392,0.690857,3.000000
0.053792,0.965985,0.978626,0.609261,0.804989,0.730449,0.811084,0.870451,2.000000
-1.154210,0.008393,0.172499,-0.466597,0.076996,-0.346308,-0.041907,0.367587,3.000000
0.053792,1.049250,0.928243,1.087420,1.249530,1.719350,1.048280,0.733960,2.000000
0.053792,0.258199,0.374031,0.848341,0.647971,0.863354,0.578450,0.284974,1.000000
-1.154210,-0.699393,-0.331331,-0.227518,-0.696880,-0.600855,-0.767178,-0.602222,2.000000
0.053792,-0.199779,0.323648,0.370181,-0.176884,-0.706728,0.181604,-0.196339,3.000000
-1.154210,0.466371,0.625945,0.609261,0.200367,-0.170603,0.163358,0.547182,3.000000
0.053792,0.133296,0.122116,0.131102,0.074956,0.324975,-0.160505,-0.153236,2.000000
0.053792,0.424737,0.525180,0.131102,0.338013,0.480407,0.441607,0.187993,1.000000
-1.154210,0.632909,0.625945,0.609261,0.469541,0.651607,0.551082,0.259831,2.000000
0.053792,0.383103,0.625945,0.011562,0.086172,0.115481,0.277395,-0.052663,2.000000
0.053792,-0.199779,-0.079416,-0.347058,-0.328805,-0.443171,-0.447876,-0.135277,2.000000
0.053792,-0.741027,-0.583246,-0.347058,-0.753977,-0.731507,-0.602965,-0.674059,2.000000
0.053792,1.382330,1.482460,1.565580,2.014230,1.888300,2.361980,1.983940,3.000000
-1.154210,0.591275,0.273265,0.489721,0.465463,0.297944,0.395992,0.511263,2.000000
-1.154210,1.132520,1.079390,1.326500,1.502390,1.690070,1.572850,1.057230,2.000000
0.053792,0.466371,0.323648,-0.347058,-0.088179,0.016365,0.135990,-0.314871,3.000000
1.261790,-0.616124,-0.734395,-1.064300,-0.975230,-0.891444,-1.077360,-0.864429,1.000000
1.261790,-0.907565,-0.835161,-0.944757,-0.904878,-0.866665,-0.917706,-0.817735,1.000000
1.261790,0.050027,0.222882,0.489721,-0.212570,-0.172855,-0.484368,0.008399,2.000000
1.261790,-1.365540,-1.389370,-1.183840,-1.266840,-1.177530,-1.291740,-1.270310,1.000000
1.261790,-0.199779,-0.129799,0.131102,-0.086140,-0.123298,0.008269,0.047910,1.000000
1.261790,-1.865160,-1.842820,-1.542460,-1.415700,-1.362240,-1.392100,-1.399620,1.000000
0.053792,1.382330,1.432070,1.446040,1.509530,1.476070,1.705130,1.588830,3.000000
-1.154210,-0.407952,-0.381714,-0.347058,-0.366530,-0.055719,-0.406823,-0.695611,1.000000
-1.154210,0.632909,0.424414,0.250642,0.076996,0.045650,0.135990,0.116155,3.000000
1.261790,-0.699393,-1.036690,-0.586137,-0.917113,-0.889191,-0.817354,-0.925491,2.000000
1.261790,-0.074876,0.071733,-0.107978,-0.237041,-0.335045,-0.260857,0.044318,2.000000
0.053792,0.799447,0.676328,0.848341,0.382875,0.342996,0.304763,0.619019,2.000000
1.261790,-0.491220,-0.532863,-1.183840,-0.808016,-0.715739,-0.972443,-0.799775,2.000000
1.261790,-0.699393,-0.835161,-0.705677,-0.677507,-0.456687,-0.557351,-0.943451,1.000000
-1.154210,0.591275,0.474797,0.131102,0.230955,0.318218,0.012830,0.274198,3.000000
0.053792,0.216565,0.071733,-0.107978,-0.133042,-0.186371,0.268272,-0.278952,2.000000
0.053792,0.466371,0.374031,-0.107978,0.247269,0.561501,0.012830,-0.045479,1.000000
-1.154210,0.258199,0.273265,0.131102,0.284994,0.626828,-0.114890,-0.002377,2.000000
1.261790,-0.532855,-0.583246,-0.586137,-0.842682,-0.808097,-0.753493,-0.871613,1.000000
1.261790,-0.324683,-0.230565,-0.227518,-0.531705,-0.490476,-0.023661,-0.609405,1.000000
1.261790,1.215790,0.777094,0.848341,0.872283,0.793522,1.290040,1.057230,2.000000
0.053792,0.924350,1.029010,1.087420,0.932439,0.750722,1.043720,1.233230,3.000000
-1.154210,-0.158145,-0.029033,-0.705677,-0.415470,-0.244939,-0.187873,-0.458546,2.000000
-1.154210,1.007620,0.777094,0.250642,0.800911,0.946701,0.847576,0.654938,2.000000
0.053792,0.466371,0.424414,0.250642,0.186093,0.151523,0.286517,0.363995,2.000000
-1.154210,-1.698620,-1.691670,-1.303380,-1.343310,-1.323950,-1.218760,-1.363700,1.000000
1.261790,-1.032470,-0.885544,-1.064300,-0.980328,-0.745023,-1.164020,-1.090720,1.000000
-1.154210,0.799447,0.726711,0.250642,0.891655,1.212510,0.701609,0.504079,3.000000
-1.154210,0.632909,0.575563,0.370181,0.883498,1.194490,0.592135,0.654938,2.000000
0.053792,-1.032470,-1.036690,0.489721,-0.939544,-0.839633,-1.004370,-0.961410,1.000000
0.053792,0.799447,0.978626,0.489721,1.108830,1.212510,0.861260,0.931513,3.000000
1.261790,-1.282270,-1.288610,-1.183840,-1.245420,-1.170770,-1.150340,-1.273900,1.000000
-1.154210,0.424737,0.474797,1.087420,0.667343,0.870111,0.569327,0.403506,3.000000
-1.154210,1.049250,1.180160,0.848341,1.310710,1.422010,1.226180,1.150620,3.000000
-1.154210,0.341468,0.273265,1.087420,0.311503,-0.136813,-0.406823,1.085960,3.000000
0.053792,1.881940,1.583220,1.804660,2.262000,1.865770,2.754260,2.414960,3.000000
0.053792,0.133296,0.323648,-0.107978,0.265621,-0.544539,0.368624,0.439425,3.000000
-1.154210,0.341468,0.374031,0.011562,0.014800,0.210091,-0.183312,-0.102950,2.000000
-1.154210,0.216565,0.021350,-0.227518,0.085153,0.388049,0.281956,-0.185563,2.000000
0.053792,0.674544,0.575563,0.370181,0.553148,0.845333,0.783716,0.141299,2.000000
-1.154210,1.465600,1.432070,0.848341,1.247490,1.338660,1.075650,0.978208,3.000000
1.261790,-0.366317,-0.532863,-0.705677,-0.773350,-0.713486,-0.835599,-0.709978,1.000000
0.053792,-0.449586,-0.532863,-0.227518,-0.575547,-0.715739,-0.498052,-0.386709,3.000000
0.053792,0.882716,0.928243,0.967881,0.749931,0.696659,0.473537,1.154210,1.000000
0.053792,-0.491220,-0.583246,-0.227518,-0.682605,-0.742770,-0.707879,-0.602222,3.000000
0.053792,0.549640,0.525180,0.131102,0.329856,0.421838,0.364062,0.259831,1.000000
0.053792,0.799447,0.928243,0.728801,0.651030,0.847585,0.359501,0.665714,2.000000
-1.154210,-0.158145,-0.079416,-0.107978,-0.215629,0.079439,-0.288225,-0.436995,1.000000
1.261790,-1.448810,-1.439760,-1.422920,-1.282130,-1.213570,-1.264380,-1.284680,1.000000
-1.154210,-0.907565,-0.885544,-0.944757,-1.077190,-1.071650,-1.122970,-0.968594,3.000000
-1.154210,0.965985,0.978626,0.609261,1.253610,1.149440,1.121260,1.085960,3.000000
-1.154210,0.841081,0.827477,0.848341,1.027260,0.951206,0.824769,1.193720,2.000000
0.053792,0.341468,0.424414,0.609261,0.118799,0.047902,0.532836,0.073053,3.000000
0.053792,-0.574489,-0.381714,-0.825217,-0.685664,-0.645907,-0.511736,-0.745897,2.000000
1.261790,0.216565,0.172499,0.370181,0.089231,0.237123,0.058445,0.026358,2.000000
1.261790,-0.366317,-0.280948,-0.347058,-0.416490,-0.089508,-0.657703,-0.519608,1.000000
-1.154210,-0.324683,-0.381714,0.370181,0.283974,0.268660,0.592135,-0.016744,2.000000
0.053792,1.090890,1.129780,0.848341,1.311730,1.208010,0.815646,1.516990,3.000000
-1.154210,-0.199779,-0.079416,-0.227518,-0.334922,-0.456687,-0.434192,0.008399,3.000000
1.261790,0.841081,0.625945,0.370181,0.747892,1.277840,0.227219,0.543590,3.000000
1.261790,0.050027,-0.029033,-0.466597,-0.401196,-0.395866,-0.297348,-0.368749,2.000000
1.261790,-0.741027,-0.734395,-0.944757,-1.018050,-1.037860,-1.008930,-0.925491,1.000000
-1.154210,1.049250,0.877860,0.489721,0.969145,0.948953,1.198810,0.960248,2.000000
-1.154210,0.091662,0.021350,-0.466597,-0.296177,-0.211150,-0.137697,-0.573487,1.000000
0.053792,1.090890,0.978626,1.206960,1.059890,1.054830,0.856699,1.337400,3.000000
0.053792,0.757812,1.079390,-0.107978,0.596991,0.836322,0.455291,0.367587,2.000000
0.053792,0.133296,0.676328,0.370181,0.202406,0.156028,0.122305,0.152074,3.000000
0.053792,0.632909,0.625945,0.728801,0.513384,0.631333,0.400554,0.586692,2.000000
0.053792,0.258199,0.474797,0.967881,0.263582,-0.285487,0.131428,1.085960,3.000000
0.053792,0.341468,0.374031,-0.347058,0.003585,-0.206645,-0.019100,-0.063439,3.000000
0.053792,0.965985,1.331310,0.848341,1.513610,1.205750,0.824769,1.696580,3.000000
1.261790,-0.782662,-0.633629,-0.586137,-0.814134,-0.663928,-0.662264,-0.932675,1.000000
1.261790,0.674544,0.827477,0.609261,0.494012,0.552491,0.117744,0.812981,2.000000
-1.154210,0.549640,0.575563,0.609261,0.583736,0.707922,0.843014,0.259831,2.000000
0.053792,0.050027,-0.029033,0.250642,0.122878,0.207839,0.427922,-0.171195,1.000000
1.261790,0.841081,0.222882,0.848341,1.187340,0.957964,1.061960,1.121880,3.000000
1.261790,0.008393,0.222882,0.250642,-0.188100,-0.166097,-0.178751,-0.171195,3.000000
1.261790,-0.324683,-0.381714,-0.586137,-0.758056,-0.769802,-0.767178,-0.638140,2.000000
1.261790,-0.449586,-0.532863,0.131102,-0.775389,-0.916223,-0.717002,-0.832102,1.000000
1.261790,-0.449586,-0.532863,-0.586137,-0.842682,-0.866665,-0.881214,-0.717162,1.000000
1.261790,-0.407952,-0.482480,-0.705677,-0.768252,-0.758539,-0.744370,-0.781816,1.000000
-1.154210,-0.782662,-0.583246,-0.705677,-0.862055,-0.864412,-0.908583,-0.745897,2.000000
-1.154210,0.924350,0.827477,0.489721,0.555187,0.786764,0.053883,0.766287,2.000000
0.053792,0.466371,0.474797,0.489721,0.189152,-0.213403,0.140551,0.439425,3.000000
0.053792,1.257430,1.230540,1.326500,1.365770,1.174220,1.773550,1.337400,2.000000
0.053792,0.965985,0.928243,0.250642,0.760127,0.899396,0.459853,0.694449,2.000000
1.261790,-2.572940,-2.598570,-2.020620,-1.606360,-1.551460,-1.565430,-1.625910,1.000000
0.053792,1.590500,1.583220,2.402360,2.795250,1.645020,2.594610,4.641930,3.000000
1.261790,0.091662,-0.079416,0.131102,-0.252335,-0.238182,-0.402262,-0.135277,2.000000
-1.154210,-0.657758,-0.633629,-1.183840,-0.916093,-0.974791,-0.972443,-0.817735,2.000000
-1.154210,0.591275,0.474797,1.326500,1.023180,0.451123,1.303720,0.762695,3.000000
-1.154210,0.882716,1.230540,0.848341,1.192440,1.385960,1.039160,0.838124,3.000000
1.261790,0.632909,0.374031,0.848341,0.465463,0.106471,0.323009,0.834532,3.000000
1.261790,-0.949199,-0.835161,-0.944757,-0.886525,-0.681949,-1.049990,-0.954226,1.000000
1.261790,-0.324683,-0.532863,-0.825217,-0.674449,-0.639149,-0.771739,-0.620181,2.000000
1.261790,-1.365540,-1.439760,-1.542460,-1.325970,-1.265380,-1.328240,-1.327780,1.000000
-1.154210,1.049250,0.978626,0.967881,1.305610,1.586450,1.394950,1.014130,2.000000
0.053792,0.424737,0.575563,1.326500,0.342091,0.259649,0.605819,1.660670,1.000000
-1.154210,-2.906020,-2.850480,-2.379240,-1.641030,-1.576240,-1.592800,-1.679790,1.000000
0.053792,-1.490450,-1.540520,-0.944757,-1.288250,-1.299170,-1.182270,-1.284680,2.000000
-1.154210,0.549640,0.374031,0.011562,0.208524,-0.015171,0.487221,0.295750,3.000000
-1.154210,0.882716,0.978626,0.848341,0.799891,0.881375,0.651433,0.726776,3.000000
1.261790,-0.616124,-0.532863,-0.466597,-0.849820,-1.103190,-1.040860,-0.566303,3.000000
-1.154210,0.383103,0.424414,0.131102,0.247269,0.185313,0.391431,0.328077,2.000000
-1.154210,0.008393,0.172499,1.206960,0.088211,0.464638,-0.073837,-0.286136,2.000000
1.261790,-2.364770,-2.245880,-1.901080,-1.556400,-1.486140,-1.642980,-1.572030,1.000000
