-0.346844,0.002625,-0.487345,-0.006408,0.344242,-0.107519,0.070454,-0.507838,-0.466485,1.000000
0.639298,-0.019865,1.308670,-0.014676,0.807550,-0.001766,0.295605,-0.274338,-0.385550,4.000000
-0.428459,0.041016,-0.711847,-0.006408,0.344242,-0.007233,-0.081805,-0.601021,-0.466485,1.000000
0.632539,0.002625,0.747417,-0.006408,0.989302,0.031767,-0.081805,-0.740795,-0.544463,1.000000
-0.265229,0.002625,-0.262843,0.139919,0.436393,-0.007233,-0.005676,-0.554430,-0.466485,1.000000
-0.918151,0.002625,-0.711847,-0.006408,-1.222330,-0.068519,0.451100,0.983082,0.547223,1.000000
-0.265229,0.015422,0.073910,-0.006408,0.436393,-0.023948,0.298841,-0.414656,-0.466485,1.000000
-0.265229,0.002625,-0.038341,-0.006408,0.528545,0.115338,0.222712,-0.554430,-0.544463,1.000000
-0.918752,-0.006945,-0.492013,-0.014676,-1.236070,-0.037885,0.525682,1.041290,0.555212,1.000000
-0.918151,0.002625,-0.936349,-0.006408,-0.669424,0.059624,0.222712,0.237622,0.079358,1.000000
-0.265229,-0.010172,2.318930,-0.030795,0.436393,-0.018376,1.897560,0.517169,-0.544463,1.000000
4.386840,0.041016,1.869930,-0.006408,1.634360,-0.007233,-2.746330,-0.833977,0.703178,5.000000
-0.428459,0.002625,-0.262843,-0.006408,0.344242,-0.068519,0.146583,-0.461247,-0.466485,1.000000
0.557296,-0.006945,-0.829642,-0.014676,0.435983,-0.041168,-1.084860,-0.791194,-0.071963,4.000000
-0.918151,0.002625,-1.048600,-0.006408,-0.300818,-0.057376,0.222712,-0.135108,-0.232552,1.000000
-0.918752,-0.006945,2.546640,-0.249034,0.064416,-0.008333,2.673070,0.994307,-0.542344,1.000000
0.550923,-0.035766,-0.487345,-0.006408,0.897150,-0.079662,-0.843097,-1.113520,-0.466485,1.000000
-0.020383,-0.010172,0.298412,-0.006408,0.528545,-0.007233,0.222712,-0.461247,-0.466485,1.000000
0.550923,0.002625,-0.375094,-0.006408,-3.433970,0.026195,-0.843097,3.359240,3.198460,4.000000
0.550923,0.002625,1.308670,-0.006408,0.897150,-0.007233,0.298841,-0.414656,-0.466485,1.000000
-0.918752,-0.006945,-1.167270,0.043914,-0.678719,-0.021467,0.065527,0.148543,0.084831,1.000000
-0.591690,0.002625,1.308670,-0.006408,0.159939,-0.012805,1.516910,0.377396,-0.466485,1.000000
-0.183614,0.002625,0.186161,0.017980,0.528545,-0.007233,0.298841,-0.461247,-0.544463,1.000000
-0.262731,-0.032785,-0.379471,-0.073265,0.435983,-0.064153,-0.011165,-0.603246,-0.463947,1.000000
-0.346844,0.002625,-0.487345,-0.006408,0.436393,0.070767,-0.005676,-0.647612,-0.544463,1.000000
-0.918752,0.005974,-0.942184,0.043914,0.064416,-0.008333,0.142220,-0.462286,-0.463947,1.000000
-0.183614,0.002625,0.298412,-0.006408,0.528545,0.042910,0.451100,-0.414656,-0.544463,1.000000
-0.265229,-0.048563,-0.487345,0.017980,0.436393,-0.124234,-0.081805,-0.647612,-0.466485,1.000000
2.836150,0.028219,0.186161,-0.006408,-3.433970,-0.007233,-2.517940,3.592190,4.290150,5.000000
-0.183614,-0.048563,-0.375094,-0.006408,0.528545,-0.007233,-0.081805,-0.740795,-0.544463,1.000000
-0.918151,0.002625,-0.711847,0.115531,-0.300818,-0.068519,0.374971,-0.041926,-0.232552,1.000000
-0.918151,0.002625,-0.150592,-0.006408,-0.392970,-0.140948,0.755617,0.330804,-0.154575,1.000000
-0.918151,0.002625,-0.487345,-0.006408,-0.208667,0.020624,0.603358,-0.041926,-0.310530,1.000000
2.935370,0.070573,0.408328,-0.014676,-1.236070,0.067187,-2.465330,1.417190,2.436740,5.000000
0.632539,0.053813,1.420920,-0.006408,0.344242,0.059624,0.374971,0.284213,0.001380,4.000000
-0.508739,-0.032785,2.546640,-0.014676,0.343091,-0.008333,2.136230,0.712386,-0.463947,1.000000
-0.101998,-0.010172,0.298412,-0.055183,0.528545,-0.007233,0.222712,-0.461247,-0.544463,1.000000
-0.918151,0.002625,-0.711847,-0.030795,-0.024364,-0.040662,0.298841,-0.274882,-0.388508,1.000000
-0.918151,0.002625,-0.936349,-0.006408,-0.853727,-0.023948,0.222712,0.517169,0.313291,1.000000
-0.428459,0.002625,0.073910,0.066756,0.344242,-0.007233,0.527229,-0.274882,-0.466485,1.000000
-0.918752,-0.006945,-0.829642,-0.014676,-1.607640,0.001517,0.372297,1.276230,0.868800,1.000000
-0.428459,0.002625,-0.487345,-0.006408,0.436393,0.093053,-0.005676,-0.647612,-0.544463,1.000000
-0.918151,0.002625,1.982180,-0.006408,-0.761575,-0.090805,2.202070,1.588770,0.157335,1.000000
-0.918752,-0.006945,2.434100,-0.014676,0.064416,-0.047735,2.443000,0.947320,-0.463947,1.000000
-0.183614,0.002625,-0.711847,-0.006408,0.436393,-0.124234,-0.310193,-0.740795,-0.466485,1.000000
0.550923,0.002625,-0.487345,-0.006408,-2.051700,-0.029519,-0.919227,1.868320,2.028800,4.000000
-0.346844,0.002625,-0.375094,0.139919,0.436393,0.037338,0.070454,-0.601021,-0.544463,1.000000
-0.183614,-0.010172,-0.936349,-0.006408,0.436393,-0.174377,-0.462451,-0.833977,-0.466485,1.000000
-0.590741,0.005974,-0.379471,-0.014676,0.157307,-0.077287,0.295605,-0.368312,-0.463947,1.000000
-0.918752,-0.006945,2.321550,-0.424803,-0.214260,-0.008333,2.443000,1.135270,-0.307154,1.000000
0.639298,-0.006945,0.070700,-0.014676,0.993334,-0.001766,-0.548013,-0.979141,-0.542344,1.000000
-0.180728,-0.006945,-0.041843,0.161093,0.528875,-0.008333,0.142220,-0.556260,-0.542344,1.000000
4.411420,-0.006945,1.983930,0.278273,1.643580,-0.041168,-2.772100,-0.838181,0.712006,5.000000
0.632539,0.002625,-0.936349,-0.006408,-1.775240,-0.113091,-1.223740,1.448990,1.872840,4.000000
-0.346844,-0.010172,-0.375094,-0.006408,0.436393,0.009481,0.070454,-0.601021,-0.544463,1.000000
0.061232,0.066611,-0.375094,-0.006408,0.712847,0.143196,-0.310193,-0.833977,-0.544463,1.000000
0.550923,0.002625,-1.048600,-0.006408,-2.143850,0.093053,-1.223740,1.775130,2.106770,4.000000
-0.918752,-0.006945,0.745956,-0.014676,-0.492935,0.047486,1.369300,0.853346,0.006434,1.000000
-0.590741,-0.032785,0.070700,-0.014676,0.343091,0.021218,0.679067,-0.274338,-0.542344,1.000000
-0.754747,-0.019865,-0.717099,-0.190445,0.157307,-0.024751,0.295605,-0.462286,-0.542344,1.000000
-0.183614,0.028219,0.186161,-0.006408,0.528545,-0.007233,0.298841,-0.461247,-0.544463,1.000000
0.306078,0.015422,-0.375094,0.066756,0.804999,-0.007233,-0.538580,-0.973751,-0.544463,1.000000
0.061232,0.002625,0.186161,-0.006408,0.712847,0.048481,0.070454,-0.601021,-0.544463,1.000000
-0.836749,-0.006945,0.745956,-0.014676,-1.050290,-0.001766,1.292610,1.323210,0.398418,1.000000
-0.918151,0.002625,2.094430,0.188695,-0.485121,-0.007233,2.278200,1.402400,0.001380,1.000000
0.061232,0.041016,0.298412,-0.006408,0.712847,-0.001662,0.146583,-0.554430,-0.544463,1.000000
0.229285,-0.032785,-0.942184,-0.014676,0.714658,-0.041168,-0.854783,-1.073110,-0.463947,1.000000
1.530310,0.066611,2.992440,-0.006408,1.542210,-0.007233,0.603358,-0.274882,-0.544463,1.000000
-0.918151,0.002625,-0.824098,-0.055183,-1.038030,-0.007233,0.374971,0.656943,0.391268,1.000000
-0.265229,0.015422,-1.048600,-0.006408,0.436393,-0.040662,-0.462451,-0.880569,-0.466485,1.000000
-0.346844,-0.010172,0.298412,-0.006408,0.436393,0.009481,0.527229,-0.321473,-0.544463,1.000000
-0.265229,0.002625,-0.487345,-0.006408,0.436393,-0.146519,-0.081805,-0.647612,-0.466485,1.000000
-0.754920,-0.022969,-0.936349,-0.006408,0.159939,-0.007233,0.146583,-0.554430,-0.544463,1.000000
-0.918151,0.002625,0.971919,-0.006408,-1.222330,-0.040662,1.516910,1.635360,0.625201,1.000000
0.065280,0.018894,-0.717099,0.102504,0.714658,0.014651,-0.548013,-0.979141,-0.542344,1.000000
0.632539,0.002625,1.084170,-0.006408,0.897150,-0.152091,0.222712,-0.461247,-0.466485,1.000000
0.557296,-0.006945,-0.717099,-0.131855,-0.400043,-0.024751,-1.084860,0.101556,0.633609,4.000000
-0.101998,0.002625,-0.262843,-0.030795,0.528545,-0.007233,-0.081805,-0.647612,-0.544463,1.000000
-0.918752,-0.006945,1.533760,-0.014676,-0.214260,0.021218,1.829460,0.806359,-0.307154,1.000000
0.061232,-0.035766,-0.487345,-0.006408,0.528545,-0.152091,-0.310193,-0.740795,-0.466485,1.000000
-0.344734,-0.032785,-1.054730,-0.014676,0.435983,0.011368,-0.394628,-0.885168,-0.542344,1.000000
0.065280,-0.006945,1.646300,-0.424803,0.528875,-0.090421,1.062530,0.148543,-0.463947,1.000000
-0.346844,0.041016,-0.262843,0.066756,0.436393,-0.001662,0.070454,-0.554430,-0.544463,1.000000
0.557296,-0.006945,-0.379471,0.219683,-2.257880,0.037636,-0.854783,2.168980,2.201550,4.000000
-0.590741,-0.006945,0.295786,-0.014676,0.343091,0.077038,0.832452,-0.180365,-0.542344,1.000000
0.550923,0.002625,-0.936349,-0.006408,-2.973210,-0.163234,-1.147610,2.660370,2.808570,4.000000
-0.918151,0.015422,0.522914,-0.006408,-0.300818,0.104196,1.212390,0.517169,-0.232552,1.000000
-0.590741,0.031814,1.871380,-0.014676,0.343091,0.011368,1.829460,0.430464,-0.542344,1.000000
-0.918151,0.002625,-1.048600,-0.103959,0.067787,-0.001662,0.222712,-0.507838,-0.544463,1.000000
0.142847,0.002625,-0.487345,-0.006408,0.712847,-0.012805,-0.462451,-0.880569,-0.544463,1.000000
0.224462,0.015422,0.073910,-0.006408,0.804999,0.003910,-0.157934,-0.787386,-0.544463,1.000000
-0.918752,-0.006945,-0.829642,-0.014676,-1.236070,-0.037885,0.295605,0.900333,0.633609,1.000000
0.550923,0.053813,-0.936349,-0.006408,-0.024364,-0.007233,-1.147610,-0.321473,0.313291,4.000000
-0.918752,-0.006945,1.308670,-0.014676,-0.678719,-0.051019,1.752760,1.229240,0.084831,1.000000
-0.101998,0.002625,2.655680,0.115531,0.528545,-0.007233,1.821430,0.517169,-0.544463,1.000000
-0.918151,0.002625,-0.711847,-0.006408,-0.208667,-0.090805,0.451100,-0.135108,-0.310530,1.000000
-0.020383,0.015422,-0.487345,0.139919,0.528545,-0.007233,-0.386322,-0.787386,-0.466485,1.000000
0.224462,0.002625,-0.936349,-0.006408,0.804999,0.042910,-0.843097,-1.206710,-0.544463,1.000000
0.550923,0.002625,1.084170,-0.006408,-0.024364,-0.057376,0.222712,0.517169,0.313291,4.000000
0.061232,0.002625,-0.262843,-0.030795,0.528545,-0.085234,-0.234063,-0.647612,-0.466485,1.000000
0.387693,0.002625,0.073910,-0.030795,0.897150,-0.007233,-0.386322,-0.880569,-0.544463,1.000000
-0.918151,0.002625,-0.599596,-0.006408,-0.024364,-0.135376,0.451100,-0.228291,-0.466485,1.000000
-0.918151,0.002625,-1.048600,-0.006408,-0.300818,-0.101948,0.146583,-0.181700,-0.232552,1.000000
-0.918151,0.002625,-0.936349,-0.006408,0.067787,0.037338,0.222712,-0.461247,-0.466485,1.000000
-0.510074,0.002625,-0.262843,0.017980,0.344242,-0.007233,0.374971,-0.414656,-0.544463,1.000000
0.224462,0.002625,-0.262843,-0.006408,0.712847,-0.146519,-0.462451,-0.833977,-0.466485,1.000000
0.224462,0.015422,-0.375094,-0.006408,0.804999,0.009481,-0.462451,-0.973751,-0.544463,1.000000
0.387693,-0.022969,-0.262843,-0.006408,0.804999,-0.118662,-0.538580,-0.880569,-0.466485,1.000000
-0.918151,0.002625,0.859668,-0.006408,-0.300818,0.020624,1.364650,0.610352,-0.232552,1.000000
0.632539,0.002625,1.308670,-0.103959,0.528545,-0.007233,0.298841,0.004666,-0.154575,4.000000
-0.918151,0.002625,-0.824098,-0.006408,-1.775240,0.054053,0.374971,1.495590,1.093070,1.000000
-0.918151,0.002625,-1.160850,-0.177122,-0.392970,-0.046233,0.070454,-0.088517,-0.076597,1.000000
0.550923,0.002625,-0.936349,-0.006408,-2.512450,-0.007233,-1.223740,2.147860,2.418680,4.000000
-0.918151,0.002625,-0.599596,0.091144,-1.130180,-0.007233,0.451100,0.889900,0.469246,1.000000
-0.016723,-0.006945,-0.492013,-0.014676,0.528875,-0.018184,-0.317935,-0.744207,-0.463947,1.000000
0.550923,0.002625,1.084170,0.139919,0.067787,-0.046233,0.222712,0.377396,0.235313,4.000000
0.550923,0.002625,0.859668,-0.006408,0.804999,-0.168805,0.070454,-0.414656,-0.388508,4.000000
-0.346844,0.002625,-0.150592,-0.006408,0.436393,0.031767,0.298841,-0.461247,-0.544463,1.000000
-0.918151,0.002625,0.971919,0.042368,-0.024364,0.165481,1.516910,0.470578,-0.388508,1.000000
-0.836535,-0.010172,-1.048600,0.188695,0.159939,-0.007233,0.070454,-0.647612,-0.544463,1.000000
0.632539,0.002625,1.196420,-0.006408,0.897150,-0.140948,0.222712,-0.414656,-0.466485,1.000000
-0.183614,0.066611,0.073910,-0.030795,0.528545,0.042910,0.298841,-0.507838,-0.544463,1.000000
-0.346844,0.002625,-0.150592,-0.006408,0.344242,-0.096376,0.222712,-0.368065,-0.466485,1.000000
-0.918151,0.002625,0.971919,-0.006408,-1.130180,0.048481,1.516910,1.542180,0.547223,1.000000
-0.918151,0.015422,-0.936349,-0.006408,-2.696760,-0.107519,0.222712,2.427410,1.872840,1.000000
-0.918151,0.002625,-0.824098,-0.006408,-1.867390,-0.135376,0.374971,1.635360,1.171040,1.000000
-0.918752,-0.006945,-0.266928,-0.014676,-1.607640,0.004801,0.679067,1.511160,0.868800,1.000000
-0.510074,0.002625,0.073910,0.066756,0.344242,-0.007233,0.527229,-0.274882,-0.466485,1.000000
-0.918151,0.002625,-0.375094,-0.006408,0.067787,-0.040662,0.603358,-0.228291,-0.466485,1.000000
0.885306,0.005974,0.183243,0.336862,1.179120,-0.008333,-0.701398,-1.073110,-0.542344,1.000000
-0.426736,-0.006945,-0.717099,-0.014676,0.435983,0.093455,-0.087858,-0.744207,-0.542344,1.000000
-0.101998,-0.010172,0.298412,-0.006408,0.528545,-0.007233,0.298841,-0.414656,-0.544463,1.000000
0.061232,0.053813,-0.824098,-0.006408,0.712847,-0.001662,-0.614710,-1.020340,-0.544463,1.000000
0.557296,-0.006945,0.745956,-0.190445,0.528875,-0.008333,-0.087858,-0.274338,-0.228757,4.000000
2.999380,0.015422,0.298412,0.017980,-1.683090,-0.023948,-2.594070,1.868320,2.886550,5.000000
0.550923,0.002625,0.747417,-0.006408,-1.222330,-0.023948,-0.005676,1.542180,1.327000,4.000000
0.469308,-0.048563,0.073910,-0.006408,0.897150,-0.007233,-0.386322,-0.880569,-0.544463,1.000000
-0.591690,0.028219,-0.487345,-0.006408,0.344242,0.042910,0.146583,-0.554430,-0.544463,1.000000
-0.918151,0.002625,-0.262843,-0.006408,-1.498790,0.148767,0.679488,1.402400,0.781156,1.000000
-0.918151,0.002625,-0.711847,-0.006408,-1.222330,-0.040662,0.374971,0.936491,0.547223,1.000000
-0.754920,0.002625,-0.711847,0.066756,0.159939,-0.007233,0.298841,-0.461247,-0.544463,1.000000
0.632539,0.028219,1.420920,-0.006408,0.712847,-0.168805,0.374971,-0.088517,-0.310530,4.000000
-0.265229,0.002625,0.522914,-0.006408,0.528545,0.048481,0.527229,-0.368065,-0.544463,1.000000
0.550923,0.002625,1.196420,-0.006408,0.528545,-0.079662,0.298841,-0.041926,-0.232552,4.000000
0.557296,0.044733,1.196130,-0.014676,0.807550,-0.008333,0.295605,-0.321325,-0.385550,4.000000
-0.428459,0.015422,0.298412,-0.030795,0.344242,-0.007233,0.603358,-0.228291,-0.466485,1.000000
0.550923,-0.022969,-0.824098,-0.006408,-1.222330,-0.040662,-1.071480,0.889900,1.327000,4.000000
2.346460,0.002625,-0.487345,-0.006408,-3.433970,-0.007233,-2.517940,3.359240,4.056210,5.000000
0.550923,0.002625,-0.711847,0.042368,-1.038030,-0.007233,-1.071480,0.703535,1.093070,4.000000
-0.918151,0.002625,-0.150592,0.139919,-0.208667,0.070767,0.755617,0.097848,-0.310530,1.000000
0.632539,0.002625,1.420920,-0.006408,0.528545,0.115338,0.374971,0.004666,-0.154575,4.000000
1.122230,-0.022969,2.992440,-0.006408,1.265760,-0.007233,0.984005,-0.041926,-0.544463,1.000000
-0.591690,-0.061360,-1.048600,-0.006408,0.159939,-0.113091,-0.157934,-0.647612,-0.466485,1.000000
0.142847,-0.022969,-0.150592,-0.006408,0.712847,-0.007233,-0.157934,-0.740795,-0.544463,1.000000
-0.918151,-0.061360,-0.487345,-0.006408,0.067787,-0.007233,0.527229,-0.321473,-0.544463,1.000000
0.306078,0.028219,-0.599596,-0.006408,0.804999,-0.007233,-0.690839,-1.066930,-0.544463,1.000000
0.224462,0.028219,-0.262843,-0.030795,0.712847,-0.012805,-0.386322,-0.833977,-0.466485,1.000000
0.632539,0.002625,-0.711847,0.066756,-1.590940,-0.001662,-0.995356,1.309220,1.638910,4.000000
-0.098725,0.044733,0.295786,-0.014676,0.528875,-0.008333,0.372297,-0.415299,-0.542344,1.000000
-0.428459,0.002625,-0.150592,0.115531,0.344242,-0.007233,0.374971,-0.368065,-0.466485,1.000000
0.393290,-0.006945,0.070700,0.102504,0.900442,0.011368,-0.317935,-0.885168,-0.542344,1.000000
0.632539,0.002625,1.196420,-0.006408,0.897150,0.065196,0.222712,-0.414656,-0.466485,1.000000
-0.918151,0.002625,-0.711847,-0.006408,-1.314480,0.020624,0.374971,1.076260,0.703178,1.000000
0.229285,-0.006945,-0.942184,-0.014676,0.807550,0.037636,-0.854783,-1.214080,-0.542344,1.000000
-0.918151,0.002625,-0.936349,-0.006408,-2.051700,-0.007233,0.298841,1.728540,1.249020,1.000000
0.550923,0.002625,1.084170,-0.030795,0.804999,-0.007233,0.222712,-0.321473,-0.388508,4.000000
2.279350,0.018894,-0.492013,-0.014676,-3.558360,-0.008333,-2.542020,3.484610,4.161470,5.000000
1.459320,-0.006945,3.109350,-0.014676,1.364900,-0.074003,0.755760,-0.133378,-0.463947,1.000000
0.632539,0.002625,1.420920,0.017980,0.712847,-0.007233,0.374971,-0.088517,-0.232552,4.000000
-0.673305,-0.048563,-0.599596,0.066756,0.159939,-0.007233,0.222712,-0.461247,-0.466485,1.000000
-0.346844,0.002625,0.298412,-0.006408,0.344242,-0.168805,0.527229,-0.228291,-0.466485,1.000000
-0.836535,-0.035766,-0.375094,-0.103959,0.159939,-0.046233,0.527229,-0.368065,-0.544463,1.000000
-0.918151,0.002625,-0.711847,-0.128346,-1.130180,-0.007233,0.374971,0.843308,0.469246,1.000000
2.999380,0.002625,0.298412,-0.055183,-1.498790,-0.035090,-2.594070,1.635360,2.652620,5.000000
0.306078,-0.048563,-0.599596,-0.006408,0.804999,-0.007233,-0.690839,-1.066930,-0.544463,1.000000
-0.344734,-0.006945,-1.054730,0.102504,0.435983,0.024502,-0.394628,-0.885168,-0.542344,1.000000
0.311288,-0.006945,-0.604556,0.161093,0.807550,-0.008333,-0.701398,-1.073110,-0.542344,1.000000
2.672920,0.002625,-0.150592,-0.006408,-2.143850,0.154339,-2.517940,2.147860,3.120480,5.000000
0.550923,0.002625,0.747417,-0.055183,-1.775240,-0.007233,-0.081805,2.147860,1.794860,4.000000
-0.918151,0.002625,-0.936349,-0.006408,-0.853727,-0.101948,0.298841,0.517169,0.313291,1.000000
-0.918752,-0.006945,-0.266928,-0.014676,-1.607640,0.008084,0.679067,1.511160,0.868800,1.000000
-0.020383,-0.061360,-0.487345,-0.006408,0.528545,-0.074091,-0.310193,-0.740795,-0.466485,1.000000
-0.836535,0.015422,-0.711847,-0.006408,0.159939,-0.007233,0.298841,-0.507838,-0.544463,1.000000
0.632539,0.002625,1.084170,-0.006408,0.528545,0.154339,0.222712,-0.088517,-0.154575,4.000000
-0.101998,0.066611,0.298412,-0.006408,0.528545,-0.007233,0.298841,-0.461247,-0.544463,1.000000
0.632539,-0.022969,1.308670,-0.006408,0.436393,-0.101948,0.298841,0.097848,-0.076597,4.000000
0.632539,0.015422,-0.711847,-0.006408,-0.853727,-0.001662,-1.071480,0.563761,1.015090,4.000000
-0.262731,-0.006945,0.183243,-0.014676,0.435983,-0.074003,0.372297,-0.368312,-0.463947,1.000000
0.061232,0.028219,-0.711847,0.017980,0.712847,0.026195,-0.538580,-0.973751,-0.544463,1.000000
0.061232,-0.010172,0.073910,-0.006408,0.528545,-0.163234,-0.005676,-0.554430,-0.466485,1.000000
-0.183614,-0.048563,-1.048600,0.017980,0.528545,-0.007233,-0.538580,-0.973751,-0.544463,1.000000
-0.918151,0.002625,-1.048600,-0.006408,-0.485121,0.020624,0.146583,0.097848,0.001380,1.000000
-0.918151,0.002625,1.420920,-0.079571,-0.208667,-0.007233,1.821430,0.750126,-0.310530,1.000000
-0.591690,0.002625,0.298412,-0.006408,0.344242,0.120910,0.831746,-0.181700,-0.544463,1.000000
0.795769,-0.010172,2.431180,-0.103959,0.989302,-0.007233,0.907875,-0.041926,-0.544463,1.000000
4.657430,0.031814,2.321550,0.043914,1.736470,0.008084,-2.772100,-0.838181,0.712006,5.000000
-0.836535,0.002625,-0.711847,0.115531,0.159939,-0.007233,0.298841,-0.507838,-0.544463,1.000000
4.411420,0.018894,1.983930,0.102504,1.736470,0.034352,-2.772100,-0.932154,0.633609,5.000000
2.754530,0.066611,0.073910,0.188695,-3.433970,-0.001662,-2.441810,3.592190,4.290150,5.000000
-0.918151,0.002625,-0.711847,-0.006408,-1.038030,-0.023948,0.374971,0.703535,0.391268,1.000000
0.632539,0.002625,-0.936349,-0.006408,0.436393,-0.029519,-1.147610,-0.787386,-0.076597,4.000000
0.061232,0.002625,0.298412,0.066756,0.528545,-0.057376,0.222712,-0.414656,-0.466485,1.000000
-0.591690,-0.010172,-0.711847,-0.006408,0.159939,-0.085234,0.146583,-0.461247,-0.466485,1.000000
-0.918151,-0.022969,-0.824098,-0.177122,-0.024364,-0.074091,0.298841,-0.274882,-0.388508,1.000000
-0.918752,-0.006945,-0.829642,-0.014676,-1.328960,0.017935,0.372297,1.041290,0.712006,1.000000
-0.918151,0.002625,2.318930,-0.006408,-0.392970,0.093053,2.430460,1.355810,-0.076597,1.000000
0.387693,0.015422,-0.262843,-0.006408,0.897150,0.076338,-0.538580,-1.066930,-0.544463,1.000000
0.632539,0.041016,1.533170,-0.006408,0.712847,-0.007233,0.374971,-0.088517,-0.232552,4.000000
0.469308,0.053813,-0.936349,-0.006408,-0.300818,-0.007233,-1.071480,-0.135108,0.469246,4.000000
-0.428459,0.002625,-0.487345,-0.006408,0.344242,-0.051805,-0.005676,-0.554430,-0.466485,1.000000
0.632539,0.002625,-0.487345,-0.006408,-2.420300,-0.051805,-0.919227,2.241050,2.340710,4.000000
0.632539,0.041016,1.308670,-0.006408,0.436393,0.009481,0.298841,0.097848,-0.076597,4.000000
0.795769,0.002625,-0.262843,0.115531,0.989302,-0.007233,-0.919227,-1.160120,-0.544463,1.000000
-0.918151,0.002625,-0.599596,0.188695,-1.222330,-0.012805,0.451100,0.983082,0.547223,1.000000
-0.265229,0.015422,-1.048600,-0.103959,0.436393,-0.007233,-0.462451,-0.880569,-0.544463,1.000000
-0.918151,0.002625,-0.936349,-0.055183,0.067787,-0.023948,0.222712,-0.461247,-0.544463,1.000000
-0.346844,0.015422,-0.936349,-0.006408,0.344242,-0.090805,-0.234063,-0.694203,-0.466485,1.000000
0.557296,-0.006945,-0.942184,-0.073265,-0.492935,-0.018184,-1.161550,0.148543,0.712006,4.000000
0.632539,0.002625,-0.711847,-0.006408,-1.038030,-0.068519,-1.071480,0.703535,1.093070,4.000000
-0.020383,0.002625,2.655680,-0.006408,0.528545,-0.007233,1.821430,0.563761,-0.466485,1.000000
-0.918151,0.002625,-1.048600,0.164307,-0.392970,-0.007233,0.146583,-0.041926,-0.076597,1.000000
0.639298,0.044733,0.070700,-0.014676,0.993334,0.050770,-0.471321,-0.979141,-0.542344,1.000000
-0.183614,0.002625,-0.375094,0.017980,0.528545,0.031767,-0.081805,-0.740795,-0.544463,1.000000
-0.918752,-0.006945,2.096470,0.161093,-0.492935,-0.008333,2.212920,1.370200,0.006434,1.000000
-0.020383,-0.022969,0.298412,-0.006408,0.712847,0.143196,0.146583,-0.554430,-0.544463,1.000000
-0.101998,-0.022969,-1.048600,-0.201510,0.528545,-0.074091,-0.538580,-0.973751,-0.544463,1.000000
-0.918151,0.002625,-0.936349,-0.006408,-1.222330,-0.012805,0.298841,0.889900,0.547223,1.000000
-0.918151,0.002625,-0.936349,-0.006408,-0.024364,-0.118662,0.222712,-0.368065,-0.388508,1.000000
0.632539,0.053813,-0.375094,-0.006408,0.897150,-0.163234,-0.843097,-1.066930,-0.466485,1.000000
0.795769,0.015422,0.073910,-0.006408,0.989302,-0.007233,-0.766968,-1.020340,-0.466485,1.000000
0.065280,0.031814,-0.492013,-0.014676,0.714658,0.054053,-0.317935,-0.885168,-0.542344,1.000000
0.306078,-0.048563,0.073910,-0.006408,0.804999,-0.018376,-0.310193,-0.787386,-0.544463,1.000000
-0.918151,0.002625,-1.048600,-0.006408,-0.669424,0.037338,0.222712,0.191031,0.079358,1.000000
-0.346844,0.002625,-0.711847,-0.103959,0.436393,0.098624,-0.157934,-0.740795,-0.544463,1.000000
-0.265229,0.015422,-1.048600,-0.006408,0.436393,-0.018376,-0.538580,-0.880569,-0.466485,1.000000
-0.346844,0.002625,-1.048600,0.017980,0.436393,0.037338,-0.386322,-0.880569,-0.544463,1.000000
-0.265229,0.002625,-0.487345,-0.006408,0.436393,-0.124234,-0.081805,-0.647612,-0.466485,1.000000
-0.591690,0.002625,-0.824098,0.017980,0.344242,0.009481,-0.005676,-0.647612,-0.544463,1.000000
0.550923,-0.022969,-0.599596,-0.006408,-1.775240,0.031767,-0.919227,1.588770,1.794860,4.000000
-0.918151,0.002625,-0.262843,-0.006408,-1.590940,-0.096376,0.679488,1.495590,0.859133,1.000000
-0.918151,0.002625,-1.160850,-0.006408,-0.300818,0.232339,0.070454,-0.228291,-0.232552,1.000000
0.061232,0.002625,-0.599596,-0.006408,0.712847,0.054053,-0.462451,-0.927160,-0.544463,1.000000
0.721301,-0.006945,-0.492013,-0.073265,0.993334,-0.014900,-1.008170,-1.261060,-0.542344,1.000000
2.754530,0.002625,0.073910,-0.030795,-3.433970,0.015052,-2.517940,3.592190,4.290150,5.000000
-0.918752,-0.006945,2.546640,-0.834931,-0.307152,-0.008333,2.519690,1.323210,-0.228757,1.000000
-0.836535,0.002625,0.971919,-0.006408,0.067787,0.115338,1.440780,0.330804,-0.466485,1.000000
0.639298,-0.006945,-0.717099,0.336862,-1.607640,0.001517,-1.008170,1.323210,1.652770,4.000000
1.295320,0.005974,3.109350,0.278273,1.272010,-0.008333,0.909145,0.007583,-0.463947,1.000000
-0.183614,0.066611,-0.375094,-0.006408,0.528545,-0.007233,-0.081805,-0.740795,-0.544463,1.000000
-0.918151,0.002625,-0.936349,-0.006408,-1.498790,-0.001662,0.222712,1.076260,0.781156,1.000000
-0.918151,0.002625,-0.711847,-0.152734,-1.130180,-0.007233,0.451100,0.843308,0.469246,1.000000
0.550923,0.002625,1.084170,-0.177122,0.159939,-0.007233,0.222712,0.284213,0.079358,4.000000
0.224462,0.028219,-0.375094,-0.006408,0.804999,0.042910,-0.462451,-0.973751,-0.544463,1.000000
-0.918151,0.002625,-1.048600,-0.055183,-0.208667,-0.018376,0.146583,-0.274882,-0.310530,1.000000
0.065280,-0.006945,-0.154385,-0.014676,0.714658,-0.005050,-0.164550,-0.744207,-0.542344,1.000000
0.632539,0.002625,1.308670,-0.006408,0.344242,0.076338,0.298841,0.191031,0.001380,4.000000
0.557296,-0.006945,1.083580,-0.073265,0.435983,0.067187,0.218912,0.007583,-0.071963,4.000000
-0.183614,0.002625,0.073910,-0.006408,0.528545,0.009481,0.298841,-0.507838,-0.544463,1.000000
0.632539,0.002625,0.859668,-0.006408,0.528545,-0.007233,-0.005676,-0.228291,-0.154575,4.000000
2.754530,0.002625,0.073910,0.188695,-2.143850,-0.007233,-2.517940,2.241050,3.198460,5.000000
-0.183614,0.002625,0.298412,0.115531,0.528545,0.048481,0.374971,-0.461247,-0.544463,1.000000
0.229285,-0.006945,0.183243,-0.014676,0.807550,-0.008333,-0.087858,-0.744207,-0.542344,1.000000
-0.918151,0.002625,-1.048600,-0.006408,0.159939,0.059624,0.070454,-0.647612,-0.544463,1.000000
-0.918151,0.002625,-0.936349,-0.128346,-0.024364,-0.040662,0.222712,-0.368065,-0.466485,1.000000
-0.918151,0.002625,-0.599596,-0.006408,-0.392970,-0.035090,0.451100,0.144439,-0.076597,1.000000
-0.918752,-0.006945,-0.154385,-0.014676,-0.492935,-0.106838,0.755760,0.477451,0.006434,1.000000
0.224462,0.015422,0.298412,-0.006408,0.712847,-0.007233,-0.005676,-0.554430,-0.466485,1.000000
-0.428459,0.002625,-0.262843,-0.103959,0.344242,-0.007233,0.222712,-0.414656,-0.466485,1.000000
-0.918151,0.002625,-0.936349,-0.006408,-0.024364,-0.046233,0.222712,-0.321473,-0.388508,1.000000
-0.918151,0.002625,-0.936349,-0.006408,-0.300818,-0.135376,0.222712,-0.135108,-0.232552,1.000000
-0.590741,-0.006945,-0.266928,0.102504,0.157307,-0.070720,0.372297,-0.321325,-0.463947,1.000000
0.714154,0.002625,-0.487345,-0.103959,0.989302,-0.007233,-0.995356,-1.253300,-0.544463,1.000000
0.632539,0.015422,-0.711847,-0.006408,0.989302,0.081910,-0.995356,-1.299890,-0.544463,1.000000
0.632539,0.002625,1.084170,-0.006408,0.159939,-0.029519,0.222712,0.284213,0.157335,4.000000
-0.918752,-0.006945,-0.717099,-0.014676,-0.864502,0.050770,0.372297,0.571425,0.320021,1.000000
0.550923,0.002625,-0.711847,-0.006408,-0.485121,0.048481,-1.071480,0.191031,0.703178,4.000000
-0.020383,-0.035766,-0.824098,-0.030795,0.528545,-0.018376,-0.538580,-0.880569,-0.466485,1.000000
0.550923,0.002625,-0.936349,-0.006408,-0.300818,-0.007233,-1.223740,-0.135108,0.547223,4.000000
-0.016723,-0.071544,-0.942184,-0.014676,0.528875,-0.008333,-0.624706,-0.979141,-0.463947,1.000000
0.639298,-0.006945,1.083580,-0.014676,0.343091,-0.054302,0.218912,0.148543,0.006434,4.000000
-0.265229,0.002625,-0.262843,-0.006408,0.528545,0.120910,0.070454,-0.647612,-0.544463,1.000000
0.632539,0.002625,0.747417,-0.006408,0.712847,0.076338,-0.081805,-0.368065,-0.310530,4.000000
0.061232,0.041016,0.522914,0.042368,0.528545,-0.029519,0.374971,-0.321473,-0.466485,1.000000
4.713300,-0.048563,2.543430,-0.006408,1.634360,-0.007233,-2.670200,-0.601021,0.859133,5.000000
0.065280,-0.006945,2.771730,-0.249034,0.528875,-0.014900,1.829460,0.618412,-0.463947,1.000000
4.631680,0.015422,2.318930,-0.006408,1.634360,-0.007233,-2.746330,-0.694203,0.781156,5.000000
-0.918151,0.002625,1.308670,-0.006408,0.067787,-0.079662,1.745300,0.470578,-0.466485,1.000000
-0.591690,0.002625,0.186161,0.042368,0.159939,-0.040662,0.679488,-0.135108,-0.466485,1.000000
0.557296,-0.006945,-0.942184,-0.014676,0.343091,0.047486,-1.161550,-0.697220,0.006434,4.000000
-0.098725,-0.006945,0.070700,-0.014676,0.528875,-0.008333,0.218912,-0.509273,-0.542344,1.000000
-0.183614,0.002625,-0.150592,-0.128346,0.528545,-0.007233,0.070454,-0.647612,-0.544463,1.000000
-0.918752,-0.006945,-0.829642,-0.014676,-1.514740,-0.031318,0.372297,1.135270,0.790403,1.000000
1.285460,0.002625,2.767940,-0.006408,1.265760,-0.140948,0.679488,-0.135108,-0.466485,1.000000
-0.918151,0.002625,-0.375094,-0.006408,-0.208667,-0.023948,0.603358,0.004666,-0.310530,1.000000
-0.918752,-0.006945,1.983930,-0.424803,-0.400043,-0.008333,2.212920,1.229240,-0.071963,1.000000
-0.754920,0.002625,0.073910,-0.079571,0.159939,-0.007233,0.755617,-0.181700,-0.544463,1.000000
-0.346844,0.002625,-0.936349,0.042368,0.344242,-0.101948,-0.234063,-0.694203,-0.466485,1.000000
-0.183614,0.028219,0.859668,0.115531,0.528545,-0.007233,0.755617,-0.228291,-0.544463,1.000000
-0.591690,-0.035766,-0.262843,-0.006408,0.344242,-0.007233,0.298841,-0.461247,-0.544463,1.000000
-0.428459,0.002625,-0.038341,0.017980,0.436393,0.031767,0.374971,-0.461247,-0.544463,1.000000
-0.591690,-0.022969,-0.487345,-0.006408,0.344242,0.059624,0.222712,-0.554430,-0.544463,1.000000
-0.426736,-0.006945,-1.167270,-0.014676,0.343091,-0.047735,-0.394628,-0.791194,-0.463947,1.000000
0.550923,0.053813,-0.824098,-0.006408,0.344242,-0.007233,-1.071480,-0.647612,0.001380,4.000000
-0.918752,-0.006945,-0.829642,-0.014676,-0.864502,-0.018184,0.372297,0.571425,0.320021,1.000000
2.428070,0.015422,-0.487345,-0.006408,-3.433970,0.627911,-2.517940,3.359240,4.134190,5.000000
-0.508739,-0.032785,-0.492013,-0.014676,0.343091,-0.008333,0.142220,-0.509273,-0.463947,1.000000
0.475293,0.057653,-0.266928,-0.014676,0.900442,-0.008333,-0.624706,-1.026130,-0.542344,1.000000
-0.918752,-0.006945,-0.492013,-0.014676,0.157307,0.057337,0.448990,-0.415299,-0.542344,1.000000
-0.020383,-0.022969,-0.936349,-0.006408,0.528545,-0.007233,-0.538580,-0.927160,-0.466485,1.000000
-0.918752,-0.006945,-0.604556,-0.190445,-0.400043,-0.008333,0.448990,0.148543,-0.150360,1.000000
-0.918151,0.002625,-1.048600,0.017980,-0.669424,-0.007233,0.222712,0.191031,0.079358,1.000000
-0.265229,0.002625,0.073910,-0.006408,0.436393,-0.174377,0.222712,-0.414656,-0.466485,1.000000
-0.836535,0.015422,-0.936349,-0.006408,0.067787,-0.118662,0.146583,-0.461247,-0.466485,1.000000
-0.591690,-0.022969,0.073910,-0.006408,0.344242,0.087481,0.679488,-0.274882,-0.544463,1.000000
-0.180728,-0.006945,0.520871,-0.014676,0.528875,0.017935,0.525682,-0.321325,-0.542344,1.000000
-0.590741,-0.006945,-1.054730,-0.014676,0.157307,-0.067436,-0.164550,-0.650233,-0.463947,1.000000
0.550923,-0.022969,1.533170,0.042368,0.344242,-0.007233,0.451100,0.284213,0.001380,4.000000
0.550923,-0.010172,1.084170,-0.006408,0.344242,-0.113091,0.222712,0.144439,0.001380,4.000000
-0.918151,0.002625,1.982180,-0.006408,-0.669424,-0.023948,2.202070,1.448990,0.079358,1.000000
-0.183614,-0.010172,0.186161,-0.079571,0.528545,-0.035090,0.298841,-0.461247,-0.544463,1.000000
-0.508739,-0.032785,-0.154385,-0.424803,0.343091,-0.008333,0.372297,-0.368312,-0.542344,1.000000
-0.428459,-0.010172,-0.487345,0.115531,0.344242,-0.029519,0.070454,-0.507838,-0.466485,1.000000
0.550923,0.002625,0.747417,-0.055183,0.528545,-0.007233,-0.081805,-0.274882,-0.232552,4.000000
-0.918151,0.002625,0.522914,-0.055183,-0.485121,-0.029519,1.136260,0.703535,0.001380,1.000000
-0.591690,0.002625,-1.160850,-0.006408,0.159939,-0.074091,-0.234063,-0.694203,-0.466485,1.000000
-0.346844,0.002625,-0.262843,0.139919,0.436393,0.003910,0.222712,-0.554430,-0.544463,1.000000
-0.591690,0.002625,0.522914,0.139919,0.344242,0.104196,0.907875,-0.135108,-0.544463,1.000000
-0.918151,0.002625,-0.711847,-0.006408,-1.130180,0.533197,0.374971,0.843308,0.469246,1.000000
-0.510074,0.002625,0.298412,0.066756,0.344242,-0.007233,0.679488,-0.228291,-0.544463,1.000000
0.387693,0.028219,-0.711847,-0.006408,0.804999,-0.074091,-0.843097,-1.113520,-0.466485,1.000000
0.632539,0.002625,1.196420,-0.006408,0.897150,-0.090805,0.222712,-0.414656,-0.466485,1.000000
0.387693,-0.048563,-0.711847,-0.006408,0.804999,-0.118662,-0.843097,-1.113520,-0.466485,1.000000
-0.918151,0.002625,-1.160850,-0.006408,-0.485121,-0.035090,0.070454,0.051257,0.001380,1.000000
0.061232,0.041016,0.073910,-0.006408,0.528545,-0.074091,0.070454,-0.507838,-0.466485,1.000000
0.632539,0.002625,-0.711847,-0.006408,-0.853727,0.037338,-1.071480,0.563761,1.015090,4.000000
-0.754920,0.015422,1.308670,-0.006408,0.159939,-0.007233,1.593040,0.330804,-0.544463,1.000000
2.607360,-0.006945,-0.154385,0.161093,-2.722340,0.011368,-2.542020,2.779810,3.612690,5.000000
-0.918151,-0.022969,-0.936349,-0.006408,0.067787,0.109767,0.222712,-0.461247,-0.544463,1.000000
-0.918151,0.002625,-0.936349,-0.030795,-0.392970,0.087481,0.222712,0.004666,-0.154575,1.000000
-0.510074,0.053813,0.073910,-0.006408,0.344242,-0.007233,0.527229,-0.274882,-0.466485,1.000000
0.632539,0.002625,1.084170,-0.103959,0.804999,-0.007233,0.222712,-0.321473,-0.388508,4.000000
-0.101998,0.002625,0.298412,-0.177122,0.528545,-0.007233,0.298841,-0.461247,-0.544463,1.000000
4.713300,0.002625,2.543430,0.139919,1.634360,-0.007233,-2.670200,-0.601021,0.859133,5.000000
2.771370,-0.006945,0.070700,-0.073265,-3.465470,-0.008333,-2.542020,3.625570,4.318260,5.000000
-0.428459,0.002625,0.298412,-0.006408,0.344242,-0.023948,0.527229,-0.228291,-0.466485,1.000000
-0.918752,-0.006945,-0.717099,-0.073265,-1.607640,0.008084,0.372297,1.323210,0.868800,1.000000
0.229285,0.031814,-0.829642,-0.131855,0.714658,-0.090421,-0.778091,-1.026130,-0.463947,1.000000
-0.591690,0.002625,-0.262843,0.017980,0.159939,-0.062948,0.374971,-0.321473,-0.466485,1.000000
-0.918151,0.002625,-0.824098,-0.006408,-1.314480,-0.174377,0.374971,1.029670,0.703178,1.000000
-0.836749,-0.006945,-0.942184,-0.014676,0.157307,0.024502,0.218912,-0.556260,-0.542344,1.000000
-0.918752,-0.006945,2.546640,0.043914,0.064416,0.008084,2.596380,0.994307,-0.542344,1.000000
-0.265229,-0.010172,0.073910,-0.006408,0.436393,-0.051805,0.222712,-0.414656,-0.466485,1.000000
-0.183614,-0.010172,0.073910,-0.006408,0.528545,0.054053,0.298841,-0.507838,-0.544463,1.000000
-0.428459,-0.074158,-0.262843,-0.006408,0.344242,-0.135376,0.146583,-0.461247,-0.466485,1.000000
-0.591690,0.002625,-0.936349,-0.006408,0.159939,-0.035090,-0.081805,-0.601021,-0.466485,1.000000
2.115350,0.057653,-0.717099,0.571221,-3.558360,-0.008333,-2.542020,3.390640,4.083070,5.000000
-0.101998,0.002625,-0.936349,-0.055183,0.528545,-0.007233,-0.614710,-0.973751,-0.544463,1.000000
-0.918151,0.066611,-1.048600,-0.006408,-0.300818,-0.007233,0.146583,-0.135108,-0.232552,1.000000
-0.918151,0.002625,1.420920,-0.152734,-0.208667,-0.007233,1.821430,0.750126,-0.310530,1.000000
0.550923,0.002625,1.084170,-0.006408,0.804999,-0.079662,0.222712,-0.321473,-0.388508,4.000000
0.550923,-0.010172,-0.262843,0.042368,0.897150,-0.007233,-0.690839,-1.020340,-0.544463,1.000000
0.632539,0.002625,0.635166,-0.006408,-1.775240,-0.057376,-0.157934,2.101270,1.872840,4.000000
4.411420,-0.006945,1.983930,0.043914,1.643580,-0.034601,-2.772100,-0.838181,0.712006,5.000000
-0.918752,-0.006945,-1.279810,-0.014676,-0.307152,-0.005050,0.065527,-0.227352,-0.228757,1.000000
0.632539,0.002625,1.308670,0.091144,0.712847,-0.007233,0.298841,-0.135108,-0.310530,4.000000
2.672920,-0.022969,-0.150592,-0.006408,-2.420300,-0.007233,-2.517940,2.427410,3.276440,5.000000
-0.836535,-0.022969,0.747417,-0.006408,-0.392970,0.165481,1.288520,0.703535,-0.076597,1.000000
-0.918151,0.002625,-0.711847,-0.006408,-1.683090,-0.174377,0.374971,1.448990,1.015090,1.000000
0.632539,0.002625,1.308670,0.017980,0.897150,0.143196,0.298841,-0.414656,-0.466485,1.000000
-0.344734,0.005974,-0.041843,-0.014676,0.435983,-0.008333,0.295605,-0.462286,-0.542344,1.000000
-0.836749,-0.006945,-1.167270,-0.014676,0.157307,0.044203,-0.011165,-0.697220,-0.542344,1.000000
-0.591690,0.002625,-0.262843,0.066756,0.159939,-0.029519,0.374971,-0.321473,-0.466485,1.000000
-0.510074,0.015422,0.186161,-0.006408,0.344242,-0.007233,0.603358,-0.228291,-0.466485,1.000000
0.061232,0.053813,-0.038341,-0.006408,0.528545,-0.007233,-0.081805,-0.554430,-0.466485,1.000000
-0.344734,-0.006945,-0.717099,-0.014676,0.343091,-0.083854,-0.164550,-0.650233,-0.463947,1.000000
-0.262731,0.031814,-0.717099,-0.014676,0.435983,-0.018184,-0.317935,-0.744207,-0.463947,1.000000
0.387693,0.002625,0.073910,0.042368,0.804999,-0.129805,-0.310193,-0.740795,-0.466485,1.000000
0.632539,0.002625,0.747417,-0.006408,0.897150,-0.051805,-0.081805,-0.601021,-0.466485,1.000000
-0.591690,0.028219,-0.824098,-0.006408,0.344242,0.120910,-0.005676,-0.647612,-0.544463,1.000000
-0.346844,0.015422,-0.150592,-0.006408,0.436393,0.026195,0.298841,-0.461247,-0.544463,1.000000
-0.918151,0.002625,-0.936349,-0.079571,0.067787,-0.062948,0.146583,-0.461247,-0.466485,1.000000
2.999380,0.092205,0.410663,-0.006408,-1.314480,-0.040662,-2.517940,1.542180,2.574640,5.000000
-0.918151,0.002625,-0.487345,-0.006408,-0.300818,-0.168805,0.603358,0.097848,-0.232552,1.000000
0.061232,0.002625,1.869930,-0.006408,0.528545,-0.152091,1.212390,0.191031,-0.466485,1.000000
-0.918151,0.002625,-0.936349,-0.006408,0.067787,0.070767,0.222712,-0.461247,-0.544463,1.000000
2.264840,-0.035766,-0.487345,-0.006408,-3.526120,-0.007233,-2.517940,3.452420,4.134190,5.000000
0.224462,0.002625,0.298412,-0.006408,0.712847,-0.068519,-0.005676,-0.554430,-0.466485,1.000000
-0.262731,-0.006945,-0.154385,-0.014676,0.435983,-0.044452,0.065527,-0.509273,-0.463947,1.000000
-0.020383,0.015422,0.298412,0.017980,0.528545,-0.035090,0.222712,-0.461247,-0.466485,1.000000
-0.918151,0.002625,1.982180,-0.152734,-0.392970,-0.007233,2.202070,1.216040,-0.076597,1.000000
-0.591690,-0.010172,-1.048600,-0.006408,0.159939,-0.101948,-0.157934,-0.647612,-0.466485,1.000000
-0.262731,0.018894,-1.054730,-0.073265,0.435983,-0.008333,-0.471321,-0.885168,-0.542344,1.000000
-0.918752,-0.006945,2.096470,-0.014676,-0.771611,-0.001766,2.212920,1.652120,0.241625,1.000000
0.632539,0.002625,1.084170,-0.006408,0.712847,0.120910,0.222712,-0.228291,-0.310530,4.000000
0.550923,0.002625,-0.936349,-0.006408,-2.696760,-0.107519,-1.223740,2.427410,2.652620,4.000000
0.639298,0.057653,1.421210,-0.014676,0.343091,-0.060869,0.372297,0.289504,0.006434,4.000000
0.550923,0.002625,-0.038341,-0.006408,0.897150,-0.007233,-0.538580,-0.927160,-0.466485,1.000000
0.632539,0.041016,1.420920,-0.006408,0.159939,-0.051805,0.374971,0.377396,0.157335,4.000000
-0.262731,-0.058624,0.295786,-0.014676,0.528875,0.047486,0.372297,-0.462286,-0.542344,1.000000
-0.510074,0.002625,-0.599596,0.017980,0.344242,-0.007233,0.070454,-0.554430,-0.544463,1.000000
-0.918151,0.002625,-0.375094,-0.006408,-0.392970,0.037338,0.603358,0.237622,-0.076597,1.000000
-0.346844,0.002625,-1.160850,-0.055183,0.344242,-0.146519,-0.462451,-0.787386,-0.466485,1.000000
-0.918752,-0.006945,-0.829642,-0.014676,-1.700530,-0.008333,0.372297,1.417190,1.025590,1.000000
-0.426736,-0.006945,2.546640,-0.014676,0.343091,-0.034601,2.136230,0.759372,-0.463947,1.000000
-0.346844,0.041016,0.522914,-0.006408,0.344242,-0.101948,0.755617,-0.088517,-0.466485,1.000000
-0.918151,0.002625,-0.936349,-0.006408,-2.604600,0.003910,0.222712,2.334230,1.794860,1.000000
0.550923,-0.010172,1.420920,-0.006408,0.344242,-0.096376,0.374971,0.284213,0.001380,4.000000
0.469308,0.041016,0.410663,0.115531,0.897150,-0.007233,-0.157934,-0.740795,-0.544463,1.000000
0.387693,0.015422,-0.936349,-0.006408,0.897150,-0.007233,-0.995356,-1.299890,-0.544463,1.000000
-0.918151,0.002625,-0.487345,0.139919,-1.222330,-0.007233,0.527229,1.029670,0.547223,1.000000
-0.346844,0.002625,1.869930,-0.006408,0.436393,0.020624,1.669170,0.330804,-0.544463,1.000000
0.632539,0.002625,1.084170,-0.006408,0.712847,-0.118662,0.222712,-0.228291,-0.310530,4.000000
4.305220,0.002625,1.869930,-0.006408,1.634360,-0.107519,-2.746330,-0.880569,0.703178,5.000000
0.639298,-0.006945,1.308670,-0.014676,0.435983,0.067187,0.295605,0.101556,-0.071963,4.000000
-0.754920,-0.061360,-0.599596,-0.006408,0.159939,-0.007233,0.298841,-0.461247,-0.544463,1.000000
0.306078,-0.022969,0.073910,-0.006408,0.804999,-0.007233,-0.310193,-0.787386,-0.544463,1.000000
0.224462,-0.035766,-0.262843,-0.079571,0.712847,-0.074091,-0.386322,-0.787386,-0.466485,1.000000
0.632539,0.002625,-0.936349,-0.006408,-1.683090,-0.146519,-1.223740,1.309220,1.716890,4.000000
-0.918752,-0.006945,-0.942184,0.219683,-0.214260,0.037636,0.295605,-0.227352,-0.307154,1.000000
-0.265229,0.053813,0.747417,-0.030795,0.436393,-0.007233,0.755617,-0.135108,-0.544463,1.000000
0.550923,0.002625,1.084170,-0.177122,0.436393,0.020624,0.222712,0.004666,-0.076597,4.000000
0.632539,0.066611,1.308670,-0.006408,0.436393,-0.035090,0.298841,0.097848,-0.076597,4.000000
-0.344734,0.005974,-1.054730,-0.014676,0.435983,-0.001766,-0.471321,-0.885168,-0.542344,1.000000
-0.918151,0.002625,-0.599596,-0.006408,-1.314480,0.087481,0.451100,1.122860,0.703178,1.000000
0.393290,0.018894,-0.492013,-0.014676,0.900442,0.067187,-0.701398,-1.167090,-0.542344,1.000000
-0.918151,0.028219,-0.599596,-0.006408,-0.761575,-0.085234,0.451100,0.517169,0.235313,1.000000
-0.428459,0.002625,-0.936349,-0.006408,0.344242,-0.018376,-0.234063,-0.740795,-0.466485,1.000000
-0.101998,0.028219,-0.936349,-0.006408,0.528545,-0.007233,-0.614710,-0.973751,-0.544463,1.000000
0.229285,-0.006945,-0.379471,0.102504,0.714658,-0.008333,-0.471321,-0.838181,-0.463947,1.000000
-0.591690,-0.022969,-0.599596,-0.006408,0.344242,0.076338,0.146583,-0.554430,-0.544463,1.000000
-0.265229,-0.010172,-0.375094,-0.006408,0.436393,-0.107519,-0.005676,-0.601021,-0.466485,1.000000
0.795769,0.015422,0.186161,-0.006408,0.989302,-0.007233,-0.614710,-0.973751,-0.466485,1.000000
-0.101998,0.002625,0.073910,-0.079571,0.528545,-0.035090,0.146583,-0.554430,-0.544463,1.000000
-0.918151,-0.854780,2.318930,-0.006408,0.067787,0.165481,2.430460,0.843308,-0.544463,1.000000
-0.020383,0.002625,0.298412,-0.103959,0.528545,-0.007233,0.146583,-0.461247,-0.466485,1.000000
0.557296,-0.006945,1.083580,-0.014676,0.157307,-0.083854,0.218912,0.289504,0.084831,4.000000
-0.836535,0.002625,-0.487345,-0.006408,0.159939,0.059624,0.451100,-0.414656,-0.544463,1.000000
0.387693,0.002625,-0.487345,-0.006408,0.897150,0.015052,-0.766968,-1.160120,-0.544463,1.000000
-0.020383,-0.035766,-0.262843,-0.006408,0.528545,-0.007233,-0.157934,-0.647612,-0.466485,1.000000
0.224462,0.015422,-0.262843,-0.006408,0.712847,-0.040662,-0.386322,-0.833977,-0.466485,1.000000
0.550923,0.002625,1.084170,-0.006408,0.804999,0.126481,0.222712,-0.321473,-0.388508,4.000000
2.509690,-0.010172,-0.262843,-0.006408,-3.526120,-0.007233,-2.441810,3.545600,4.212170,5.000000
-0.591690,0.015422,0.073910,-0.006408,0.159939,-0.007233,0.603358,-0.181700,-0.466485,1.000000
0.632539,0.053813,-0.936349,0.139919,-0.853727,-0.007233,-1.147610,0.517169,1.015090,4.000000
-0.265229,0.002625,1.869930,-0.006408,0.528545,0.093053,1.516910,0.237622,-0.544463,1.000000
0.550923,0.002625,1.084170,-0.006408,0.067787,0.081910,0.222712,0.377396,0.235313,4.000000
-0.918151,-0.995548,-1.048600,-0.006408,-0.669424,-0.007233,0.146583,0.191031,0.079358,3.000000
0.632539,0.002625,-0.824098,0.042368,-1.038030,-0.007233,-1.147610,0.656943,1.093070,4.000000
0.550923,0.053813,-0.936349,-0.006408,-0.392970,-0.068519,-1.147610,0.051257,0.625201,4.000000
1.856770,0.028219,-1.048600,0.139919,-3.526120,-0.057376,-2.517940,3.172870,3.978240,5.000000
-0.265229,0.002625,-0.487345,0.091144,0.528545,0.104196,-0.157934,-0.787386,-0.544463,1.000000
-0.918151,0.002625,1.645430,-0.006408,0.067787,-0.001662,2.049810,0.610352,-0.544463,1.000000
-0.508739,0.044733,-0.492013,-0.014676,0.343091,-0.008333,0.142220,-0.509273,-0.463947,1.000000
-0.918752,0.005974,-0.266928,0.336862,0.064416,-0.008333,0.679067,-0.227352,-0.542344,1.000000
-0.918752,-0.006945,-0.604556,-0.014676,-1.236070,-0.070720,0.448990,0.994307,0.633609,1.000000
-0.918151,0.002625,-1.160850,0.115531,-0.300818,-0.007233,0.070454,-0.228291,-0.232552,1.000000
-0.101998,0.041016,0.073910,0.042368,0.528545,-0.007233,0.222712,-0.507838,-0.544463,1.000000
0.721301,0.057653,0.070700,-0.014676,0.993334,-0.008333,-0.548013,-0.979141,-0.542344,1.000000
-0.262731,-0.071544,0.183243,-0.014676,0.435983,-0.080570,0.372297,-0.368312,-0.463947,1.000000
-0.918151,0.002625,-0.375094,-0.006408,-1.130180,-0.040662,0.603358,0.983082,0.469246,1.000000
-0.265229,0.002625,-0.375094,-0.006408,0.436393,-0.068519,-0.005676,-0.601021,-0.466485,1.000000
-0.918151,0.002625,-0.824098,-0.006408,-1.775240,0.020624,0.374971,1.495590,1.093070,1.000000
-0.020383,0.002625,-1.048600,-0.006408,0.528545,-0.007233,-0.690839,-1.020340,-0.466485,1.000000
-0.591690,0.015422,-0.936349,0.139919,0.159939,-0.096376,-0.081805,-0.601021,-0.466485,1.000000
0.393290,-0.006945,0.070700,-0.249034,0.900442,0.021218,-0.317935,-0.885168,-0.542344,1.000000
-0.918752,-0.006945,-1.167270,0.161093,-0.492935,-0.008333,0.065527,0.054570,0.006434,1.000000
-0.262731,-0.006945,0.070700,-0.014676,0.528875,0.083605,0.295605,-0.509273,-0.542344,1.000000
-0.591690,-0.022969,0.073910,-0.006408,0.159939,-0.129805,0.603358,-0.181700,-0.466485,1.000000
-0.918151,0.002625,-0.599596,-0.079571,-0.485121,-0.007233,0.451100,0.284213,0.001380,1.000000
0.632539,0.002625,1.196420,-0.055183,0.528545,-0.007233,0.222712,-0.041926,-0.154575,4.000000
-0.918151,0.002625,-1.048600,-0.006408,-0.208667,-0.012805,0.222712,-0.274882,-0.310530,1.000000
-0.262731,-0.045705,-0.942184,-0.014676,0.435983,-0.008333,-0.394628,-0.838181,-0.463947,1.000000
-0.183614,0.066611,-1.048600,-0.006408,0.528545,0.020624,-0.538580,-0.973751,-0.544463,1.000000
-0.918151,0.002625,-0.824098,-0.006408,-0.761575,0.076338,0.374971,0.423987,0.157335,1.000000
-0.918752,-0.019865,2.434100,-0.483393,-0.400043,-0.008333,2.519690,1.417190,-0.071963,1.000000
-0.836749,-0.006945,-0.266928,-0.014676,0.157307,0.027785,0.602375,-0.321325,-0.542344,1.000000
-0.183614,0.002625,-0.711847,0.017980,0.528545,0.015052,-0.234063,-0.833977,-0.544463,1.000000
2.999380,0.015422,0.298412,-0.006408,-1.683090,-0.046233,-2.594070,1.868320,2.886550,5.000000
-0.918151,0.002625,-1.160850,-0.006408,-0.300818,0.054053,0.070454,-0.228291,-0.232552,1.000000
0.795769,0.002625,1.196420,-0.006408,0.989302,-0.007233,0.070454,-0.554430,-0.466485,1.000000
-0.428459,-0.010172,-1.048600,-0.006408,0.344242,-0.113091,-0.310193,-0.740795,-0.466485,1.000000
-0.918151,0.002625,2.543430,-0.006408,0.067787,0.042910,2.582720,0.983082,-0.544463,1.000000
0.550923,0.002625,-0.711847,-0.006408,0.989302,0.165481,-1.071480,-1.346480,-0.544463,1.000000
-0.918752,-0.006945,0.858499,-0.014676,-1.050290,0.040919,1.445990,1.417190,0.398418,1.000000
0.387693,-0.022969,-0.824098,-0.006408,0.804999,-0.113091,-0.919227,-1.160120,-0.466485,1.000000
-0.918151,0.002625,-0.599596,-0.006408,-0.024364,-0.085234,0.451100,-0.228291,-0.466485,1.000000
0.803304,0.044733,-0.379471,0.161093,0.993334,-0.008333,-1.008170,-1.214080,-0.542344,1.000000
0.632539,0.002625,0.073910,-0.079571,0.989302,-0.007233,-0.614710,-1.020340,-0.544463,1.000000
-0.346844,0.079408,2.431180,-0.006408,0.436393,0.003910,1.973680,0.563761,-0.544463,1.000000
0.550923,0.002625,-0.824098,-0.006408,-1.314480,0.081910,-1.071480,1.029670,1.404980,4.000000
-0.918151,0.002625,-1.160850,-0.006408,-0.208667,0.148767,0.070454,-0.321473,-0.310530,1.000000
-0.918151,-0.010172,-1.048600,-0.006408,0.159939,0.104196,0.146583,-0.647612,-0.544463,1.000000
-0.918752,-0.006945,-0.154385,0.219683,-0.214260,-0.008333,0.755760,0.101556,-0.307154,1.000000
-0.591690,0.002625,-0.711847,0.091144,0.344242,0.020624,0.070454,-0.601021,-0.544463,1.000000
-0.673305,0.015422,-0.599596,-0.103959,0.159939,-0.007233,0.222712,-0.461247,-0.466485,1.000000
0.632539,0.053813,1.308670,-0.103959,0.528545,-0.135376,0.298841,0.004666,-0.154575,4.000000
0.557296,-0.006945,-0.942184,-0.131855,-1.236070,-0.093704,-1.161550,0.900333,1.339180,4.000000
-0.918151,0.002625,-0.711847,-0.006408,-0.761575,-0.012805,0.451100,0.470578,0.157335,1.000000
-0.918151,-0.010172,-0.936349,-0.006408,-0.024364,-0.007233,0.298841,-0.321473,-0.466485,1.000000
-0.918151,0.002625,-0.936349,-0.006408,-1.222330,0.109767,0.222712,0.843308,0.625201,1.000000
0.550923,0.002625,1.084170,-0.030795,0.344242,-0.074091,0.222712,0.144439,0.001380,4.000000
-0.918151,0.002625,-0.262843,-0.006408,-1.590940,0.003910,0.679488,1.495590,0.859133,1.000000
-0.180728,-0.006945,-0.604556,-0.014676,0.528875,0.037636,-0.241243,-0.791194,-0.542344,1.000000
-0.020383,-0.022969,0.186161,-0.006408,0.712847,0.159910,0.146583,-0.601021,-0.544463,1.000000
0.550923,0.002625,1.196420,0.017980,0.436393,0.031767,0.298841,0.051257,-0.076597,4.000000
0.224462,0.002625,0.073910,-0.006408,0.804999,0.093053,-0.157934,-0.740795,-0.544463,1.000000
-0.918151,0.002625,1.982180,-0.006408,-0.669424,0.093053,2.202070,1.448990,0.079358,1.000000
-0.754920,0.015422,-1.048600,-0.030795,0.159939,-0.007233,-0.005676,-0.647612,-0.544463,1.000000
0.142847,0.002625,-0.262843,-0.103959,0.712847,-0.007233,-0.386322,-0.833977,-0.466485,1.000000
-0.101998,0.002625,-0.375094,-0.055183,0.528545,-0.007233,-0.157934,-0.740795,-0.544463,1.000000
-0.918151,0.002625,1.084170,-0.030795,-0.853727,0.026195,1.593040,1.309220,0.313291,1.000000
0.557296,0.057653,-0.266928,-0.014676,0.900442,-0.008333,-0.701398,-1.073110,-0.542344,1.000000
0.550923,0.002625,1.196420,0.017980,0.344242,-0.168805,0.298841,0.191031,0.001380,4.000000
0.632539,0.002625,1.196420,0.091144,0.436393,0.065196,0.222712,0.051257,-0.076597,4.000000
0.632539,0.002625,-0.487345,-0.006408,-1.683090,0.165481,-0.919227,1.495590,1.716890,4.000000
0.550923,-0.010172,-0.262843,-0.128346,0.897150,-0.007233,-0.690839,-1.066930,-0.544463,1.000000
0.469308,0.028219,-0.262843,-0.030795,0.897150,-0.007233,-0.614710,-1.020340,-0.544463,1.000000
-0.836535,0.002625,0.522914,-0.006408,0.159939,0.015052,1.136260,0.004666,-0.544463,1.000000
-0.591690,0.002625,-0.262843,0.066756,0.344242,0.104196,0.374971,-0.461247,-0.544463,1.000000
-0.918752,-0.019865,-1.279810,-0.190445,-0.307152,-0.028034,-0.011165,-0.227352,-0.228757,1.000000
0.639298,-0.006945,-0.942184,-0.014676,-2.443660,-0.034601,-1.238250,2.075000,2.358340,4.000000
-0.510074,-0.048563,1.308670,0.139919,0.344242,-0.007233,1.364650,0.237622,-0.544463,1.000000
0.142847,0.002625,-0.711847,0.164307,0.712847,-0.007233,-0.690839,-0.973751,-0.466485,1.000000
-0.918151,0.053813,-0.599596,0.091144,-1.683090,-0.007233,0.451100,1.495590,1.015090,1.000000
-0.754747,0.044733,-0.266928,-0.014676,0.157307,-0.008333,0.448990,-0.321325,-0.542344,1.000000
-0.918151,0.002625,-0.936349,-0.006408,-0.208667,-0.168805,0.222712,-0.228291,-0.310530,1.000000
-0.918151,0.002625,2.206680,-0.006408,-0.853727,-0.068519,2.354330,1.775130,0.313291,1.000000
-0.918151,-0.010172,-0.599596,-0.006408,0.159939,0.081910,0.451100,-0.461247,-0.544463,1.000000
2.935370,0.005974,0.295786,-0.014676,-1.700530,-0.008333,-2.618710,1.840070,2.907120,5.000000
-0.591690,0.066611,-0.711847,-0.006408,0.159939,-0.007233,0.070454,-0.507838,-0.466485,1.000000
0.550923,0.002625,-0.711847,-0.006408,-1.038030,0.137624,-1.071480,0.703535,1.093070,4.000000
-0.918151,0.002625,2.431180,-0.006408,0.067787,-0.007233,2.430460,0.936491,-0.466485,1.000000
0.632539,0.028219,-0.936349,-0.006408,-1.590940,-0.007233,-1.147610,1.216040,1.638910,4.000000
-0.836535,0.028219,-0.262843,-0.006408,0.159939,0.070767,0.603358,-0.321473,-0.544463,1.000000
1.787340,-0.381617,2.434100,-0.014676,1.179120,-0.041168,-0.011165,-0.180365,-0.150360,3.000000
0.550923,0.002625,-0.936349,-0.006408,-0.853727,0.065196,-1.147610,0.517169,1.015090,4.000000
0.061232,0.015422,2.767940,-0.006408,0.528545,-0.040662,1.821430,0.610352,-0.466485,1.000000
0.142847,0.002625,2.543430,0.115531,0.712847,-0.007233,1.593040,0.330804,-0.544463,1.000000
-0.918151,0.015422,2.318930,-0.030795,-0.300818,-0.007233,2.430460,1.262630,-0.232552,1.000000
0.632539,0.002625,-0.711847,0.188695,-1.590940,0.026195,-1.071480,1.309220,1.638910,4.000000
-0.918151,0.002625,-0.936349,0.042368,-0.669424,-0.007233,0.222712,0.237622,0.079358,1.000000
-0.262731,-0.006945,0.070700,0.161093,0.435983,-0.008333,0.372297,-0.415299,-0.542344,1.000000
0.632539,0.015422,-0.936349,-0.006408,-2.696760,0.003910,-1.223740,2.427410,2.652620,4.000000
0.224462,0.002625,-0.936349,-0.030795,0.712847,-0.007233,-0.766968,-1.066930,-0.466485,1.000000
-0.590741,-0.006945,-0.717099,-0.014676,0.157307,-0.008333,0.065527,-0.509273,-0.463947,1.000000
-0.426736,-0.006945,-0.717099,0.278273,0.343091,-0.008333,-0.087858,-0.650233,-0.463947,1.000000
-0.346844,0.028219,-0.936349,-0.006408,0.436393,-0.007233,-0.310193,-0.787386,-0.544463,1.000000
2.754530,0.002625,-0.038341,-0.006408,-1.867390,0.104196,-2.594070,1.961500,2.964530,5.000000
0.557296,0.031814,-0.942184,-0.014676,0.900442,-0.008333,-1.161550,-1.308050,-0.463947,1.000000
2.689360,-0.006945,-0.154385,-0.014676,-2.257880,-0.041168,-2.618710,2.262950,3.220710,5.000000
0.387693,0.066611,-0.487345,-0.030795,0.897150,0.037338,-0.690839,-1.113520,-0.544463,1.000000
-0.918151,0.002625,-0.936349,0.188695,-0.208667,-0.007233,0.298841,-0.228291,-0.310530,1.000000
-0.265229,0.002625,-0.711847,-0.006408,0.436393,-0.157662,-0.310193,-0.740795,-0.466485,1.000000
0.557296,0.018894,0.858499,-0.014676,0.900442,-0.008333,0.065527,-0.556260,-0.463947,1.000000
-0.918752,-0.006945,-0.379471,-0.014676,0.157307,0.090172,0.602375,-0.368312,-0.542344,1.000000
-0.265229,-0.022969,0.186161,-0.006408,0.528545,0.076338,0.374971,-0.461247,-0.544463,1.000000
-0.508739,-0.006945,0.295786,-0.366214,0.343091,-0.008333,0.679067,-0.227352,-0.542344,1.000000
4.550070,0.041016,2.318930,0.091144,1.634360,-0.007233,-2.746330,-0.694203,0.781156,5.000000
0.632539,0.002625,0.073910,-0.006408,0.989302,0.070767,-0.462451,-0.973751,-0.544463,1.000000
-0.836535,-0.048563,2.318930,-0.006408,0.159939,-0.007233,2.354330,0.750126,-0.544463,1.000000
-0.020383,0.002625,-0.038341,-0.006408,0.528545,-0.062948,-0.005676,-0.554430,-0.466485,1.000000
-0.346844,-0.010172,-1.048600,-0.006408,0.344242,-0.157662,-0.386322,-0.740795,-0.466485,1.000000
-0.836535,0.002625,2.655680,-0.006408,0.159939,0.037338,2.658850,0.936491,-0.544463,1.000000
0.550923,-0.010172,-0.711847,-0.128346,-0.669424,-0.068519,-1.071480,0.330804,0.781156,4.000000
-0.673305,0.002625,0.410663,-0.030795,0.159939,-0.012805,0.907875,-0.041926,-0.466485,1.000000
0.632539,0.002625,0.522914,-0.006408,0.989302,0.037338,-0.234063,-0.833977,-0.544463,1.000000
-0.591690,0.002625,0.186161,0.017980,0.159939,-0.046233,0.679488,-0.135108,-0.466485,1.000000
0.142847,-0.790795,0.298412,-0.006408,-1.314480,-0.157662,0.070454,1.495590,1.249020,3.000000
-0.265229,0.015422,0.073910,-0.006408,0.528545,0.098624,0.298841,-0.507838,-0.544463,1.000000
2.999380,0.002625,0.298412,0.017980,-1.683090,-0.007233,-2.594070,1.868320,2.886550,5.000000
0.550923,0.002625,0.859668,-0.006408,-1.314480,-0.012805,-0.005676,1.728540,1.404980,4.000000
0.469308,-0.035766,-0.824098,-0.055183,0.897150,-0.007233,-0.995356,-1.253300,-0.544463,1.000000
0.632539,0.002625,-1.048600,-0.006408,-1.775240,-0.007233,-1.299870,1.402400,1.872840,4.000000
-0.428459,-0.010172,-0.038341,-0.006408,0.344242,-0.007233,0.374971,-0.321473,-0.466485,1.000000
-0.918752,-0.006945,-0.717099,-0.073265,-0.492935,-0.011617,0.372297,0.195530,0.006434,1.000000
-0.428459,-0.010172,-0.711847,-0.006408,0.344242,-0.074091,-0.081805,-0.601021,-0.466485,1.000000
-0.918151,0.028219,2.318930,-0.055183,-0.300818,-0.007233,2.430460,1.262630,-0.232552,1.000000
1.295320,-0.006945,3.109350,0.043914,1.364900,0.093455,0.909145,-0.133378,-0.542344,1.000000
-0.591690,0.002625,-0.824098,-0.006408,0.159939,-0.107519,-0.005676,-0.554430,-0.466485,1.000000
2.607360,0.005974,-0.154385,-0.014676,-3.558360,-0.083854,-2.542020,3.625570,4.318260,5.000000
-0.346844,-0.022969,-0.375094,-0.006408,0.436393,-0.007233,0.070454,-0.601021,-0.544463,1.000000
-0.918151,0.002625,-1.048600,-0.030795,-0.300818,-0.107519,0.222712,-0.135108,-0.232552,1.000000
0.224462,0.002625,0.298412,-0.006408,0.804999,0.159910,-0.005676,-0.647612,-0.544463,1.000000
1.459320,0.005974,2.996810,-0.249034,1.550680,0.011368,0.679067,-0.274338,-0.542344,1.000000
0.469308,-0.061360,-0.824098,0.017980,0.897150,-0.007233,-0.995356,-1.253300,-0.544463,1.000000
0.065280,-0.006945,-0.041843,-0.014676,0.528875,-0.060869,-0.087858,-0.556260,-0.463947,1.000000
0.061232,0.002625,1.084170,-0.030795,0.712847,0.003910,0.679488,-0.228291,-0.544463,1.000000
-0.183614,0.028219,-0.936349,-0.128346,0.528545,-0.007233,-0.462451,-0.973751,-0.544463,1.000000
-0.428459,0.053813,-0.711847,-0.006408,0.344242,-0.007233,-0.157934,-0.647612,-0.466485,1.000000
0.387693,0.002625,2.094430,-0.006408,0.897150,0.026195,1.060130,-0.088517,-0.544463,1.000000
-0.918752,-0.006945,-1.054730,-0.014676,-0.214260,0.001517,0.218912,-0.274338,-0.307154,1.000000
-0.591690,0.002625,-0.711847,-0.006408,0.344242,0.165481,0.146583,-0.601021,-0.544463,1.000000
-0.918151,0.002625,-1.048600,-0.103959,-0.392970,-0.118662,0.146583,-0.041926,-0.154575,1.000000
0.229285,-0.032785,-0.379471,-0.014676,0.807550,-0.008333,-0.471321,-0.979141,-0.542344,1.000000
0.061232,-0.010172,2.318930,-0.030795,0.712847,-0.007233,1.516910,0.284213,-0.544463,1.000000
-0.428459,0.002625,-0.038341,-0.006408,0.436393,0.165481,0.374971,-0.461247,-0.544463,1.000000
0.387693,0.002625,-0.150592,-0.006408,0.804999,-0.118662,-0.462451,-0.880569,-0.466485,1.000000
-0.265229,0.002625,0.073910,-0.006408,0.436393,-0.029519,0.298841,-0.414656,-0.466485,1.000000
-0.673305,0.053813,2.431180,-0.006408,0.159939,-0.007233,2.278200,0.796717,-0.466485,1.000000
0.306078,-0.061360,0.298412,-0.006408,0.804999,-0.012805,-0.081805,-0.647612,-0.544463,1.000000
-0.918752,-0.006945,-0.379471,-0.014676,0.157307,0.063904,0.602375,-0.368312,-0.542344,1.000000
0.224462,0.041016,0.073910,-0.006408,0.804999,0.065196,-0.157934,-0.787386,-0.544463,1.000000
-0.918151,0.002625,2.094430,-0.201510,-0.300818,-0.007233,2.278200,1.169450,-0.232552,1.000000
-0.918752,-0.006945,-1.054730,-0.014676,-0.400043,-0.028034,0.218912,-0.039404,-0.150360,1.000000
-0.346844,-0.010172,-0.262843,-0.006408,0.436393,-0.007233,0.222712,-0.554430,-0.544463,1.000000
-0.591690,-0.022969,-0.599596,-0.006408,0.344242,0.070767,0.146583,-0.554430,-0.544463,1.000000
0.224462,0.002625,-0.824098,-0.006408,0.712847,-0.113091,-0.766968,-1.020340,-0.466485,1.000000
0.224462,0.002625,-0.487345,-0.006408,0.712847,-0.090805,-0.538580,-0.880569,-0.466485,1.000000
-0.918752,-0.006945,-1.054730,-0.014676,0.064416,-0.021467,0.142220,-0.509273,-0.463947,1.000000
0.306078,0.002625,0.073910,0.139919,0.804999,-0.007233,-0.234063,-0.740795,-0.544463,1.000000
-0.183614,0.041016,-0.375094,-0.006408,0.528545,0.070767,-0.081805,-0.740795,-0.544463,1.000000
-0.183614,0.002625,0.073910,-0.006408,0.436393,-0.163234,0.298841,-0.414656,-0.466485,1.000000
-0.754920,0.002625,-0.936349,0.066756,0.159939,-0.007233,0.146583,-0.554430,-0.544463,1.000000
-0.918752,-0.006945,-1.167270,-0.014676,-0.028476,0.060620,0.065527,-0.462286,-0.463947,1.000000
2.999380,0.002625,0.298412,0.042368,-1.590940,-0.007233,-2.594070,1.728540,2.730590,5.000000
0.142847,-0.022969,-0.487345,-0.006408,0.712847,-0.007233,-0.538580,-0.880569,-0.466485,1.000000
-0.918151,-0.010172,-0.936349,-0.006408,-0.300818,-0.007233,0.222712,-0.135108,-0.232552,1.000000
0.224462,-0.048563,-0.936349,-0.006408,0.804999,0.087481,-0.766968,-1.160120,-0.544463,1.000000
-0.918151,0.002625,-1.048600,-0.006408,-0.392970,0.115338,0.146583,-0.041926,-0.076597,1.000000
0.065280,-0.019865,-0.492013,-0.249034,0.714658,-0.028034,-0.394628,-0.885168,-0.542344,1.000000
-0.265229,0.015422,0.073910,0.066756,0.436393,-0.007233,0.374971,-0.414656,-0.544463,1.000000
-0.918151,0.002625,-0.936349,0.066756,-0.669424,-0.012805,0.222712,0.237622,0.079358,1.000000
0.632539,0.002625,1.308670,-0.006408,0.528545,-0.118662,0.298841,-0.041926,-0.154575,4.000000
-0.918151,0.002625,1.533170,-0.128346,-0.300818,-0.007233,1.821430,0.889900,-0.232552,1.000000
0.550923,-0.061360,-0.487345,-0.006408,-1.683090,-0.007233,-0.919227,1.495590,1.716890,4.000000
-0.020383,0.028219,0.073910,-0.006408,0.528545,-0.007233,0.070454,-0.507838,-0.466485,1.000000
-0.428459,0.053813,-0.936349,-0.006408,0.344242,-0.007233,-0.157934,-0.694203,-0.466485,1.000000
-0.918151,0.002625,-1.048600,-0.006408,-0.669424,0.087481,0.222712,0.191031,0.079358,1.000000
0.550923,0.002625,-0.375094,-0.006408,-2.696760,-0.118662,-0.843097,2.660370,2.652620,4.000000
0.387693,0.002625,-0.711847,-0.006408,0.897150,0.026195,-0.843097,-1.253300,-0.544463,1.000000
-0.101998,0.002625,-0.711847,0.115531,0.528545,-0.007233,-0.462451,-0.880569,-0.544463,1.000000
-0.591690,-0.010172,-0.936349,-0.006408,0.159939,-0.107519,-0.081805,-0.601021,-0.466485,1.000000
-0.262731,-0.006945,-0.492013,-0.014676,0.435983,-0.096988,-0.164550,-0.650233,-0.463947,1.000000
-0.265229,-0.010172,-0.711847,0.188695,0.528545,0.015052,-0.310193,-0.880569,-0.544463,1.000000
0.632539,0.002625,-0.487345,-0.006408,-1.683090,-0.062948,-0.919227,1.495590,1.716890,4.000000
0.639298,-0.045705,1.308670,-0.014676,0.435983,-0.087137,0.295605,0.101556,-0.071963,4.000000
0.306078,0.002625,-0.487345,-0.030795,0.804999,-0.007233,-0.614710,-0.973751,-0.544463,1.000000
-0.101998,0.002625,-1.160850,-0.006408,0.528545,-0.007233,-0.690839,-1.066930,-0.544463,1.000000
0.632539,0.002625,1.084170,-0.006408,0.804999,0.031767,0.222712,-0.321473,-0.388508,4.000000
0.142847,0.002625,-0.936349,0.017980,0.712847,-0.007233,-0.766968,-1.066930,-0.544463,1.000000
-0.754747,0.031814,-1.167270,-0.014676,0.157307,-0.008333,-0.087858,-0.697220,-0.542344,1.000000
-0.591690,0.002625,1.308670,-0.006408,0.159939,-0.046233,1.516910,0.377396,-0.466485,1.000000
-0.673305,0.041016,-0.936349,-0.006408,0.159939,-0.007233,-0.005676,-0.554430,-0.466485,1.000000
0.550923,0.002625,0.859668,-0.006408,0.159939,-0.051805,-0.005676,0.144439,0.079358,4.000000
-0.918151,0.002625,-0.824098,-0.006408,-1.038030,-0.085234,0.298841,0.656943,0.391268,1.000000
-0.918151,0.002625,-0.487345,-0.006408,-0.761575,-0.018376,0.527229,0.563761,0.157335,1.000000
-0.918151,-0.163737,-1.160850,-0.006408,-0.300818,0.081910,0.070454,-0.228291,-0.232552,1.000000
-0.918151,0.002625,1.196420,-0.006408,-0.300818,-0.101948,1.669170,0.796717,-0.232552,1.000000
0.142847,0.002625,0.073910,-0.030795,0.712847,-0.007233,-0.081805,-0.647612,-0.544463,1.000000
-0.918151,0.002625,-0.824098,-0.006408,0.067787,-0.051805,0.298841,-0.414656,-0.466485,1.000000
-0.918752,-0.110303,-0.942184,-0.014676,-0.678719,-0.008333,0.218912,0.289504,0.084831,1.000000
2.509690,-0.010172,-0.262843,-0.006408,-2.973210,-0.023948,-2.517940,2.939920,3.744300,5.000000
-0.918752,-0.006945,-0.942184,-0.014676,-1.328960,-0.103555,0.218912,0.994307,0.712006,1.000000
0.639298,-0.006945,-0.942184,-0.014676,-2.536550,0.063904,-1.238250,2.168980,2.436740,4.000000
0.061232,0.002625,-0.487345,-0.006408,0.712847,0.031767,-0.310193,-0.880569,-0.544463,1.000000
-0.918151,0.002625,-0.936349,-0.006408,-1.222330,0.065196,0.222712,0.889900,0.625201,1.000000
0.142847,0.002625,0.298412,-0.128346,0.712847,-0.007233,0.070454,-0.554430,-0.544463,1.000000
-0.101998,0.002625,-0.824098,-0.128346,0.528545,-0.007233,-0.462451,-0.880569,-0.544463,1.000000
-0.346844,0.053813,0.073910,-0.006408,0.436393,0.020624,0.374971,-0.414656,-0.544463,1.000000
0.061232,0.002625,-0.150592,-0.006408,0.528545,-0.135376,-0.081805,-0.601021,-0.466485,1.000000
0.639298,0.031814,1.421210,0.219683,0.900442,0.070471,0.372297,-0.321325,-0.463947,1.000000
0.550923,0.002625,1.084170,-0.006408,0.897150,-0.007233,0.222712,-0.461247,-0.466485,1.000000
0.550923,0.002625,1.308670,-0.006408,0.712847,-0.118662,0.298841,-0.135108,-0.310530,4.000000
-0.918151,0.002625,-0.262843,-0.006408,-0.208667,-0.007233,0.679488,0.051257,-0.310530,1.000000
-0.265229,-0.010172,0.073910,-0.128346,0.436393,-0.057376,0.298841,-0.414656,-0.466485,1.000000
-0.428459,-0.010172,0.410663,-0.006408,0.344242,-0.035090,0.679488,-0.135108,-0.466485,1.000000
-0.918151,0.002625,-1.048600,-0.006408,-0.669424,-0.118662,0.146583,0.191031,0.079358,1.000000
-0.508739,-0.006945,0.408328,0.102504,0.343091,-0.008333,0.755760,-0.133378,-0.463947,1.000000
4.411420,-0.032785,2.096470,-0.014676,1.736470,0.031069,-2.772100,-0.932154,0.633609,5.000000
-0.918752,-0.045705,2.321550,-0.307624,-0.214260,-0.024751,2.443000,1.135270,-0.307154,1.000000
-0.918151,0.002625,-1.048600,0.164307,-0.300818,-0.007233,0.146583,-0.181700,-0.232552,1.000000
-0.265229,0.002625,1.869930,-0.006408,0.436393,-0.113091,1.516910,0.330804,-0.466485,1.000000
-0.590741,-0.006945,-0.492013,-0.014676,0.343091,0.057337,0.295605,-0.509273,-0.542344,1.000000
-0.918151,0.002625,2.206680,-0.006408,-0.485121,0.020624,2.354330,1.448990,0.001380,1.000000
0.550923,0.002625,-0.936349,-0.006408,-2.236000,0.031767,-1.223740,1.914910,2.184750,4.000000
-0.344734,-0.019865,-0.717099,-0.014676,0.435983,0.004801,-0.164550,-0.744207,-0.542344,1.000000
0.387693,0.028219,-0.711847,-0.006408,0.897150,0.148767,-0.843097,-1.253300,-0.544463,1.000000
0.632539,0.002625,1.196420,0.091144,0.344242,0.037338,0.222712,0.191031,0.001380,4.000000
0.550923,0.002625,-0.375094,-0.006408,-3.526120,-0.029519,-0.843097,3.499010,3.354420,4.000000
-0.508739,0.005974,1.308670,-0.014676,0.157307,-0.106838,1.445990,0.383478,-0.463947,1.000000
-0.918151,0.002625,-0.936349,-0.030795,-0.485121,-0.101948,0.222712,0.144439,0.001380,1.000000
0.639298,-0.006945,-0.829642,-0.131855,-0.400043,0.001517,-1.161550,0.054570,0.633609,4.000000
-0.020383,0.066611,-0.262843,-0.006408,0.528545,-0.007233,-0.234063,-0.694203,-0.466485,1.000000
-0.346844,0.028219,-0.487345,0.139919,0.436393,0.093053,-0.005676,-0.647612,-0.544463,1.000000
-0.265229,0.002625,-0.375094,-0.006408,0.528545,0.065196,-0.005676,-0.740795,-0.544463,1.000000
0.061232,0.002625,-0.487345,-0.006408,0.712847,0.137624,-0.310193,-0.880569,-0.544463,1.000000
-0.428459,0.002625,-0.150592,-0.055183,0.344242,-0.007233,0.298841,-0.368065,-0.466485,1.000000
-0.918151,0.002625,1.308670,-0.006408,-0.392970,0.120910,1.745300,0.936491,-0.076597,1.000000
-0.918752,-0.032785,-1.054730,-0.014676,0.157307,0.014651,0.065527,-0.650233,-0.542344,1.000000
-0.510074,0.002625,-0.711847,-0.567327,0.344242,-0.007233,-0.081805,-0.647612,-0.466485,1.000000
0.306078,0.015422,-0.711847,0.091144,0.804999,-0.007233,-0.766968,-1.113520,-0.544463,1.000000
0.550923,0.053813,-0.936349,-0.006408,-0.300818,-0.007233,-1.147610,-0.135108,0.469246,4.000000
0.632539,0.002625,1.308670,-0.006408,0.804999,-0.096376,0.222712,-0.274882,-0.388508,4.000000
-0.591690,0.002625,-0.375094,-0.006408,0.344242,0.070767,0.298841,-0.461247,-0.544463,1.000000
-0.918752,-0.006945,-0.266928,-0.014676,-1.514740,0.021218,0.679067,1.417190,0.790403,1.000000
2.999380,0.002625,0.298412,-0.006408,-1.314480,-0.007233,-2.594070,1.495590,2.574640,5.000000
-0.510074,-0.010172,-0.824098,0.017980,0.344242,-0.007233,-0.081805,-0.647612,-0.466485,1.000000
-0.591690,-0.048563,-0.599596,0.017980,0.344242,-0.007233,0.146583,-0.554430,-0.544463,1.000000
0.061232,-0.022969,-0.824098,-0.006408,0.712847,0.042910,-0.614710,-1.020340,-0.544463,1.000000
-0.918752,-0.006945,-0.717099,-0.014676,-0.307152,-0.051019,0.372297,-0.039404,-0.228757,1.000000
-0.428459,-0.010172,-0.711847,-0.006408,0.344242,-0.007233,-0.081805,-0.647612,-0.466485,1.000000
-0.265229,0.002625,0.522914,-0.152734,0.436393,-0.007233,0.603358,-0.228291,-0.466485,1.000000
-0.346844,0.028219,-1.160850,-0.006408,0.436393,0.054053,-0.462451,-0.927160,-0.544463,1.000000
0.632539,0.002625,-0.487345,-0.103959,-1.775240,-0.007233,-0.919227,1.635360,1.872840,4.000000
0.550923,0.002625,1.084170,-0.006408,0.712847,-0.096376,0.222712,-0.228291,-0.310530,4.000000
0.311288,-0.071544,0.295786,-0.014676,0.807550,-0.008333,-0.087858,-0.650233,-0.542344,1.000000
0.469308,0.066611,0.410663,0.115531,0.897150,-0.007233,-0.157934,-0.740795,-0.544463,1.000000
-0.101998,0.002625,-0.150592,-0.225898,0.528545,-0.018376,-0.005676,-0.601021,-0.544463,1.000000
-0.020383,0.002625,0.298412,-0.103959,0.528545,-0.040662,0.146583,-0.461247,-0.466485,1.000000
-0.918752,0.031814,-1.054730,-0.014676,-0.678719,-0.008333,0.142220,0.195530,0.084831,1.000000
-0.426736,-0.071544,-1.054730,0.043914,0.343091,-0.070720,-0.317935,-0.744207,-0.463947,1.000000
-0.836535,0.002625,-1.048600,-0.006408,0.159939,-0.001662,0.070454,-0.647612,-0.544463,1.000000
-0.428459,0.002625,-0.487345,0.139919,0.344242,-0.018376,-0.005676,-0.554430,-0.466485,1.000000
-0.346844,-0.035766,0.073910,-0.006408,0.436393,0.009481,0.451100,-0.414656,-0.544463,1.000000
0.557296,-0.006945,-0.717099,-0.014676,-0.678719,-0.096988,-1.084860,0.336491,0.790403,4.000000
-0.918151,-0.022969,1.645430,-0.006408,0.067787,-0.007233,2.049810,0.610352,-0.544463,1.000000
0.061232,0.028219,-0.150592,-0.006408,0.528545,-0.068519,-0.157934,-0.647612,-0.466485,1.000000
0.387693,0.002625,0.298412,-0.006408,0.804999,-0.101948,-0.157934,-0.694203,-0.466485,1.000000
-0.590741,0.018894,0.295786,-0.014676,0.343091,0.024502,0.755760,-0.180365,-0.542344,1.000000
0.795769,-0.010172,-0.487345,-0.006408,0.989302,-0.007233,-1.071480,-1.253300,-0.466485,1.000000
0.639298,-0.006945,-0.604556,0.102504,-1.700530,-0.054302,-1.008170,1.511160,1.731170,4.000000
0.557296,-0.006945,-0.942184,-0.014676,-0.028476,0.050770,-1.161550,-0.321325,0.320021,4.000000
-0.183614,0.028219,-0.487345,-0.006408,0.528545,0.076338,-0.157934,-0.787386,-0.544463,1.000000
0.387693,0.002625,-0.487345,-0.006408,0.804999,-0.174377,-0.690839,-0.973751,-0.466485,1.000000
0.632539,0.002625,0.298412,-0.006408,0.989302,0.098624,-0.386322,-0.927160,-0.544463,1.000000
-0.265229,0.002625,0.522914,-0.079571,0.436393,-0.007233,0.603358,-0.228291,-0.466485,1.000000
0.550923,-0.022969,1.420920,-0.152734,0.528545,-0.057376,0.374971,0.004666,-0.232552,4.000000
4.386840,0.002625,2.094430,-0.006408,1.634360,-0.007233,-2.746330,-0.787386,0.703178,5.000000
0.632539,-0.010172,1.308670,-0.006408,0.989302,0.143196,0.298841,-0.507838,-0.544463,1.000000
-0.020383,-0.010172,0.073910,-0.006408,0.528545,-0.007233,-0.005676,-0.554430,-0.466485,1.000000
-0.180728,-0.006945,1.871380,-0.014676,0.528875,0.017935,1.522690,0.242517,-0.542344,1.000000
0.550923,0.002625,-0.487345,-0.006408,-2.604600,-0.113091,-0.843097,2.520590,2.496660,4.000000
-0.754920,0.002625,-0.487345,0.188695,0.159939,-0.007233,0.374971,-0.414656,-0.544463,1.000000
-0.428459,-0.010172,-0.711847,-0.006408,0.344242,-0.124234,-0.157934,-0.647612,-0.466485,1.000000
4.631680,0.028219,2.318930,0.042368,1.634360,-0.007233,-2.746330,-0.694203,0.859133,5.000000
-0.918752,-0.006945,2.546640,-0.190445,-0.028476,-0.008333,2.596380,1.088280,-0.385550,1.000000
-0.265229,-0.598838,0.635166,-0.006408,-1.498790,-0.007233,0.679488,1.728540,1.093070,3.000000
0.393290,-0.058624,-0.492013,-0.131855,0.900442,-0.008333,-0.778091,-1.167090,-0.542344,1.000000
2.853370,-0.006945,0.070700,-0.014676,-1.886310,-0.008333,-2.618710,2.028020,2.985520,5.000000
-0.918151,0.002625,-0.711847,-0.006408,-1.314480,-0.096376,0.451100,1.076260,0.703178,1.000000
0.550923,0.002625,-0.936349,-0.030795,-1.590940,0.026195,-1.147610,1.216040,1.638910,4.000000
-0.510074,0.002625,-1.048600,0.115531,0.344242,-0.007233,-0.234063,-0.740795,-0.466485,1.000000
0.632539,-0.061360,1.308670,-0.006408,0.344242,-0.007233,0.298841,0.191031,0.001380,4.000000
-0.591690,-0.010172,-0.711847,-0.006408,0.344242,0.093053,0.070454,-0.647612,-0.544463,1.000000
-0.918151,0.002625,-1.048600,-0.055183,0.067787,-0.023948,0.146583,-0.507838,-0.544463,1.000000
-0.426736,-0.006945,-1.054730,0.102504,0.343091,-0.014900,-0.317935,-0.744207,-0.463947,1.000000
0.639298,-0.006945,-0.492013,-0.014676,-1.793420,0.070471,-0.931476,1.652120,1.887960,4.000000
-0.672744,0.018894,0.858499,-0.014676,0.157307,-0.008333,1.215910,0.195530,-0.463947,1.000000
2.183230,0.028219,-0.711847,-0.006408,-3.526120,-0.007233,-2.517940,3.359240,4.056210,5.000000
0.387693,0.015422,-0.711847,-0.006408,0.897150,0.009481,-0.919227,-1.253300,-0.544463,1.000000
-0.101998,0.066611,-0.262843,0.042368,0.528545,-0.007233,-0.081805,-0.647612,-0.544463,1.000000
2.607360,-0.006945,-0.154385,-0.014676,-3.279690,-0.103555,-2.542020,3.249680,4.004670,5.000000
-0.344734,-0.019865,0.070700,-0.014676,0.435983,0.024502,0.448990,-0.415299,-0.542344,1.000000
-0.918151,0.002625,-1.160850,-0.103959,-0.761575,-0.007233,0.070454,0.284213,0.157335,1.000000
-0.262731,-0.045705,0.183243,-0.014676,0.435983,-0.008333,0.372297,-0.368312,-0.463947,1.000000
-0.346844,0.015422,-0.038341,-0.006408,0.436393,0.070767,0.298841,-0.461247,-0.544463,1.000000
-0.510074,0.028219,1.308670,-0.006408,0.344242,-0.007233,1.364650,0.191031,-0.544463,1.000000
0.557296,0.005974,0.070700,-0.014676,0.900442,-0.008333,-0.471321,-0.885168,-0.463947,1.000000
-0.591690,-0.061360,-0.936349,0.188695,0.159939,-0.118662,-0.081805,-0.601021,-0.466485,1.000000
-0.020383,0.041016,0.073910,-0.006408,0.528545,-0.007233,0.070454,-0.507838,-0.466485,1.000000
0.632539,0.002625,1.084170,-0.006408,0.436393,0.120910,0.222712,0.004666,-0.076597,4.000000
-0.918151,0.002625,1.196420,-0.006408,-0.024364,0.109767,1.669170,0.517169,-0.388508,1.000000
-0.346844,-0.010172,0.298412,-0.006408,0.436393,0.015052,0.527229,-0.321473,-0.544463,1.000000
-0.346844,0.041016,-0.711847,-0.006408,0.344242,-0.040662,-0.157934,-0.647612,-0.466485,1.000000
0.224462,0.002625,-0.936349,0.042368,0.712847,-0.007233,-0.843097,-1.066930,-0.466485,1.000000
-0.590741,-0.006945,-0.154385,-0.014676,0.157307,-0.008333,0.525682,-0.227352,-0.463947,1.000000
-0.591690,0.002625,-0.262843,-0.006408,0.159939,-0.118662,0.298841,-0.321473,-0.466485,1.000000
0.142847,-0.035766,-0.711847,-0.006408,0.712847,-0.007233,-0.614710,-0.973751,-0.544463,1.000000
-0.262731,-0.006945,-0.154385,-0.073265,0.435983,-0.008333,0.142220,-0.509273,-0.542344,1.000000
-0.591690,0.041016,-1.048600,-0.006408,0.344242,0.054053,-0.234063,-0.787386,-0.544463,1.000000
0.387693,0.041016,-0.487345,-0.006408,0.804999,-0.007233,-0.690839,-0.973751,-0.466485,1.000000
0.632539,0.002625,1.308670,-0.006408,0.712847,-0.113091,0.298841,-0.135108,-0.310530,4.000000
-0.428459,0.015422,-0.936349,-0.006408,0.344242,-0.007233,-0.234063,-0.740795,-0.466485,1.000000
-0.918752,-0.006945,2.321550,-0.014676,-0.028476,0.083605,2.443000,1.041290,-0.385550,1.000000
0.795769,0.066611,1.308670,-0.006408,0.989302,-0.007233,0.146583,-0.507838,-0.544463,1.000000
-0.346844,-0.010172,-0.375094,-0.006408,0.344242,-0.179948,0.070454,-0.461247,-0.466485,1.000000
2.754530,0.041016,0.073910,-0.006408,-1.867390,-0.007233,-2.594070,2.008090,2.964530,5.000000
0.550923,0.002625,-0.711847,-0.006408,-0.853727,-0.163234,-1.071480,0.563761,1.015090,4.000000
0.550923,0.002625,1.196420,-0.006408,0.344242,-0.118662,0.298841,0.191031,0.001380,4.000000
-0.918151,0.002625,2.206680,-0.421000,-0.300818,-0.007233,2.354330,1.216040,-0.232552,1.000000
-0.428459,0.002625,0.298412,-0.030795,0.436393,0.132053,0.603358,-0.321473,-0.544463,1.000000
-0.183614,0.066611,-0.711847,-0.006408,0.528545,0.015052,-0.234063,-0.833977,-0.544463,1.000000
-0.265229,-0.061360,0.298412,0.017980,0.528545,0.048481,0.451100,-0.414656,-0.544463,1.000000
0.632539,0.028219,-0.487345,0.091144,-1.867390,-0.124234,-0.919227,1.728540,1.950820,4.000000
0.632539,0.053813,1.420920,-0.006408,0.159939,-0.023948,0.374971,0.377396,0.157335,4.000000
-0.918752,-0.006945,-1.167270,-0.014676,0.064416,0.060620,-0.011165,-0.556260,-0.463947,1.000000
0.639298,-0.006945,0.070700,-0.014676,0.993334,0.057337,-0.548013,-1.026130,-0.542344,1.000000
0.306078,-0.022969,-0.150592,-0.006408,0.804999,-0.007233,-0.462451,-0.880569,-0.544463,1.000000
-0.918151,0.002625,1.420920,0.139919,-0.024364,-0.007233,1.821430,0.610352,-0.466485,1.000000
0.061232,0.002625,0.298412,0.115531,0.712847,-0.007233,0.146583,-0.554430,-0.544463,1.000000
-0.265229,0.002625,-0.375094,-5.615600,0.436393,-0.007233,-0.005676,-0.601021,-0.544463,1.000000
-0.918151,0.002625,-0.599596,0.115531,-0.024364,-0.007233,0.451100,-0.228291,-0.466485,1.000000
-0.508739,0.057653,-1.054730,-0.014676,0.343091,-0.008333,-0.241243,-0.744207,-0.542344,1.000000
-0.344734,-0.006945,0.070700,0.219683,0.435983,0.047486,0.372297,-0.415299,-0.542344,1.000000
0.142847,0.002625,2.431180,0.188695,0.712847,-0.007233,1.516910,0.330804,-0.544463,1.000000
4.550070,0.015422,2.318930,0.091144,1.634360,-0.007233,-2.746330,-0.694203,0.781156,5.000000
-0.918151,0.002625,-1.048600,-0.006408,-0.024364,0.031767,0.146583,-0.368065,-0.388508,1.000000
-0.918752,-0.019865,-0.717099,0.395452,-0.864502,-0.008333,0.372297,0.571425,0.320021,1.000000
-0.918151,0.002625,-0.824098,-0.006408,-0.761575,-0.029519,0.374971,0.423987,0.157335,1.000000
0.632539,0.002625,1.308670,-0.006408,0.528545,0.165481,0.298841,0.004666,-0.154575,4.000000
-0.183614,0.002625,-1.048600,-0.177122,0.528545,0.003910,-0.538580,-1.020340,-0.544463,1.000000
0.147282,-0.006945,0.183243,-0.190445,0.714658,-0.008333,-0.011165,-0.603246,-0.463947,1.000000
0.632539,0.002625,1.084170,-0.006408,0.712847,0.020624,0.222712,-0.228291,-0.310530,4.000000
-0.918752,0.044733,-0.942184,0.043914,-1.700530,-0.100271,0.218912,1.370200,1.025590,1.000000
-0.918752,-0.006945,-1.054730,20.081600,-0.678719,-0.008333,0.218912,0.195530,0.084831,1.000000
-0.918151,0.002625,-0.262843,0.017980,0.159939,0.159910,0.603358,-0.321473,-0.544463,1.000000
-0.183614,0.015422,-0.711847,-0.006408,0.436393,-0.146519,-0.310193,-0.740795,-0.466485,1.000000
-0.918151,0.002625,-0.711847,-0.006408,-0.392970,-0.007233,0.451100,0.144439,-0.154575,1.000000
-0.346844,0.028219,-0.711847,-0.006408,0.344242,-0.096376,-0.157934,-0.647612,-0.466485,1.000000
-0.918151,0.002625,-1.048600,0.066756,-0.392970,-0.007233,0.146583,-0.041926,-0.154575,1.000000
0.061232,0.028219,1.084170,-0.006408,0.528545,-0.035090,0.755617,-0.088517,-0.466485,1.000000
-0.754920,0.002625,-0.487345,-0.055183,0.159939,-0.012805,0.451100,-0.368065,-0.544463,1.000000
0.387693,-0.010172,-0.711847,-0.006408,0.804999,-0.040662,-0.843097,-1.113520,-0.466485,1.000000
-0.918151,0.002625,0.635166,0.091144,-1.314480,-0.007233,1.212390,1.635360,0.703178,1.000000
0.065280,-0.032785,-0.942184,-0.131855,0.528875,-0.077287,-0.624706,-0.932154,-0.463947,1.000000
-0.183614,0.028219,-0.936349,-0.006408,0.528545,0.048481,-0.386322,-0.927160,-0.544463,1.000000
0.550923,0.002625,-0.936349,-0.103959,-1.590940,-0.007233,-1.223740,1.216040,1.638910,4.000000
0.061232,0.002625,-0.262843,-0.006408,0.528545,0.009481,-0.234063,-0.647612,-0.466485,1.000000
-0.918752,-0.006945,1.196130,0.161093,-1.050290,-0.067436,1.676070,1.511160,0.398418,1.000000
1.285460,0.041016,3.104690,-0.006408,1.357910,0.115338,0.831746,-0.135108,-0.544463,1.000000
-0.265229,0.002625,-0.487345,-0.006408,0.528545,0.015052,-0.081805,-0.740795,-0.544463,1.000000
-0.508739,-0.058624,0.070700,-0.014676,0.343091,-0.008333,0.525682,-0.321325,-0.542344,1.000000
0.229285,-0.006945,-0.942184,-0.014676,0.807550,0.001517,-0.854783,-1.167090,-0.542344,1.000000
0.632539,0.002625,1.084170,-0.006408,0.344242,0.037338,0.222712,0.144439,0.001380,4.000000
-0.346844,0.053813,-1.160850,-0.006408,0.436393,-0.001662,-0.462451,-0.927160,-0.544463,1.000000
0.550923,0.028219,-1.385350,-0.299061,-1.683090,0.054053,-1.452130,1.169450,1.716890,4.000000
-0.836749,-0.006945,-1.054730,-0.014676,0.157307,0.034352,0.065527,-0.650233,-0.542344,1.000000
-0.591690,0.015422,0.522914,0.017980,0.344242,0.026195,0.831746,-0.135108,-0.544463,1.000000
-0.344734,-0.071544,-0.942184,-0.014676,0.343091,-0.047735,-0.317935,-0.744207,-0.463947,1.000000
-0.265229,0.041016,0.747417,-0.006408,0.436393,-0.007233,0.831746,-0.135108,-0.544463,1.000000
-0.180728,0.005974,-0.717099,-0.014676,0.435983,-0.106838,-0.241243,-0.744207,-0.463947,1.000000
0.632539,0.028219,1.420920,-0.006408,0.528545,0.026195,0.374971,0.004666,-0.154575,4.000000
-0.020383,0.002625,-0.599596,-0.006408,0.528545,-0.040662,-0.386322,-0.787386,-0.466485,1.000000
-0.180728,-0.006945,-0.492013,-0.014676,0.528875,0.017935,-0.164550,-0.791194,-0.542344,1.000000
-0.754920,-0.086955,0.635166,-0.006408,-1.314480,0.104196,1.060130,1.635360,0.781156,1.000000
-0.590741,-0.006945,-0.942184,0.043914,0.343091,-0.008333,-0.087858,-0.744207,-0.542344,1.000000
-0.020383,-0.035766,-0.262843,-0.006408,0.528545,-0.023948,-0.157934,-0.647612,-0.466485,1.000000
-0.265229,0.002625,0.410663,-0.006408,0.528545,0.132053,0.527229,-0.414656,-0.544463,1.000000
-0.918151,0.002625,-1.273100,-0.006408,-0.208667,-0.001662,-0.005676,-0.368065,-0.310530,1.000000
0.721301,-0.058624,0.070700,-0.014676,0.993334,-0.008333,-0.624706,-0.979141,-0.542344,1.000000
-0.020383,0.002625,0.298412,-0.079571,0.528545,-0.007233,0.222712,-0.414656,-0.466485,1.000000
-0.426736,-0.006945,0.070700,0.102504,0.435983,0.044203,0.448990,-0.415299,-0.542344,1.000000
-0.265229,-0.061360,0.073910,-0.006408,0.436393,-0.079662,0.298841,-0.414656,-0.466485,1.000000
0.550923,-0.035766,1.420920,-0.006408,0.436393,-0.174377,0.374971,0.144439,-0.076597,4.000000
0.387693,0.002625,0.073910,-0.006408,0.804999,-0.079662,-0.310193,-0.787386,-0.466485,1.000000
0.557296,-0.006945,-0.717099,-0.014676,-1.514740,-0.093704,-1.084860,1.182250,1.495970,4.000000
-0.918151,0.002625,-0.936349,-0.006408,-0.485121,-0.012805,0.222712,0.144439,0.001380,1.000000
0.639298,-0.006945,0.070700,-0.014676,0.900442,-0.054302,-0.548013,-0.885168,-0.463947,1.000000
0.632539,0.002625,2.543430,-0.006408,0.897150,-0.057376,1.136260,0.097848,-0.466485,1.000000
-0.754747,-0.019865,-0.492013,-0.190445,0.157307,-0.008333,0.295605,-0.415299,-0.542344,1.000000
-0.183614,0.002625,0.073910,-0.103959,0.528545,-0.001662,0.298841,-0.507838,-0.544463,1.000000
-0.918151,0.002625,-0.824098,-0.055183,-0.669424,-0.029519,0.374971,0.284213,0.079358,1.000000
0.550923,0.002625,1.308670,0.017980,0.528545,-0.101948,0.298841,-0.041926,-0.232552,4.000000
-0.918752,-0.006945,-0.942184,-0.014676,-2.443660,-0.051019,0.218912,2.075000,1.574370,1.000000
0.550923,-0.010172,-0.375094,0.042368,0.897150,-0.007233,-0.766968,-1.066930,-0.544463,1.000000
-0.918151,0.002625,-0.711847,-0.006408,-1.222330,0.037338,0.374971,0.936491,0.625201,1.000000
-0.428459,0.002625,-0.711847,0.066756,0.344242,-0.007233,-0.081805,-0.647612,-0.466485,1.000000
0.632539,0.002625,0.635166,-0.006408,0.897150,-0.062948,-0.157934,-0.647612,-0.466485,1.000000
-0.918752,-0.006945,1.983930,-0.014676,-0.028476,-0.008333,2.212920,0.853346,-0.385550,1.000000
0.639298,0.018894,-0.942184,0.043914,-1.143180,0.017935,-1.161550,0.759372,1.260780,4.000000
1.122230,0.002625,2.655680,-0.006408,1.265760,0.065196,0.831746,-0.181700,-0.544463,1.000000
0.557296,-0.006945,-0.717099,-0.073265,-0.678719,-0.014900,-1.084860,0.336491,0.790403,4.000000
0.632539,0.002625,-0.487345,-0.006408,-2.051700,-0.057376,-0.919227,1.914910,2.028800,4.000000
-0.265229,0.002625,-0.487345,-0.030795,0.436393,-0.018376,-0.005676,-0.647612,-0.544463,1.000000
-0.344734,-0.006945,-0.717099,-0.073265,0.343091,-0.096988,-0.164550,-0.650233,-0.463947,1.000000
4.386840,0.002625,1.982180,-0.006408,1.726510,0.026195,-2.746330,-0.927160,0.625201,5.000000
2.672920,0.002625,-0.150592,-0.006408,-2.236000,-0.023948,-2.517940,2.287640,3.198460,5.000000
0.224462,-0.010172,-0.150592,-0.006408,0.712847,-0.035090,-0.234063,-0.740795,-0.466485,1.000000
0.795769,0.002625,-0.150592,-0.103959,0.989302,-0.007233,-0.766968,-1.066930,-0.544463,1.000000
-0.426736,-0.019865,-0.379471,-0.014676,0.343091,-0.054302,0.142220,-0.462286,-0.463947,1.000000
0.550923,0.002625,1.420920,-0.006408,0.804999,0.054053,0.374971,-0.228291,-0.388508,4.000000
0.714154,0.002625,1.308670,0.164307,0.989302,-0.007233,0.222712,-0.507838,-0.544463,1.000000
-0.344734,-0.006945,0.070700,0.043914,0.435983,-0.008333,0.372297,-0.415299,-0.542344,1.000000
-0.754920,-0.035766,0.073910,-0.006408,0.159939,-0.007233,0.755617,-0.135108,-0.544463,1.000000
0.061232,0.066611,-0.487345,-0.006408,0.712847,0.148767,-0.310193,-0.880569,-0.544463,1.000000
-0.672744,-0.032785,1.646300,0.278273,0.157307,-0.011617,1.752760,0.524438,-0.463947,1.000000
0.639298,-0.006945,-0.492013,-0.014676,-2.257880,0.083605,-0.931476,2.168980,2.279940,4.000000
0.550923,0.002625,0.747417,-0.177122,0.436393,-0.090805,-0.005676,-0.135108,-0.076597,4.000000
-0.918151,0.002625,-0.936349,0.164307,-0.853727,0.031767,0.222712,0.470578,0.313291,1.000000
-0.918752,-0.006945,1.196130,-0.014676,0.157307,0.073754,1.676070,0.289504,-0.542344,1.000000
-0.918151,0.002625,-1.160850,-0.006408,-0.208667,0.165481,0.070454,-0.321473,-0.310530,1.000000
-0.180728,-0.071544,-0.266928,-0.014676,0.528875,-0.008333,-0.011165,-0.697220,-0.542344,1.000000
-0.346844,0.002625,0.298412,-0.006408,0.436393,0.042910,0.527229,-0.321473,-0.544463,1.000000
-0.183614,0.002625,-0.936349,-0.006408,0.436393,-0.113091,-0.462451,-0.833977,-0.466485,1.000000
2.525360,-0.006945,-0.266928,-0.190445,-3.372580,-0.008333,-2.542020,3.343650,4.083070,5.000000
-0.591690,0.002625,-0.599596,-0.006408,0.159939,-0.051805,0.146583,-0.461247,-0.466485,1.000000
0.550923,0.002625,-0.262843,0.017980,-2.973210,0.009481,-0.766968,2.939920,2.808570,4.000000
-0.265229,0.002625,0.410663,0.115531,0.436393,-0.074091,0.527229,-0.274882,-0.466485,1.000000
0.550923,-0.022969,1.420920,-0.177122,0.528545,-0.062948,0.374971,0.004666,-0.232552,4.000000
2.917760,0.002625,0.298412,-0.006408,-1.314480,-0.012805,-2.441810,1.495590,2.496660,5.000000
2.672920,0.002625,-0.150592,-0.006408,-2.236000,0.098624,-2.594070,2.287640,3.198460,5.000000
0.550923,0.002625,-1.048600,-0.128346,-2.051700,0.026195,-1.223740,1.635360,2.028800,4.000000
0.065280,-0.006945,0.295786,-0.014676,0.714658,0.050770,0.142220,-0.556260,-0.542344,1.000000
0.632539,0.002625,-0.824098,-0.006408,-0.392970,0.015052,-1.147610,0.051257,0.625201,4.000000
-0.918752,-0.006945,-0.492013,0.278273,0.064416,-0.021467,0.448990,-0.321325,-0.463947,1.000000
-0.020383,0.002625,-0.711847,0.091144,0.712847,0.104196,-0.538580,-0.973751,-0.544463,1.000000
-0.918151,0.002625,-0.711847,-0.103959,-0.392970,-0.007233,0.451100,0.144439,-0.154575,1.000000
0.387693,0.028219,0.073910,-0.006408,0.897150,-0.001662,-0.386322,-0.880569,-0.544463,1.000000
0.550923,0.002625,1.084170,-0.055183,0.067787,-0.051805,0.146583,0.377396,0.235313,4.000000
0.639298,0.057653,1.308670,-0.014676,0.343091,-0.001766,0.295605,0.242517,0.006434,4.000000
-0.836535,0.015422,-1.048600,-0.006408,0.159939,0.020624,0.070454,-0.647612,-0.544463,1.000000
0.550923,0.015422,0.073910,-0.006408,0.989302,0.165481,-0.538580,-1.020340,-0.544463,1.000000
-0.346844,0.066611,-0.038341,-0.006408,0.436393,0.031767,0.298841,-0.461247,-0.544463,1.000000
-0.918151,0.002625,-1.048600,-0.006408,0.067787,0.065196,0.146583,-0.554430,-0.544463,1.000000
0.550923,0.002625,-0.936349,0.066756,-1.130180,-0.007233,-1.147610,0.750126,1.249020,4.000000
0.632539,0.002625,-0.487345,-0.006408,-1.498790,0.081910,-0.919227,1.262630,1.560930,4.000000
-0.918752,-0.006945,0.745956,-0.014676,-1.236070,0.034352,1.292610,1.558150,0.633609,1.000000
0.632539,0.002625,1.308670,-0.006408,0.897150,0.042910,0.222712,-0.414656,-0.466485,1.000000
0.550923,0.002625,1.196420,0.139919,0.436393,-0.007233,0.298841,0.051257,-0.076597,4.000000
-0.265229,0.015422,-1.048600,-0.006408,0.436393,-0.051805,-0.462451,-0.880569,-0.466485,1.000000
0.224462,0.002625,0.635166,-0.006408,0.712847,-0.074091,0.222712,-0.414656,-0.466485,1.000000
0.387693,0.041016,-0.824098,-0.006408,0.897150,0.026195,-0.919227,-1.253300,-0.544463,1.000000
2.917760,-0.010172,0.298412,-0.079571,-1.314480,-0.057376,-2.517940,1.495590,2.496660,5.000000
-0.918151,0.002625,2.318930,-0.006408,-0.392970,-0.001662,2.354330,1.355810,-0.076597,1.000000
0.147282,-0.006945,0.070700,-0.424803,0.714658,-0.008333,-0.087858,-0.650233,-0.542344,1.000000
-0.918151,0.002625,-0.936349,-0.006408,-1.314480,0.098624,0.222712,0.983082,0.703178,1.000000
-0.591690,0.002625,-0.150592,0.017980,0.159939,-0.035090,0.451100,-0.274882,-0.466485,1.000000
-0.918752,-0.019865,-0.717099,-0.190445,-0.678719,-0.031318,0.448990,0.383478,0.084831,1.000000
-0.510074,0.002625,-0.487345,0.091144,0.344242,-0.007233,0.146583,-0.554430,-0.544463,1.000000
0.061232,0.002625,0.073910,-0.055183,0.712847,-0.023948,-0.005676,-0.647612,-0.544463,1.000000
-0.265229,0.002625,0.186161,-0.006408,0.436393,-0.113091,0.374971,-0.368065,-0.466485,1.000000
0.229285,0.005974,-0.604556,-0.014676,0.714658,-0.060869,-0.624706,-0.932154,-0.463947,1.000000
-0.428459,-0.022969,-0.487345,-0.006408,0.344242,-0.062948,-0.005676,-0.554430,-0.466485,1.000000
0.061232,0.053813,-0.262843,0.017980,0.528545,-0.023948,-0.234063,-0.647612,-0.466485,1.000000
-0.836535,0.002625,-0.936349,0.115531,0.159939,-0.007233,0.146583,-0.554430,-0.544463,1.000000
0.142847,-0.061360,-0.936349,-0.006408,0.712847,-0.007233,-0.766968,-1.066930,-0.466485,1.000000
-0.101998,0.002625,0.073910,-0.055183,0.528545,-0.007233,0.146583,-0.507838,-0.544463,1.000000
0.393290,-0.045705,0.183243,-0.014676,0.900442,0.001517,-0.241243,-0.838181,-0.542344,1.000000
-0.918151,0.002625,0.522914,-0.055183,-1.222330,0.115338,1.136260,1.448990,0.625201,1.000000
-0.918752,-0.006945,-0.266928,-0.014676,-1.700530,-0.057586,0.755760,1.652120,1.025590,1.000000
-0.836535,0.002625,-1.048600,-0.103959,0.159939,-0.007233,-0.005676,-0.647612,-0.544463,1.000000
-0.265229,-0.061360,-0.262843,-0.006408,0.436393,0.288053,0.070454,-0.554430,-0.544463,1.000000
-0.918752,-0.006945,-0.604556,-0.014676,-1.143180,0.031069,0.448990,0.900333,0.476815,1.000000
-0.918151,0.053813,-0.262843,0.042368,-0.024364,-0.007233,0.603358,-0.088517,-0.388508,1.000000
-0.918752,-0.006945,-1.054730,-0.014676,0.064416,0.024502,0.142220,-0.556260,-0.542344,1.000000
0.550923,-0.010172,1.420920,-0.128346,0.344242,-0.051805,0.374971,0.284213,0.001380,4.000000
-0.180728,-0.045705,-0.492013,-0.014676,0.528875,-0.008333,-0.241243,-0.791194,-0.542344,1.000000
-0.183614,0.002625,-0.038341,0.017980,0.436393,-0.124234,0.146583,-0.461247,-0.466485,1.000000
-0.918151,0.002625,0.522914,-0.006408,-0.761575,-0.062948,1.212390,0.983082,0.235313,1.000000
-0.754920,-0.061360,-0.936349,-0.006408,0.159939,-0.007233,0.146583,-0.554430,-0.544463,1.000000
-0.183614,0.002625,0.186161,-0.006408,0.528545,0.070767,0.298841,-0.461247,-0.544463,1.000000
0.061232,0.002625,2.318930,-0.006408,0.528545,-0.029519,1.593040,0.423987,-0.466485,1.000000
0.795769,0.066611,-0.711847,-0.006408,0.989302,-0.007233,-1.223740,-1.346480,-0.466485,1.000000
-0.265229,-0.022969,-0.487345,-0.006408,0.436393,-0.007233,-0.005676,-0.647612,-0.544463,1.000000
-0.428459,-0.010172,-0.936349,-0.006408,0.436393,0.076338,-0.234063,-0.833977,-0.544463,1.000000
-0.265229,0.002625,-0.487345,-0.006408,0.528545,0.109767,-0.157934,-0.787386,-0.544463,1.000000
0.065280,-0.045705,-0.942184,-0.014676,0.714658,0.011368,-0.701398,-1.073110,-0.542344,1.000000
0.632539,0.002625,1.308670,0.139919,0.528545,-0.007233,0.298841,-0.041926,-0.154575,4.000000
-0.020383,0.002625,0.298412,-0.128346,0.528545,-0.090805,0.222712,-0.414656,-0.466485,1.000000
0.065280,-0.006945,-0.942184,-0.014676,0.528875,-0.031318,-0.701398,-0.979141,-0.463947,1.000000
0.632539,0.002625,-0.936349,-0.006408,-2.604600,-0.007233,-1.147610,2.334230,2.574640,4.000000
-0.918151,-0.022969,-0.375094,-0.079571,-0.024364,-0.007233,0.603358,-0.135108,-0.388508,1.000000
-0.265229,0.002625,0.073910,-0.006408,0.528545,0.154339,0.298841,-0.507838,-0.544463,1.000000
0.393290,-0.058624,2.546640,-0.014676,0.807550,-0.070720,1.369300,0.242517,-0.463947,1.000000
-0.918752,-0.006945,-1.054730,-0.014676,-0.492935,-0.060869,0.142220,0.101556,0.006434,1.000000
-0.918151,0.002625,-1.048600,-0.006408,-0.669424,0.020624,0.222712,0.191031,0.079358,1.000000
-0.591690,0.002625,-1.048600,-0.006408,0.344242,0.026195,-0.157934,-0.740795,-0.544463,1.000000
0.550923,0.002625,-0.936349,-0.006408,0.159939,0.126481,-1.147610,-0.554430,0.079358,4.000000
-0.918151,0.002625,-0.711847,-0.006408,-0.853727,0.026195,0.374971,0.563761,0.313291,1.000000
-0.918752,-0.006945,-0.942184,-0.014676,0.157307,0.086888,0.218912,-0.556260,-0.542344,1.000000
-0.918151,0.002625,-0.824098,-0.006408,-0.208667,0.015052,0.298841,-0.181700,-0.310530,1.000000
0.639298,-0.058624,0.520871,-0.249034,0.993334,-0.008333,-0.241243,-0.838181,-0.542344,1.000000
0.550923,0.002625,-0.936349,-0.006408,0.159939,-0.001662,-1.147610,-0.554430,0.079358,4.000000
0.557296,-0.006945,-0.492013,-0.014676,0.993334,0.080321,-0.931476,-1.261060,-0.542344,1.000000
-0.918151,0.028219,0.522914,-0.055183,-1.314480,-0.007233,1.212390,1.588770,0.703178,1.000000
-0.346844,0.002625,-0.711847,-0.006408,0.344242,-0.113091,-0.081805,-0.601021,-0.466485,1.000000
0.632539,0.015422,0.747417,-0.006408,0.897150,-0.135376,-0.081805,-0.601021,-0.466485,1.000000
-0.754747,-0.006945,-0.942184,0.219683,0.157307,-0.008333,0.065527,-0.603246,-0.542344,1.000000
0.311288,-0.006945,0.295786,-0.014676,0.807550,-0.014900,-0.164550,-0.697220,-0.542344,1.000000
-0.918752,-0.006945,-1.167270,-0.014676,-0.028476,-0.001766,0.065527,-0.462286,-0.463947,1.000000
0.632539,0.002625,1.084170,-0.006408,0.528545,0.009481,0.222712,-0.088517,-0.154575,4.000000
-0.591690,0.002625,0.073910,-0.030795,0.344242,0.042910,0.603358,-0.321473,-0.544463,1.000000
-0.918151,0.002625,-1.048600,-0.006408,-0.300818,-0.124234,0.146583,-0.135108,-0.232552,1.000000
-0.591690,-0.048563,-0.487345,-0.006408,0.344242,-0.001662,0.146583,-0.554430,-0.544463,1.000000
0.311288,0.005974,0.295786,-0.014676,0.807550,-0.008333,-0.164550,-0.697220,-0.542344,1.000000
0.387693,0.002625,0.298412,0.017980,0.804999,-0.040662,-0.157934,-0.694203,-0.466485,1.000000
0.632539,0.028219,1.420920,-0.006408,0.436393,-0.152091,0.374971,0.144439,-0.076597,4.000000
-0.428459,0.002625,-0.487345,0.115531,0.436393,0.120910,0.070454,-0.647612,-0.544463,1.000000
-0.918151,0.002625,0.971919,-0.177122,-1.222330,-0.035090,1.516910,1.635360,0.625201,1.000000
-0.918752,-0.006945,1.758840,-0.249034,-0.307152,-0.008333,2.059530,1.041290,-0.228757,1.000000
-0.265229,0.002625,1.645430,-0.006408,0.436393,-0.023948,1.288520,0.237622,-0.466485,1.000000
-0.918151,0.002625,-0.487345,-0.006408,-0.761575,-0.012805,0.527229,0.563761,0.157335,1.000000
0.306078,-0.061360,-0.038341,-0.006408,0.804999,-0.007233,-0.310193,-0.833977,-0.544463,1.000000
-0.262731,-0.006945,-0.379471,0.043914,0.435983,-0.014900,-0.011165,-0.603246,-0.463947,1.000000
0.557296,-0.006945,-0.379471,-0.014676,-3.465470,-0.070720,-0.854783,3.390640,3.220710,4.000000
-0.183614,-0.048563,-0.262843,-0.006408,0.528545,-0.007233,-0.081805,-0.694203,-0.544463,1.000000
-0.020383,0.002625,0.073910,-0.006408,0.528545,-0.007233,0.146583,-0.507838,-0.466485,1.000000
-0.262731,0.057653,0.070700,-0.014676,0.435983,-0.008333,0.372297,-0.415299,-0.542344,1.000000
0.795769,0.002625,0.298412,-0.006408,0.989302,-0.007233,-0.538580,-0.927160,-0.466485,1.000000
0.550923,0.002625,-0.936349,-0.006408,-0.485121,-0.051805,-1.223740,0.144439,0.703178,4.000000
-0.101998,0.002625,-1.048600,-0.055183,0.528545,-0.029519,-0.538580,-0.973751,-0.544463,1.000000
-0.426736,-0.006945,-0.942184,-0.073265,0.435983,0.034352,-0.241243,-0.838181,-0.542344,1.000000
-0.508739,-0.058624,0.295786,0.043914,0.343091,-0.008333,0.602375,-0.227352,-0.463947,1.000000
-0.673305,-0.022969,-0.711847,-0.006408,0.159939,-0.007233,0.070454,-0.507838,-0.466485,1.000000
-0.754920,-0.010172,2.431180,-0.152734,0.159939,-0.007233,2.354330,0.796717,-0.544463,1.000000
0.550923,0.002625,0.522914,-0.006408,0.897150,-0.018376,-0.234063,-0.740795,-0.466485,1.000000
-0.918151,0.002625,1.982180,-0.006408,-0.669424,0.003910,2.202070,1.448990,0.079358,1.000000
0.639298,-0.006945,-0.942184,-0.014676,-2.443660,-0.041168,-1.238250,2.075000,2.358340,4.000000
-0.918151,0.002625,2.206680,-0.006408,-0.024364,0.042910,2.354330,0.936491,-0.388508,1.000000
-0.918151,0.002625,-1.048600,0.091144,-0.392970,-0.029519,0.146583,-0.041926,-0.154575,1.000000
