-0.406487,-0.051972,-1.782690,0.170375,0.154216,0.082652,-1.046740,-0.863570,-0.493529,-0.918529,0.237655,0.092853,0.036969,-0.894654,2.000000
0.886827,-0.747007,0.542556,0.441873,-0.347713,0.829698,0.953958,1.156310,0.740293,1.087120,0.237655,1.835430,1.724080,1.116130,2.000000
0.310614,2.358560,-1.782690,0.170375,-0.347713,0.530879,0.953958,-0.863570,-0.493529,-0.918529,0.237655,-0.604176,-0.195272,-0.894654,2.000000
0.844644,-0.604384,0.542556,-0.915618,-0.347713,-0.601643,0.953958,-0.863570,-0.493529,-0.918529,0.237655,-0.139490,-0.195272,-0.894654,2.000000
0.880077,1.010670,0.542556,1.799360,1.660000,1.714200,0.953958,1.156310,1.151570,-0.918529,0.237655,-1.068860,-0.195272,1.116130,2.000000
-0.364305,-0.830371,0.542556,-0.372622,-0.347713,-0.528432,0.953958,-0.863570,-0.493529,1.087120,0.237655,0.092853,-0.195272,-0.894654,2.000000
0.711348,0.349783,0.542556,-0.372622,0.154216,0.381470,0.953958,1.156310,-0.287892,-0.918529,0.237655,-1.068860,-0.099304,1.116130,2.000000
-0.505194,-0.955920,0.542556,0.170375,-0.347713,-0.664395,-1.046740,-0.863570,-0.493529,-0.918529,3.584230,-0.000084,-0.195272,1.116130,1.000000
-1.299070,-0.947885,0.542556,0.170375,-0.347713,-0.652442,-1.046740,-0.863570,-0.493529,-0.918529,0.237655,-1.068860,-0.195272,1.116130,2.000000
-0.364305,-0.621459,0.542556,1.527870,1.660000,0.855097,0.953958,1.156310,1.357200,-0.918529,0.237655,1.248760,-0.036542,1.116130,2.000000
-0.484103,1.622340,0.542556,1.527870,-0.347713,-0.514985,-1.046740,-0.863570,-0.493529,-0.918529,0.237655,-1.068860,-0.194888,-0.894654,2.000000
-1.130340,-0.461762,0.542556,0.170375,1.158070,-0.377529,-1.046740,1.156310,-0.082255,1.087120,0.237655,-0.139490,-0.082606,-0.894654,2.000000
-0.933768,1.421460,0.542556,0.170375,1.660000,1.128520,0.953958,-0.863570,-0.493529,-0.918529,0.237655,0.906053,-0.195272,1.116130,1.000000
-0.779380,1.253730,0.542556,0.441873,-0.347713,-0.066758,0.953958,1.156310,-0.287892,-0.918529,0.237655,-0.604176,-0.141914,1.116130,2.000000
-0.743947,0.282489,0.542556,-0.372622,-0.347713,-0.615090,-1.046740,-0.863570,-0.493529,-0.918529,0.237655,0.209025,-0.003337,-0.894654,1.000000
-0.750696,1.153290,0.542556,0.984870,1.660000,-0.265472,0.953958,-0.863570,-0.493529,-0.918529,0.237655,-0.488004,-0.195272,1.116130,2.000000
0.521527,0.148905,0.542556,0.984870,-0.347713,-0.627042,0.953958,-0.863570,-0.493529,1.087120,0.237655,0.255493,-0.195272,1.116130,1.000000
0.127543,-0.629494,0.542556,-1.458610,-0.347713,-0.503033,-1.046740,-0.863570,-0.493529,1.087120,0.237655,-1.068860,-0.195272,-0.894654,1.000000
0.036429,0.249344,0.542556,-1.458610,-0.347713,-0.290872,-1.046740,-0.863570,-0.493529,-0.918529,0.237655,0.511070,-0.195272,-0.894654,1.000000
-0.940517,-0.587310,0.542556,0.170375,-0.347713,0.007947,0.953958,1.156310,-0.287892,-0.918529,0.237655,-0.488004,-0.166481,1.116130,2.000000
0.064269,-0.847446,0.542556,1.527870,-0.347713,-0.652442,0.953958,-0.863570,-0.493529,-0.918529,0.237655,1.486910,1.949980,1.116130,1.000000
-1.327750,0.575770,0.542556,0.984870,-0.347713,-0.627042,-1.046740,1.156310,-0.287892,1.087120,0.237655,-1.068860,-0.164562,-0.894654,1.000000
2.096620,4.668640,-1.782690,0.170375,-0.347713,7.851930,0.953958,1.156310,7.731950,-0.918529,0.237655,-1.068860,-0.192393,1.116130,2.000000
-0.146643,-0.704823,-1.782690,-0.915618,-0.347713,-0.589690,-1.046740,-0.863570,-0.493529,-0.918529,0.237655,0.232259,-0.195272,-0.894654,2.000000
-0.722855,-0.587310,0.542556,-0.644120,-0.849641,-0.664395,-1.046740,1.156310,-0.287892,-0.918529,0.237655,0.092853,-0.185099,-0.894654,1.000000
0.858986,-0.763078,0.542556,1.799360,-0.347713,0.082652,0.953958,-0.863570,-0.493529,-0.918529,0.237655,1.893510,-0.080111,1.116130,2.000000
0.599142,-0.913736,0.542556,-0.915618,-0.347713,-0.638995,0.953958,-0.863570,-0.493529,1.087120,0.237655,0.557539,-0.195272,1.116130,2.000000
2.215570,0.458256,0.542556,-0.101123,-0.347713,3.519060,0.953958,1.156310,0.740293,1.087120,0.237655,1.022220,0.060386,1.116130,2.000000
-0.315373,-0.755042,-1.782690,-1.458610,1.660000,0.232061,-1.046740,-0.863570,-0.493529,-0.918529,0.237655,-0.046553,-0.092203,-0.894654,2.000000
-0.750696,-0.805262,0.542556,-1.187120,-0.347713,-0.190767,-1.046740,1.156310,-0.287892,1.087120,0.237655,1.254570,-0.193544,-0.894654,2.000000
-1.159020,1.253730,0.542556,1.799360,1.660000,-0.365576,0.953958,1.156310,1.768480,-0.918529,0.237655,-1.068860,0.380533,1.116130,1.000000
0.507185,-0.955920,0.542556,0.170375,-0.347713,-0.664395,-1.046740,-0.863570,-0.493529,-0.918529,3.584230,-0.000084,-0.195272,1.116130,2.000000
-0.771787,0.182050,0.542556,0.984870,-0.347713,0.108051,0.953958,1.156310,0.945930,-0.918529,0.237655,-0.319556,0.429860,1.116130,1.000000
-0.716106,1.354170,0.542556,-1.187120,-0.347713,0.381470,0.953958,1.156310,1.357200,-0.918529,0.237655,-0.743582,-0.052856,1.116130,2.000000
-0.139050,-0.587310,0.542556,0.170375,1.660000,0.630983,0.953958,-0.863570,-0.493529,-0.918529,0.237655,0.441367,-0.156885,1.116130,2.000000
1.224290,-0.353288,0.542556,0.170375,-0.347713,0.045299,0.953958,1.156310,1.151570,1.087120,0.237655,1.231330,0.602985,1.116130,1.000000
0.732439,3.362940,0.542556,0.713372,2.161930,5.311970,0.953958,1.156310,1.768480,-0.918529,0.237655,-1.068860,0.035050,1.116130,2.000000
-0.463012,0.784682,0.542556,-0.372622,-0.347713,-0.241567,0.953958,-0.863570,-0.493529,-0.918529,0.237655,-0.139490,-0.166481,1.116130,1.000000
-1.306660,-0.805262,0.542556,0.170375,-0.347713,-0.141462,0.953958,1.156310,0.534656,1.087120,0.237655,0.975756,-0.062837,1.116130,2.000000
0.071862,-0.521020,-1.782690,-0.915618,-1.853500,-0.664395,-1.046740,-0.863570,-0.493529,-0.918529,0.237655,-0.371833,-0.195272,-0.894654,2.000000
0.057520,1.856360,-1.782690,-1.730110,-1.853500,-0.664395,-1.046740,1.156310,-0.082255,-0.918529,0.237655,-0.139490,-0.195080,-0.894654,2.000000
0.704598,0.291528,0.542556,0.984870,-0.347713,-0.652442,0.953958,1.156310,-0.287892,-0.918529,0.237655,0.092853,-0.137691,1.116130,2.000000
-0.863745,1.153290,0.542556,0.170375,-0.347713,0.232061,0.953958,-0.863570,-0.493529,1.087120,0.237655,-1.068860,-0.195272,1.116130,2.000000
-0.111210,0.148905,0.542556,-0.915618,-0.347713,0.979107,-1.046740,-0.863570,-0.493529,1.087120,-3.108920,-0.488004,-0.195272,-0.894654,1.000000
-0.589559,1.555050,0.542556,0.441873,-0.347713,-0.402929,0.953958,-0.863570,-0.493529,1.087120,0.237655,0.441367,-0.195272,-0.894654,2.000000
-1.074660,0.960450,0.542556,-0.372622,-0.347713,-0.638995,0.953958,-0.863570,-0.493529,-0.918529,0.237655,-0.488004,-0.195272,1.116130,1.000000
-0.687422,-0.755042,0.542556,0.170375,-0.347713,-0.514985,-1.046740,-0.863570,-0.493529,1.087120,-3.108920,0.557539,-0.195272,-0.894654,2.000000
2.356460,-0.403507,0.542556,0.441873,-0.347713,-0.141462,0.953958,1.156310,0.534656,1.087120,0.237655,-0.720347,-0.184139,1.116130,2.000000
-0.279940,0.073576,0.542556,1.799360,-0.347713,0.754993,0.953958,1.156310,-0.082255,-0.918529,0.237655,1.370740,-0.193928,1.116130,2.000000
0.486093,-0.453727,0.542556,-1.187120,1.660000,-0.601643,-1.046740,-0.863570,-0.493529,-0.918529,0.237655,0.441367,-0.148056,-0.894654,1.000000
-0.758289,1.060890,0.542556,1.799360,-0.347713,-0.652442,0.953958,1.156310,1.357200,-0.918529,0.237655,-0.720347,-0.119266,1.116130,2.000000
2.124460,1.504830,0.542556,-0.101123,-0.347713,-0.290872,0.953958,1.156310,0.329019,1.087120,0.237655,0.092853,-0.195272,1.116130,2.000000
-0.244507,1.956800,0.542556,-1.458610,-0.347713,-0.627042,-1.046740,-0.863570,-0.493529,-0.918529,0.237655,-1.068860,-0.140378,-0.894654,2.000000
3.649780,2.860750,-1.782690,-1.730110,-1.853500,-0.652442,-1.046740,1.156310,-0.082255,-0.918529,0.237655,-1.068860,-0.127903,-0.894654,2.000000
2.405390,1.956800,0.542556,-1.730110,-1.853500,4.714340,0.953958,1.156310,2.591030,1.087120,0.237655,-1.068860,-0.003337,1.116130,2.000000
-0.828312,-0.604384,-1.782690,-0.644120,-0.849641,-0.664395,-1.046740,-0.863570,-0.493529,-0.918529,0.237655,-0.139490,-0.195272,-0.894654,1.000000
1.133170,-0.034897,0.542556,-0.915618,1.660000,-0.365576,-1.046740,-0.863570,-0.493529,1.087120,-3.108920,0.325196,-0.195272,-0.894654,1.000000
-0.821562,-0.905700,0.542556,-1.458610,1.660000,-0.465680,0.953958,-0.863570,-0.493529,1.087120,0.237655,-1.068860,-0.195272,1.116130,2.000000
-0.758289,-0.654604,-1.782690,-0.372622,-0.347713,-0.503033,-1.046740,-0.863570,-0.493529,1.087120,0.237655,-0.371833,-0.182412,-0.894654,2.000000
0.978784,0.048467,0.542556,-1.187120,0.154216,0.007947,-1.046740,-0.863570,-0.493529,1.087120,0.237655,-0.249853,-0.195272,-0.894654,2.000000
0.788963,-0.788187,0.542556,-1.730110,-1.853500,-0.664395,0.953958,-0.863570,-0.493529,-0.918529,0.237655,-0.313747,-0.195080,-0.894654,2.000000
-0.167735,-0.051972,0.542556,0.441873,-0.347713,1.576740,0.953958,1.156310,-0.082255,1.087120,0.237655,0.847968,-0.195272,1.116130,2.000000
-0.301031,-0.554165,0.542556,-0.915618,1.660000,0.580184,0.953958,1.156310,-0.082255,1.087120,0.237655,-0.017510,-0.195272,1.116130,2.000000
3.052470,0.148905,0.542556,0.713372,2.161930,3.220250,0.953958,1.156310,-0.287892,1.087120,0.237655,-1.068860,-0.195272,1.116130,2.000000
-1.137930,0.400002,-1.782690,-0.101123,-0.347713,-0.652442,-1.046740,-0.863570,-0.493529,-0.918529,0.237655,-0.255661,-0.195272,-0.894654,2.000000
-1.018130,-0.897665,0.542556,-0.915618,-0.347713,-0.577737,-1.046740,-0.863570,-0.493529,-0.918529,0.237655,0.557539,-0.125407,-0.894654,2.000000
-0.800471,1.346130,0.542556,-0.915618,-0.347713,-0.190767,-1.046740,-0.863570,-0.493529,1.087120,0.237655,-0.488004,0.037353,-0.894654,2.000000
2.609560,1.605270,-1.782690,0.170375,1.660000,0.829698,0.953958,-0.863570,-0.493529,-0.918529,0.237655,-0.418302,-0.195272,-0.894654,2.000000
-0.364305,-0.637529,0.542556,1.527870,1.660000,-0.116063,0.953958,1.156310,1.974110,1.087120,0.237655,2.317540,-0.058422,1.116130,2.000000
-0.631741,-0.780152,0.542556,-0.101123,-0.347713,-0.638995,-1.046740,1.156310,0.329019,-0.918529,0.237655,0.406516,0.179001,-0.894654,2.000000
1.329740,0.349783,0.542556,0.170375,-0.347713,-0.365576,-1.046740,-0.863570,-0.493529,1.087120,0.237655,-1.068860,-0.151511,-0.894654,2.000000
-1.018130,-0.922775,0.542556,0.984870,-0.347713,-0.652442,-1.046740,-0.863570,-0.493529,1.087120,0.237655,1.138400,-0.195272,-0.894654,1.000000
-1.032470,1.236660,0.542556,0.170375,0.154216,-0.489586,-1.046740,1.156310,-0.082255,1.087120,0.237655,0.092853,-0.193928,-0.894654,2.000000
-0.743947,1.253730,0.542556,0.984870,-0.347713,0.082652,0.953958,1.156310,0.945930,1.087120,0.237655,-0.488004,-0.039996,1.116130,2.000000
-0.695015,-0.654604,0.542556,0.170375,1.660000,-0.241567,0.953958,-0.863570,-0.493529,-0.918529,0.237655,1.382360,-0.156885,1.116130,2.000000
1.428450,-0.102191,0.542556,-0.101123,-0.347713,-0.627042,0.953958,-0.863570,-0.493529,1.087120,0.237655,0.238067,-0.195272,1.116130,2.000000
-0.328871,-0.546130,0.542556,0.441873,-0.347713,-0.589690,-1.046740,-0.863570,-0.493529,1.087120,0.237655,-0.023318,-0.185675,-0.894654,1.000000
0.422820,-0.897665,0.542556,-1.730110,-1.853500,-0.664395,-1.046740,1.156310,1.562840,-0.918529,0.237655,0.092853,-0.191817,-0.894654,1.000000
2.061190,1.555050,0.542556,-0.915618,1.660000,1.726150,0.953958,-0.863570,-0.493529,1.087120,0.237655,-0.929456,0.193972,1.116130,2.000000
0.303865,-0.202630,0.542556,-1.730110,-1.853500,-0.664395,-1.046740,1.156310,0.740293,-0.918529,0.237655,-1.068860,-0.156885,-0.894654,1.000000
-0.813970,-0.847446,-1.782690,1.799360,-0.347713,-0.652442,0.953958,1.156310,-0.287892,1.087120,0.237655,3.810340,-0.183948,1.116130,2.000000
-0.919426,-0.872556,0.542556,0.170375,-0.347713,-0.627042,-1.046740,-0.863570,-0.493529,-0.918529,0.237655,-1.068860,-0.186827,-0.894654,2.000000
0.282774,0.048467,0.542556,1.799360,1.660000,1.576740,0.953958,1.156310,0.740293,1.087120,0.237655,-1.068860,-0.003337,1.116130,2.000000
0.760279,0.048467,0.542556,0.170375,-0.347713,0.829698,0.953958,1.156310,0.945930,-0.918529,0.237655,-1.068860,0.393008,1.116130,2.000000
-0.511943,-0.880591,0.542556,-0.101123,-0.347713,-0.589690,0.953958,1.156310,0.123382,-0.918529,0.237655,0.441367,2.704480,1.116130,2.000000
-0.497601,-0.511981,-1.782690,-0.372622,-0.347713,0.530879,0.953958,-0.863570,-0.493529,-0.918529,0.237655,0.023150,-0.195272,-0.894654,2.000000
-1.180110,1.052850,0.542556,0.441873,1.660000,-0.615090,-1.046740,1.156310,-0.287892,-0.918529,0.237655,-0.371833,-0.195080,-0.894654,2.000000
-0.603057,-0.554165,0.542556,0.713372,-1.351570,-0.615090,-1.046740,1.156310,-0.082255,-0.918529,0.237655,0.789882,0.054244,-0.894654,2.000000
-1.060310,-0.955920,-1.782690,-1.730110,-1.853500,-0.664395,-1.046740,1.156310,0.329019,-0.918529,0.237655,-0.807476,-0.195080,-0.894654,2.000000
0.064269,-0.252849,0.542556,-0.915618,-0.347713,-0.514985,-1.046740,-0.863570,-0.493529,1.087120,0.237655,0.278727,-0.195272,-0.894654,2.000000
-0.659582,-0.813297,0.542556,0.441873,-0.347713,-0.589690,-1.046740,1.156310,-0.287892,1.087120,0.237655,0.325196,-0.194504,-0.894654,1.000000
0.430413,-0.303069,0.542556,0.984870,1.660000,2.024970,0.953958,-0.863570,-0.493529,1.087120,0.237655,-0.476387,-0.072625,1.116130,2.000000
0.303865,-0.453727,0.542556,-0.915618,-0.347713,0.680288,0.953958,1.156310,0.945930,-0.918529,0.237655,-0.197576,0.048486,1.116130,2.000000
0.978784,-0.503946,0.542556,-1.187120,0.154216,-0.440281,0.953958,-0.863570,-0.493529,-0.918529,0.237655,2.183940,-0.195272,-0.894654,2.000000
-0.856152,-0.805262,-1.782690,1.256370,1.158070,-0.440281,-1.046740,-0.863570,-0.493529,1.087120,0.237655,-0.302130,-0.194888,-0.894654,2.000000
-0.919426,0.106721,0.542556,0.984870,-0.347713,-0.552338,0.953958,1.156310,-0.287892,-0.918529,0.237655,-0.139490,-0.195272,-0.894654,2.000000
-0.392145,1.755920,0.542556,0.984870,1.660000,0.829698,0.953958,1.156310,-0.082255,-0.918529,0.237655,-1.068860,0.764402,1.116130,1.000000
-0.568468,-0.051972,0.542556,0.441873,-0.347713,-0.365576,-1.046740,-0.863570,-0.493529,1.087120,0.237655,1.022220,-0.194120,-0.894654,1.000000
-0.554126,1.520900,0.542556,1.527870,1.660000,0.381470,0.953958,1.156310,0.740293,-0.918529,0.237655,1.254570,-0.107366,1.116130,1.000000
-0.167735,-0.001753,0.542556,-0.101123,-0.347713,-0.066758,-1.046740,1.156310,-0.287892,1.087120,0.237655,1.603080,-0.182220,-0.894654,2.000000
-0.455419,-0.788187,0.542556,1.527870,-0.347713,-0.316271,-1.046740,-0.863570,-0.493529,-0.918529,0.237655,-0.488004,-0.195272,-0.894654,2.000000
0.000152,-0.830371,0.542556,-0.915618,-0.347713,-0.589690,-1.046740,-0.863570,-0.493529,-0.918529,0.237655,1.138400,0.190517,-0.894654,2.000000
1.484970,-0.495911,0.542556,-1.730110,-1.853500,-0.577737,-1.046740,-0.863570,-0.493529,-0.918529,0.237655,0.092853,-0.194696,-0.894654,2.000000
0.641325,-0.629494,0.542556,0.170375,-0.347713,-0.216167,0.953958,1.156310,1.562840,-0.918529,0.237655,0.011533,0.706822,1.116130,2.000000
-0.505194,-0.888626,0.542556,-0.915618,1.660000,0.381470,-1.046740,-0.863570,-0.493529,1.087120,0.237655,0.906053,-0.195272,-0.894654,2.000000
-1.024880,0.500441,0.542556,-0.101123,-0.347713,-0.652442,-1.046740,1.156310,-0.287892,-0.918529,0.237655,-0.488004,-0.195080,-0.894654,2.000000
-0.589559,1.755920,-1.782690,-1.730110,-1.853500,-0.664395,-1.046740,-0.863570,-0.493529,-0.918529,0.237655,-0.000084,-0.195272,-0.894654,2.000000
1.069900,1.253730,-1.782690,-1.458610,-0.347713,-0.216167,0.953958,-0.863570,-0.493529,-0.918529,-3.108920,-1.068860,-0.195272,-0.894654,2.000000
0.964442,-0.897665,-1.782690,1.527870,1.660000,-0.141462,0.953958,1.156310,1.151570,-0.918529,0.237655,-0.488004,-0.123296,1.116130,2.000000
-0.490852,-0.805262,0.542556,0.170375,0.154216,-0.589690,0.953958,-0.863570,-0.493529,-0.918529,0.237655,0.958331,-0.190857,1.116130,2.000000
1.118830,0.450221,-1.782690,0.170375,-0.347713,-0.178815,-1.046740,-0.863570,-0.493529,-0.918529,0.237655,-0.139490,-0.194888,-0.894654,2.000000
0.739188,0.676208,-1.782690,-0.915618,-0.347713,-0.615090,-1.046740,1.156310,-0.082255,-0.918529,0.237655,-0.000084,-0.191817,-0.894654,1.000000
-0.026845,-0.386433,0.542556,-1.730110,-1.853500,-0.664395,-1.046740,1.156310,0.534656,-0.918529,0.237655,-0.046553,-0.167249,-0.894654,2.000000
-1.235790,-0.855481,0.542556,-1.187120,-0.347713,-0.615090,-1.046740,1.156310,0.740293,1.087120,0.237655,0.325196,-0.188554,-0.894654,1.000000
-0.673924,-0.596349,0.542556,0.170375,-0.347713,-0.503033,-1.046740,-0.863570,-0.493529,1.087120,0.237655,-0.278896,-0.195080,-0.894654,2.000000
0.950100,-0.704823,0.542556,-0.101123,-0.347713,3.481710,-1.046740,1.156310,-0.287892,1.087120,0.237655,0.975756,-0.173775,-0.894654,2.000000
-0.075777,-0.453727,0.542556,1.527870,1.660000,0.007947,-1.046740,-0.863570,-0.493529,1.087120,-3.108920,0.906053,-0.195272,-0.894654,2.000000
0.135135,-0.755042,0.542556,1.799360,-0.347713,-0.440281,0.953958,1.156310,0.945930,1.087120,0.237655,0.906053,0.586095,1.116130,2.000000
0.282774,-0.453727,0.542556,0.441873,-0.347713,-0.664395,0.953958,-0.863570,-0.493529,1.087120,0.237655,0.319387,-0.156885,1.116130,2.000000
1.667200,1.052850,0.542556,-1.187120,0.154216,-0.664395,0.953958,1.156310,1.768480,-0.918529,0.237655,-1.068860,0.044455,1.116130,2.000000
-0.673924,-0.838407,-1.782690,-1.730110,-1.853500,-0.627042,-1.046740,-0.863570,-0.493529,-0.918529,0.237655,-0.371833,-0.178573,-0.894654,1.000000
-0.975950,1.262770,0.542556,0.170375,-0.347713,-0.066758,-1.046740,-0.863570,-0.493529,1.087120,0.237655,-0.278896,-0.195272,-0.894654,2.000000
1.400610,-0.252849,0.542556,-0.372622,-0.347713,0.381470,0.953958,-0.863570,-0.493529,-0.918529,-3.108920,0.267110,-0.195272,1.116130,2.000000
-0.047936,-0.537091,0.542556,0.170375,-0.347713,-0.638995,-1.046740,-0.863570,-0.493529,-0.918529,0.237655,0.673710,-0.195272,-0.894654,2.000000
-0.821562,1.253730,0.542556,1.799360,-0.347713,-0.577737,0.953958,1.156310,0.740293,-0.918529,0.237655,-0.366024,-0.195272,1.116130,2.000000
1.371920,-0.119266,0.542556,1.799360,0.154216,-0.638995,-1.046740,-0.863570,-0.493529,1.087120,0.237655,1.951600,-0.195272,-0.894654,2.000000
-0.940517,0.550660,0.542556,-0.915618,-0.347713,-0.216167,0.953958,1.156310,-0.287892,-0.918529,0.237655,-0.139490,-0.150359,1.116130,1.000000
1.449540,0.751537,0.542556,0.170375,1.660000,3.070840,0.953958,1.156310,1.357200,-0.918529,0.237655,-0.017510,0.122380,1.116130,2.000000
-1.095750,1.052850,0.542556,-1.458610,-0.347713,-0.540385,-1.046740,-0.863570,-0.493529,-0.918529,0.237655,-0.604176,-0.187210,-0.894654,1.000000
-0.729605,-0.921771,0.542556,-0.101123,-0.347713,-0.638995,-1.046740,-0.863570,-0.493529,-0.918529,-3.108920,-1.068860,-0.195272,-0.894654,2.000000
-0.125552,-0.747007,-1.782690,-1.187120,0.154216,-0.514985,0.953958,1.156310,1.562840,1.087120,0.237655,-0.302130,-0.189898,-0.894654,2.000000
0.654823,0.224234,0.542556,1.527870,1.660000,2.323790,0.953958,1.156310,2.385390,1.087120,0.237655,1.248760,-0.195272,1.116130,2.000000
-0.786129,0.851976,0.542556,-0.372622,-0.347713,-0.638995,-1.046740,-0.863570,-0.493529,-0.918529,0.237655,-1.068860,-0.195272,-0.894654,2.000000
-1.067060,0.851976,0.542556,-0.372622,-0.347713,-0.440281,0.953958,1.156310,-0.082255,-0.918529,0.237655,-0.557707,-0.081838,1.116130,1.000000
0.810055,-0.704823,-1.782690,0.441873,-0.347713,-0.589690,-1.046740,-0.863570,-0.493529,-0.918529,0.237655,-1.068860,-0.157844,-0.894654,2.000000
0.289523,-0.277959,0.542556,0.170375,1.660000,1.812810,-1.046740,-0.863570,-0.493529,1.087120,0.237655,-1.068860,-0.195272,-0.894654,2.000000
-0.687422,-0.797227,-1.782690,0.984870,-0.347713,-0.216167,0.953958,1.156310,-0.082255,1.087120,0.237655,-0.604176,-0.118498,1.116130,1.000000
-0.912676,1.103070,0.542556,0.984870,-0.347713,-0.452234,0.953958,1.156310,-0.082255,1.087120,0.237655,-0.784242,-0.195272,1.116130,1.000000
0.275181,-0.152411,0.542556,-1.458610,0.154216,3.070840,0.953958,-0.863570,-0.493529,1.087120,0.237655,-0.000084,-0.195272,-0.894654,2.000000
0.211907,0.349783,0.542556,-0.372622,-0.347713,-0.627042,0.953958,-0.863570,-0.493529,1.087120,0.237655,1.504340,-0.195272,-0.894654,2.000000
0.015337,-0.353288,-1.782690,-0.644120,-0.849641,-0.664395,-1.046740,-0.863570,-0.493529,-0.918529,0.237655,-0.139490,-0.191433,-0.894654,1.000000
0.831146,0.048467,0.542556,0.984870,1.660000,0.829698,0.953958,1.156310,0.740293,1.087120,0.237655,1.661170,-0.195272,1.116130,2.000000
0.219500,0.098686,0.542556,0.441873,-0.347713,-0.638995,-1.046740,-0.863570,-0.493529,1.087120,0.237655,0.615625,-0.194120,1.116130,2.000000
1.618270,-0.838407,0.542556,-1.730110,-1.853500,-0.664395,-1.046740,-0.863570,-0.493529,-0.918529,0.237655,-0.226619,-0.195272,-0.894654,2.000000
-0.041187,-0.336213,0.542556,0.170375,-0.347713,0.082652,-1.046740,1.156310,-0.082255,1.087120,0.237655,-0.139490,-0.187402,-0.894654,2.000000
-0.223415,2.057240,0.542556,0.170375,1.660000,0.929802,0.953958,1.156310,1.768480,-0.918529,0.237655,-1.068860,0.242915,1.116130,2.000000
-0.420829,-0.445691,-1.782690,-1.730110,-1.853500,-0.664395,-1.046740,-0.863570,-0.493529,1.087120,0.237655,-0.023318,-0.183756,-0.894654,1.000000
1.063150,0.382927,0.542556,0.984870,-0.347713,1.539390,0.953958,1.156310,0.123382,1.087120,0.237655,-1.068860,-0.195272,1.116130,1.000000
-0.547376,-0.612420,0.542556,1.799360,-0.347713,-0.166862,0.953958,1.156310,-0.287892,1.087120,0.237655,1.225530,-0.191433,1.116130,2.000000
-0.919426,-0.788187,-1.782690,0.170375,-0.347713,-0.066758,-1.046740,-0.863570,-0.493529,1.087120,-3.108920,0.325196,-0.195272,-0.894654,2.000000
1.793750,2.057240,0.542556,0.170375,-0.347713,0.979107,0.953958,1.156310,2.385390,-0.918529,0.237655,-1.068860,0.226985,1.116130,1.000000
-0.490852,-0.855481,0.542556,0.170375,1.660000,-0.402929,0.953958,-0.863570,-0.493529,1.087120,0.237655,1.783150,-0.195272,1.116130,1.000000
0.388230,-0.871551,-1.782690,0.441873,-0.347713,-0.577737,-1.046740,-0.863570,-0.493529,1.087120,0.237655,0.725988,-0.194888,-0.894654,2.000000
-0.518692,-0.729933,0.542556,0.984870,-0.347713,-0.278919,0.953958,1.156310,-0.082255,-0.918529,0.237655,0.092853,-0.195272,-0.894654,1.000000
0.760279,-0.295033,0.542556,-0.101123,-0.347713,0.381470,-1.046740,-0.863570,-0.493529,1.087120,-3.108920,1.254570,-0.195272,-0.894654,2.000000
0.184067,-0.805262,0.542556,-0.915618,0.154216,-0.365576,0.953958,1.156310,0.123382,1.087120,0.237655,0.162556,-0.195272,-0.894654,1.000000
-0.448670,-0.646569,0.542556,0.441873,-0.347713,-0.627042,-1.046740,-0.863570,-0.493529,-0.918529,0.237655,-0.488004,-0.195272,-0.894654,2.000000
-0.252099,-0.621459,0.542556,0.984870,-0.347713,0.057252,0.953958,-0.863570,-0.493529,1.087120,0.237655,1.486910,-0.195272,-0.894654,1.000000
-0.406487,-0.554165,0.542556,-1.458610,-0.347713,-0.440281,-1.046740,-0.863570,-0.493529,1.087120,0.237655,-0.604176,-0.195272,-0.894654,2.000000
-0.912676,1.120150,0.542556,1.527870,1.660000,-0.564291,0.953958,1.156310,-0.287892,1.087120,0.237655,-0.604176,-0.185675,1.116130,1.000000
-0.828312,1.404390,0.542556,0.170375,-0.347713,-0.589690,-1.046740,-0.863570,-0.493529,1.087120,0.237655,-0.023318,-0.195272,-0.894654,1.000000
0.120793,-0.453727,-1.782690,0.441873,-0.347713,1.427330,-1.046740,-0.863570,-0.493529,1.087120,0.237655,0.557539,-0.195272,-0.894654,2.000000
-0.870494,-0.654604,0.542556,0.441873,-0.347713,-0.216167,-1.046740,-0.863570,-0.493529,-0.918529,0.237655,-0.197576,-0.193736,1.116130,2.000000
-0.800471,-0.486871,0.542556,-0.915618,-0.347713,-0.440281,-1.046740,-0.863570,-0.493529,-0.918529,0.237655,-0.023318,-0.195272,-0.894654,2.000000
-0.589559,-0.704823,0.542556,0.170375,-0.347713,-0.589690,-1.046740,-0.863570,-0.493529,-0.918529,0.237655,-0.429919,-0.195272,-0.894654,2.000000
0.000152,0.048467,-1.782690,-0.372622,-0.347713,1.875560,0.953958,-0.863570,-0.493529,-0.918529,0.237655,-1.068860,-0.195272,-0.894654,2.000000
-0.786129,-0.863516,0.542556,-0.915618,-0.347713,-0.627042,-1.046740,-0.863570,-0.493529,1.087120,0.237655,0.557539,-0.184715,-0.894654,2.000000
-0.392145,-0.503946,0.542556,-1.187120,0.154216,-0.514985,-1.046740,-0.863570,-0.493529,1.087120,0.237655,2.648630,0.572468,-0.894654,2.000000
-1.102500,-0.554165,0.542556,-1.187120,-0.347713,-0.216167,0.953958,1.156310,-0.082255,-0.918529,0.237655,-0.371833,-0.137691,1.116130,2.000000
-0.835061,-0.721898,-1.782690,-0.915618,-0.347713,0.082652,0.953958,1.156310,-0.287892,-0.918529,0.237655,-0.023318,-0.191433,-0.894654,2.000000
-0.083370,1.186440,0.542556,0.984870,1.660000,-0.638995,-1.046740,1.156310,1.974110,1.087120,0.237655,-0.319556,-0.194696,-0.894654,1.000000
-0.813970,1.387310,0.542556,-0.915618,1.660000,-0.638995,-1.046740,-0.863570,-0.493529,-0.918529,0.237655,0.789882,-0.194312,-0.894654,1.000000
0.570458,-0.069046,0.542556,0.170375,-0.347713,-0.627042,-1.046740,-0.863570,-0.493529,-0.918529,0.237655,-0.139490,-0.195272,-0.894654,1.000000
-0.765038,0.751537,0.542556,0.984870,-0.347713,-0.141462,0.953958,1.156310,1.562840,-0.918529,0.237655,-0.604176,-0.005256,-0.894654,1.000000
-0.708513,1.278840,0.542556,1.799360,1.660000,-0.526938,0.953958,1.156310,-0.287892,-0.918529,0.237655,-0.488004,-0.195272,1.116130,2.000000
0.844644,-0.747007,0.542556,-0.372622,-0.347713,-0.465680,-1.046740,-0.863570,-0.493529,-0.918529,0.237655,0.325196,-0.149783,-0.894654,1.000000
-1.292320,-0.788187,0.542556,-0.101123,-0.347713,-0.638995,0.953958,-0.863570,-0.493529,-0.918529,-3.108920,0.092853,-0.195272,-0.894654,2.000000
-0.701764,0.224234,0.542556,0.984870,-0.347713,0.282860,0.953958,1.156310,1.562840,-0.918529,0.237655,-0.371833,-0.148248,1.116130,1.000000
-0.533034,1.555050,0.542556,-1.458610,-0.347713,-0.365576,-1.046740,-0.863570,-0.493529,1.087120,0.237655,-0.023318,0.008563,-0.894654,1.000000
-0.322122,-0.696788,0.542556,-0.915618,1.660000,-0.589690,-1.046740,-0.863570,-0.493529,1.087120,-3.108920,-0.255661,-0.195272,-0.894654,2.000000
2.370800,-0.646569,0.542556,0.984870,-0.347713,-0.627042,0.953958,-0.863570,-0.493529,1.087120,0.237655,0.441367,-0.195272,1.116130,2.000000
-0.716106,-0.453727,0.542556,0.170375,-0.347713,-0.340177,0.953958,1.156310,1.768480,1.087120,0.237655,-0.720347,0.223914,1.116130,2.000000
0.000152,-0.152411,0.542556,1.799360,-0.347713,0.829698,0.953958,1.156310,0.123382,1.087120,0.237655,0.615625,0.242148,1.116130,2.000000
0.303865,-0.051972,0.542556,1.799360,1.660000,1.053810,-1.046740,-0.863570,-0.493529,1.087120,-3.108920,3.061030,-0.195272,1.116130,2.000000
-1.003790,-0.880591,0.542556,0.984870,-0.347713,-0.066758,0.953958,1.156310,-0.082255,1.087120,0.237655,-0.604176,-0.195272,1.116130,2.000000
2.855900,1.253730,0.542556,0.713372,2.161930,5.311970,0.953958,1.156310,0.945930,1.087120,0.237655,-0.941073,-0.195272,1.116130,2.000000
-1.186860,3.463380,2.867800,-1.730110,1.158070,-0.664395,-1.046740,-0.863570,-0.493529,1.087120,3.584230,1.545000,18.998200,1.116130,2.000000
-0.265598,-0.252849,0.542556,0.441873,-0.347713,-0.414881,0.953958,-0.863570,-0.493529,-0.918529,-3.108920,0.557539,-0.195272,1.116130,1.000000
0.401728,-0.194595,0.542556,0.441873,-0.347713,-0.316271,0.953958,-0.863570,-0.493529,1.087120,0.237655,0.092853,-0.195272,-0.894654,2.000000
-0.575217,-0.847446,0.542556,-0.101123,-0.347713,-0.365576,-1.046740,-0.863570,-0.493529,1.087120,0.237655,-0.371833,-0.195080,-0.894654,2.000000
-1.137930,0.148905,0.542556,-0.915618,-0.347713,-0.514985,0.953958,-0.863570,-0.493529,-0.918529,0.237655,-0.604176,-0.195272,1.116130,2.000000
0.211907,-0.453727,0.542556,0.170375,-0.347713,-0.365576,-1.046740,-0.863570,-0.493529,-0.918529,0.237655,1.603080,-0.192201,-0.894654,2.000000
1.322990,-0.805262,0.542556,0.984870,1.660000,0.157356,0.953958,1.156310,-0.287892,-0.918529,0.237655,0.865393,-0.024066,1.116130,1.000000
1.759160,-0.654604,0.542556,-1.458610,-0.347713,0.456175,-1.046740,-0.863570,-0.493529,1.087120,0.237655,-1.068860,-0.128095,-0.894654,2.000000
-0.322122,-0.838407,-1.782690,1.527870,-0.347713,-0.589690,0.953958,1.156310,-0.082255,-0.918529,0.237655,0.441367,-0.099304,1.116130,2.000000
2.194480,-0.554165,0.542556,-1.730110,-1.853500,1.277930,-1.046740,1.156310,-0.287892,-0.918529,0.237655,-1.068860,-0.193352,-0.894654,1.000000
3.811760,3.521640,0.542556,0.713372,2.161930,3.145540,0.953958,1.156310,-0.287892,1.087120,0.237655,-1.068860,-0.174351,1.116130,2.000000
0.521527,0.450221,0.542556,0.984870,1.660000,2.772020,0.953958,1.156310,0.945930,1.087120,0.237655,0.673710,-0.194312,-0.894654,2.000000
-0.364305,-0.897665,0.542556,-0.101123,1.660000,-0.627042,-1.046740,1.156310,-0.287892,1.087120,0.237655,0.511070,-0.174543,-0.894654,1.000000
-1.123590,-0.922775,0.542556,-1.458610,-0.347713,-0.589690,-1.046740,-0.863570,-0.493529,1.087120,-3.108920,0.557539,-0.195272,-0.894654,2.000000
-0.969201,-0.930810,0.542556,0.984870,-0.347713,-0.365576,-1.046740,1.156310,-0.287892,-0.918529,0.237655,0.325196,-0.047866,1.116130,1.000000
-0.539784,-0.252849,0.542556,1.527870,-0.347713,-0.477633,0.953958,1.156310,0.945930,-0.918529,0.237655,-1.068860,1.159600,1.116130,2.000000
-0.673924,-0.788187,0.542556,-1.187120,1.660000,-0.638995,-1.046740,-0.863570,-0.493529,1.087120,0.237655,0.209025,-0.194312,-0.894654,2.000000
-0.750696,-0.797227,0.542556,-1.187120,-0.347713,-0.638995,-1.046740,-0.863570,-0.493529,-0.918529,0.237655,-0.232427,-0.195272,-0.894654,1.000000
0.000152,-0.880591,0.542556,-1.458610,-0.347713,-0.402929,0.953958,-0.863570,-0.493529,1.087120,-3.108920,4.321500,-0.195272,-0.894654,2.000000
-0.554126,1.303950,0.542556,0.170375,-0.347713,0.082652,0.953958,1.156310,3.002300,-0.918529,0.237655,0.092853,0.036586,1.116130,2.000000
-0.835061,1.354170,-1.782690,-0.644120,-0.849641,-0.664395,0.953958,1.156310,1.768480,1.087120,0.237655,-1.068860,-0.195272,1.116130,1.000000
1.161010,-0.755042,0.542556,0.984870,-0.347713,-0.627042,-1.046740,-0.863570,-0.493529,1.087120,0.237655,0.458793,-0.195272,-0.894654,1.000000
2.040090,0.466292,0.542556,-0.915618,1.660000,1.352630,0.953958,1.156310,0.123382,1.087120,0.237655,-0.488004,-0.185675,-0.894654,1.000000
-0.631741,-0.855481,0.542556,0.984870,1.660000,-0.290872,0.953958,1.156310,-0.287892,-0.918529,0.237655,-1.068860,-0.065140,1.116130,1.000000
-0.722855,-0.805262,0.542556,-0.101123,-0.347713,-0.514985,0.953958,-0.863570,-0.493529,1.087120,-3.108920,0.789882,-0.195272,-0.894654,2.000000
-1.334500,-0.880591,0.542556,0.170375,-0.347713,-0.365576,-1.046740,-0.863570,-0.493529,-0.918529,0.237655,-0.371833,-0.191817,-0.894654,1.000000
2.054440,1.354170,0.542556,-1.730110,-1.853500,0.829698,0.953958,1.156310,0.534656,-0.918529,0.237655,-1.068860,1.503540,1.116130,2.000000
0.894419,0.056502,0.542556,0.984870,1.660000,3.145540,0.953958,-0.863570,-0.493529,1.087120,0.237655,-0.534473,-0.195272,1.116130,2.000000
-0.455419,-0.554165,0.542556,-0.644120,-0.849641,-0.664395,-1.046740,-0.863570,-0.493529,1.087120,0.237655,0.534305,-0.195080,-0.894654,1.000000
1.512810,0.567735,0.542556,-1.187120,0.154216,1.602140,0.953958,1.156310,2.591030,1.087120,0.237655,-1.068860,0.764402,1.116130,2.000000
2.103370,2.258120,0.542556,-0.644120,-1.853500,-0.664395,0.953958,1.156310,2.591030,-0.918529,0.237655,-1.068860,-0.147864,1.116130,1.000000
-0.539784,-0.378398,0.542556,1.799360,1.660000,-0.402929,0.953958,-0.863570,-0.493529,-0.918529,0.237655,1.022220,-0.195272,1.116130,1.000000
1.470630,-0.654604,0.542556,-0.644120,-0.849641,-0.664395,0.953958,-0.863570,-0.493529,1.087120,0.237655,-0.488004,-0.190089,-0.894654,1.000000
1.576090,-0.788187,0.542556,-0.372622,-0.347713,-0.514985,-1.046740,-0.863570,-0.493529,1.087120,0.237655,0.325196,-0.172815,-0.894654,1.000000
0.437162,-0.009788,0.542556,-1.730110,-1.853500,-0.664395,-1.046740,-0.863570,-0.493529,-0.918529,0.237655,-0.139490,-0.195272,-0.894654,1.000000
-0.371054,-0.704823,0.542556,-1.730110,-1.853500,-0.664395,-1.046740,1.156310,-0.287892,-0.918529,0.237655,-0.534473,-0.137691,-0.894654,1.000000
-1.222300,-0.905700,0.542556,0.984870,-0.347713,-0.564291,-1.046740,1.156310,0.329019,-0.918529,0.237655,-0.139490,-0.193736,-0.894654,2.000000
-0.708513,-0.955920,0.542556,1.527870,-0.347713,-0.638995,0.953958,-0.863570,-0.493529,-0.918529,0.237655,-1.068860,-0.195272,1.116130,2.000000
-0.729605,-0.704823,0.542556,0.984870,-0.347713,-0.589690,-1.046740,-0.863570,-0.493529,1.087120,0.237655,-0.371833,-0.039996,-0.894654,1.000000
0.324956,1.454610,0.542556,0.984870,1.660000,3.519060,0.953958,1.156310,1.151570,-0.918529,0.237655,-1.068860,1.069580,1.116130,1.000000
-1.327750,-0.838407,0.542556,0.170375,1.660000,-0.216167,0.953958,1.156310,-0.082255,-0.918529,0.237655,-0.488004,-0.195272,1.116130,1.000000
0.289523,-0.453727,0.542556,-1.187120,-0.347713,-0.365576,-1.046740,-0.863570,-0.493529,1.087120,0.237655,0.150939,-0.195272,-0.894654,2.000000
-0.146643,-0.546130,-1.782690,1.799360,1.660000,-0.652442,-1.046740,-0.863570,-0.493529,-0.918529,0.237655,-0.325364,-0.195080,-0.894654,2.000000
-0.328871,-0.805262,0.542556,0.984870,1.660000,-0.615090,-1.046740,-0.863570,-0.493529,1.087120,0.237655,0.209025,-0.147096,-0.894654,2.000000
-1.074660,0.952415,0.542556,0.441873,-0.347713,-0.178815,0.953958,1.156310,0.740293,1.087120,0.237655,-0.836519,-0.080111,1.116130,1.000000
1.365180,0.651099,0.542556,0.170375,-0.347713,1.688800,0.953958,1.156310,0.740293,1.087120,0.237655,-1.068860,0.046566,1.116130,1.000000
-0.117959,-0.855481,0.542556,0.170375,-0.347713,-0.141462,0.953958,1.156310,1.768480,-0.918529,0.237655,-0.882988,-0.091627,1.116130,2.000000
0.563709,0.249344,0.542556,-0.915618,-0.347713,-0.365576,0.953958,-0.863570,-0.493529,1.087120,0.237655,-1.068860,-0.195272,1.116130,1.000000
-0.069028,-0.637529,0.542556,-1.458610,-0.347713,-0.489586,-1.046740,-0.863570,-0.493529,1.087120,-3.108920,-1.068860,-0.195272,-0.894654,2.000000
-0.560875,-0.704823,0.542556,-1.730110,-1.853500,-0.664395,0.953958,-0.863570,-0.493529,-0.918529,0.237655,-0.604176,-0.195272,-0.894654,1.000000
-0.884836,1.069930,-1.782690,0.713372,1.660000,-0.290872,-1.046740,-0.863570,-0.493529,-0.918529,0.237655,0.441367,-0.195272,-0.894654,2.000000
0.971191,-0.880591,-1.782690,0.170375,-0.347713,-0.552338,0.953958,1.156310,1.151570,1.087120,0.237655,0.673710,-0.164178,1.116130,2.000000
-0.849403,1.354170,0.542556,-1.187120,-0.347713,-0.514985,0.953958,-0.863570,-0.493529,1.087120,0.237655,-0.488004,-0.182220,-0.894654,2.000000
-0.026845,-0.202630,0.542556,1.527870,1.660000,-0.477633,0.953958,1.156310,1.357200,1.087120,0.237655,-0.017510,-0.195272,1.116130,1.000000
1.337340,-0.353288,0.542556,1.799360,-0.347713,3.481710,0.953958,1.156310,-0.082255,1.087120,0.237655,1.945790,0.131785,1.116130,1.000000
-0.961608,0.685248,0.542556,-0.372622,-0.347713,-0.078711,0.953958,1.156310,2.385390,-0.918529,0.237655,-0.720347,-0.164946,1.116130,2.000000
-0.716106,1.354170,0.542556,0.441873,1.660000,-0.029406,0.953958,1.156310,1.768480,1.087120,0.237655,0.615625,-0.140762,1.116130,2.000000
0.029679,-0.060007,0.542556,1.527870,1.660000,1.140470,0.953958,1.156310,0.123382,-0.918529,0.237655,0.737605,-0.137691,1.116130,2.000000
-1.320160,-0.378398,0.542556,0.984870,-0.347713,-0.638995,-1.046740,-0.863570,-0.493529,-0.918529,0.237655,-0.371833,-0.195272,-0.894654,1.000000
-0.413236,-0.411542,-1.782690,1.527870,-0.347713,0.904402,0.953958,1.156310,-0.287892,-0.918529,0.237655,0.156747,-0.195272,1.116130,2.000000
-0.701764,-0.654604,0.542556,0.984870,-0.347713,0.045299,0.953958,1.156310,0.123382,1.087120,0.237655,-1.068860,-0.083566,1.116130,2.000000
0.669165,-0.102191,0.542556,0.170375,0.154216,1.277930,0.953958,1.156310,2.796660,-0.918529,0.237655,-0.389259,0.036969,1.116130,2.000000
0.486093,0.349783,0.542556,-0.101123,1.660000,0.605584,0.953958,1.156310,1.974110,1.087120,0.237655,-0.528664,-0.195272,1.116130,2.000000
1.885710,0.977524,0.542556,0.713372,-0.347713,1.924870,0.953958,1.156310,0.534656,-0.918529,0.237655,-1.068860,-0.195272,1.116130,2.000000
-0.940517,-0.788187,0.542556,0.984870,-0.347713,-0.190767,0.953958,1.156310,-0.287892,-0.918529,0.237655,-1.068860,-0.195272,1.116130,1.000000
0.177318,-0.880591,0.542556,1.527870,-0.347713,-0.552338,-1.046740,-0.863570,-0.493529,-0.918529,0.237655,0.673710,-0.186827,1.116130,1.000000
-0.940517,1.153290,-1.782690,1.799360,1.660000,-0.664395,-1.046740,-0.863570,-0.493529,1.087120,0.237655,-0.174341,-0.189130,-0.894654,1.000000
-0.610650,-0.453727,-1.782690,-1.187120,0.154216,0.680288,-1.046740,-0.863570,-0.493529,-0.918529,0.237655,0.092853,-0.107749,-0.894654,1.000000
-0.554126,1.253730,-1.782690,-0.372622,-0.347713,0.680288,0.953958,-0.863570,-0.493529,-0.918529,0.237655,-0.371833,-0.195272,-0.894654,1.000000
0.240592,-0.687749,0.542556,-1.187120,0.154216,-0.627042,-1.046740,-0.863570,-0.493529,1.087120,0.237655,1.486910,0.668435,-0.894654,2.000000
-1.011380,-0.822336,0.542556,0.441873,-0.347713,-0.166862,-1.046740,-0.863570,-0.493529,-0.918529,0.237655,0.209025,-0.194312,-0.894654,1.000000
0.739188,0.558695,-1.782690,0.984870,1.660000,1.726150,0.953958,1.156310,2.385390,-0.918529,0.237655,-1.068860,0.246178,1.116130,1.000000
-0.533034,1.755920,-1.782690,-1.730110,-1.853500,-0.066758,-1.046740,1.156310,-0.287892,1.087120,0.237655,0.092853,-0.195080,-0.894654,1.000000
-0.877243,-0.955920,0.542556,0.170375,-0.347713,-0.514985,-1.046740,-0.863570,-0.493529,1.087120,-3.108920,-1.068860,-0.195272,-0.894654,2.000000
-0.961608,0.174015,0.542556,0.441873,-0.347713,-0.153415,0.953958,-0.863570,-0.493529,-0.918529,-3.108920,-0.371833,-0.195272,1.116130,2.000000
-1.074660,-0.955920,0.542556,0.984870,-0.347713,-0.465680,-1.046740,-0.863570,-0.493529,-0.918529,0.237655,-0.139490,-0.195080,-0.894654,2.000000
0.472595,-0.152411,0.542556,0.170375,0.154216,0.829698,0.953958,-0.863570,-0.493529,1.087120,-3.108920,0.557539,-0.195272,-0.894654,2.000000
-0.673924,-0.789192,0.542556,0.984870,-0.347713,-0.540385,-1.046740,1.156310,-0.287892,1.087120,0.237655,0.092853,-0.193160,-0.894654,1.000000
-1.285570,-0.135336,0.542556,-1.187120,1.660000,-0.540385,-1.046740,-0.863570,-0.493529,1.087120,0.237655,-0.371833,-0.195272,-0.894654,2.000000
-1.285570,-0.403507,0.542556,-0.372622,-0.347713,-0.465680,-1.046740,1.156310,-0.287892,-0.918529,0.237655,-0.604176,-0.191241,-0.894654,2.000000
2.630650,0.450221,0.542556,0.713372,2.161930,-0.664395,-1.046740,-0.863570,-0.493529,-0.918529,0.237655,-1.068860,-0.192968,-0.894654,2.000000
-0.948110,1.052850,0.542556,0.170375,1.660000,-0.365576,0.953958,1.156310,0.329019,-0.918529,0.237655,-0.778433,0.085913,1.116130,1.000000
0.135135,-0.320143,-1.782690,1.799360,-0.347713,0.281366,0.953958,1.156310,0.123382,1.087120,0.237655,1.138400,-0.195272,1.116130,2.000000
-0.716106,-0.955920,0.542556,-0.915618,-0.347713,-0.365576,-1.046740,1.156310,1.768480,-0.918529,-3.108920,-1.068860,-0.195272,-0.894654,2.000000
-0.160142,-0.805262,-1.782690,0.170375,-0.347713,-0.652442,-1.046740,-0.863570,-0.493529,-0.918529,0.237655,0.325196,-0.195272,-0.894654,2.000000
-0.406487,-0.729933,0.542556,1.799360,1.660000,-0.290872,0.953958,-0.863570,-0.493529,-0.918529,0.237655,-1.068860,0.821599,1.116130,2.000000
-0.427578,-0.411542,-1.782690,0.170375,-0.347713,-0.638995,-1.046740,-0.863570,-0.493529,-0.918529,-3.108920,-0.604176,-0.195272,-0.894654,1.000000
-1.045970,-0.152411,-1.782690,-1.187120,-0.347713,-0.365576,-1.046740,-0.863570,-0.493529,1.087120,0.237655,1.022220,-0.003337,-0.894654,2.000000
1.358430,-0.897665,0.542556,0.170375,0.154216,3.817880,0.953958,1.156310,3.619210,-0.918529,0.237655,-1.068860,2.683750,1.116130,2.000000
-0.631741,0.851976,0.542556,-0.372622,-0.347713,-0.589690,-1.046740,-0.863570,-0.493529,1.087120,0.237655,-1.068860,-0.195272,-0.894654,2.000000
-0.469761,-0.755042,0.542556,0.984870,-0.347713,-0.141462,0.953958,-0.863570,-0.493529,1.087120,0.237655,0.557539,-0.195272,1.116130,2.000000
0.388230,2.684980,0.542556,0.441873,-0.347713,-0.638995,-1.046740,-0.863570,-0.493529,-0.918529,0.237655,0.789882,0.486481,-0.894654,2.000000
-0.357556,-0.621459,0.542556,-1.730110,-1.853500,-0.664395,-1.046740,-0.863570,-0.493529,-0.918529,0.237655,0.906053,-0.195080,-0.894654,1.000000
-0.252099,-0.244814,0.542556,-1.187120,0.154216,-0.514985,0.953958,-0.863570,-0.493529,1.087120,0.237655,-0.075596,-0.195272,-0.894654,1.000000
-0.315373,-0.646569,0.542556,0.441873,-0.347713,0.456175,0.953958,1.156310,0.534656,1.087120,0.237655,-0.488004,-0.194696,1.116130,2.000000
-0.132301,0.106721,0.542556,0.713372,-1.351570,0.007947,0.953958,1.156310,0.534656,1.087120,0.237655,-0.493813,-0.099304,1.116130,1.000000
0.226250,-0.604384,0.542556,0.441873,0.154216,-0.589690,0.953958,-0.863570,-0.493529,1.087120,0.237655,-0.122064,-0.195272,-0.894654,2.000000
-0.659582,1.454610,0.542556,0.170375,-0.347713,-0.041358,-1.046740,-0.863570,-0.493529,-0.918529,-3.108920,-0.604176,-0.195272,-0.894654,2.000000
-1.024880,0.349783,0.542556,0.441873,1.660000,-0.228120,0.953958,1.156310,0.945930,-0.918529,0.237655,-0.604176,0.371704,1.116130,2.000000
-0.737197,-0.353288,0.542556,-0.101123,-0.347713,-0.278919,0.953958,1.156310,-0.287892,-0.918529,0.237655,0.441367,-0.041724,1.116130,2.000000
0.500435,-0.788187,0.542556,0.713372,-0.347713,-0.652442,-1.046740,-0.863570,-0.493529,-0.918529,0.237655,-0.371833,-0.194312,-0.894654,2.000000
0.169725,-0.888626,-1.782690,1.527870,-0.347713,-0.638995,-1.046740,-0.863570,-0.493529,-0.918529,0.237655,-0.023318,-0.195272,-0.894654,2.000000
0.092953,0.148905,0.542556,0.984870,1.660000,0.979107,0.953958,1.156310,1.974110,1.087120,0.237655,1.301040,-0.003337,1.116130,2.000000
0.704598,-0.847446,-1.782690,-0.372622,-0.347713,-0.514985,0.953958,1.156310,0.123382,-0.918529,0.237655,0.092853,-0.003337,1.116130,2.000000
-0.870494,-0.486871,0.542556,-1.187120,0.154216,-0.514985,0.953958,1.156310,0.329019,-0.918529,-3.108920,-0.604176,-0.195272,1.116130,1.000000
-0.328871,1.806140,0.542556,0.441873,-0.347713,1.053810,0.953958,-0.863570,-0.493529,1.087120,0.237655,1.759910,-0.099304,1.116130,2.000000
-0.286689,-0.930810,-1.782690,-0.915618,-0.347713,-0.638995,-1.046740,-0.863570,-0.493529,-0.918529,0.237655,0.185790,0.207791,-0.894654,2.000000
0.880077,-0.914740,0.542556,-1.187120,1.660000,0.867050,0.953958,-0.863570,-0.493529,-0.918529,0.237655,1.254570,-0.195272,1.116130,2.000000
0.901169,-0.604384,-1.782690,0.170375,-0.347713,-0.664395,-1.046740,-0.863570,-0.493529,1.087120,0.237655,-0.197576,-0.195080,-0.894654,1.000000
-1.024880,-0.654604,-1.782690,1.527870,-0.347713,-0.066758,0.953958,-0.863570,-0.493529,1.087120,0.237655,-0.488004,-0.191433,-0.894654,2.000000
0.022086,-0.947885,-1.782690,-0.101123,-0.347713,-0.652442,-1.046740,-0.863570,-0.493529,-0.918529,0.237655,-1.068860,-0.195272,-0.894654,2.000000
-0.940517,-0.955920,0.542556,0.170375,-0.347713,-0.664395,-1.046740,-0.863570,-0.493529,-0.918529,3.584230,-0.000084,-0.195272,-0.894654,2.000000
1.217540,-0.152411,0.542556,-0.644120,-0.849641,-0.664395,0.953958,-0.863570,-0.493529,-0.918529,0.237655,-0.488004,-0.011014,1.116130,1.000000
1.835930,-0.922775,0.542556,-1.730110,-1.853500,-0.664395,-1.046740,-0.863570,-0.493529,1.087120,-3.108920,-0.708730,-0.190089,-0.894654,1.000000
0.563709,1.077960,-1.782690,-0.915618,-0.347713,-0.627042,-1.046740,-0.863570,-0.493529,-0.918529,0.237655,-0.139490,-0.195272,-0.894654,2.000000
-1.172520,-0.955920,-1.782690,-0.644120,-1.853500,-0.664395,-1.046740,-0.863570,-0.493529,-0.918529,0.237655,-0.569325,-0.195272,-0.894654,1.000000
-0.012503,2.157680,0.542556,0.170375,-0.347713,-0.514985,0.953958,-0.863570,-0.493529,-0.918529,0.237655,-0.371833,-0.195272,-0.894654,2.000000
0.669165,-0.629494,0.542556,0.170375,-0.347713,-0.216167,-1.046740,-0.863570,-0.493529,-0.918529,0.237655,-1.068860,-0.134620,-0.894654,2.000000
0.141885,-0.453727,-1.782690,0.170375,-0.347713,0.082652,-1.046740,-0.863570,-0.493529,1.087120,0.237655,-1.068860,-0.194888,-0.894654,1.000000
-1.074660,-0.244814,-1.782690,-1.730110,-1.853500,-0.664395,-1.046740,-0.863570,-0.493529,1.087120,0.237655,-0.023318,-0.195080,-0.894654,2.000000
1.519560,2.860750,0.542556,-1.730110,-1.853500,-0.664395,0.953958,1.156310,-0.287892,-0.918529,0.237655,-0.522856,-0.195272,-0.894654,2.000000
-1.193610,0.349783,0.542556,-1.187120,-0.347713,-0.627042,-1.046740,-0.863570,-0.493529,-0.918529,0.237655,-0.720347,-0.176078,-0.894654,2.000000
0.219500,-0.646569,0.542556,1.527870,-0.347713,-0.204214,0.953958,1.156310,-0.287892,1.087120,0.237655,1.951600,9.401470,1.116130,2.000000
0.380637,-0.445691,0.542556,-1.730110,-1.853500,-0.664395,-1.046740,-0.863570,-0.493529,-0.918529,0.237655,-1.068860,-0.003337,-0.894654,2.000000
3.200110,0.249344,0.542556,-1.730110,-1.853500,-0.664395,-1.046740,-0.863570,-0.493529,-0.918529,-3.108920,-1.068860,-0.195272,-0.894654,1.000000
0.500435,-0.604384,-1.782690,0.170375,0.154216,-0.589690,0.953958,-0.863570,-0.493529,1.087120,0.237655,-0.116256,-0.118498,-0.894654,2.000000
0.922260,0.031392,-1.782690,0.441873,-0.347713,0.281366,0.953958,-0.863570,-0.493529,1.087120,0.237655,-0.766816,0.081498,1.116130,2.000000
0.788963,-0.503946,-1.782690,1.799360,1.660000,2.323790,0.953958,-0.863570,-0.493529,1.087120,0.237655,-0.046553,-0.195272,-0.894654,2.000000
-0.596308,-0.747007,-1.782690,-1.730110,-1.853500,-0.514985,0.953958,1.156310,0.123382,-0.918529,0.237655,-0.023318,-0.167057,-0.894654,1.000000
0.268432,-0.453727,0.542556,1.527870,0.154216,-0.514985,-1.046740,-0.863570,-0.493529,-0.918529,0.237655,0.952522,-0.195272,-0.894654,2.000000
-0.526285,-0.537091,0.542556,0.170375,1.660000,0.157356,0.953958,-0.863570,-0.493529,1.087120,0.237655,1.022220,-0.195080,-0.894654,1.000000
-0.722855,1.404390,0.542556,1.799360,1.660000,-0.514985,0.953958,1.156310,-0.082255,1.087120,0.237655,0.673710,-0.089516,1.116130,1.000000
0.000995,-0.805262,-1.782690,-0.372622,-0.347713,0.381470,-1.046740,-0.863570,-0.493529,1.087120,0.237655,0.789882,-0.195272,-0.894654,2.000000
2.265350,3.262500,0.542556,-1.187120,0.154216,2.323790,0.953958,1.156310,2.179750,-0.918529,0.237655,-1.068860,1.090690,1.116130,1.000000
-0.167735,-0.604384,-1.782690,-0.915618,-0.347713,-0.290872,-1.046740,-0.863570,-0.493529,1.087120,0.237655,0.557539,-0.195272,-0.894654,1.000000
-0.455419,-0.905700,0.542556,-1.187120,0.154216,-0.664395,0.953958,-0.863570,-0.493529,1.087120,0.237655,-1.068860,-0.195272,1.116130,2.000000
0.388230,0.148905,0.542556,-1.187120,0.154216,0.829698,-1.046740,-0.863570,-0.493529,-0.918529,0.237655,0.150939,-0.063412,-0.894654,2.000000
-0.596308,-0.604384,-1.782690,0.170375,-0.347713,-0.615090,-1.046740,-0.863570,-0.493529,-0.918529,0.237655,-0.302130,-0.195272,-0.894654,1.000000
-0.765038,-0.872556,0.542556,-1.187120,-0.347713,-0.564291,-1.046740,-0.863570,-0.493529,1.087120,-3.108920,-0.232427,-0.195272,-0.894654,1.000000
-0.237757,-0.721898,0.542556,-0.915618,-0.347713,-0.514985,0.953958,-0.863570,-0.493529,-0.918529,-3.108920,0.557539,-0.195272,-0.894654,2.000000
-0.975950,-0.704823,-1.782690,-0.915618,-0.347713,-0.627042,-1.046740,-0.863570,-0.493529,-0.918529,0.237655,-0.255661,-0.194504,-0.894654,2.000000
-1.151430,-0.914740,0.542556,-0.372622,-0.347713,-0.652442,-1.046740,-0.863570,-0.493529,-0.918529,0.237655,0.557539,-0.051321,-0.894654,2.000000
0.950100,-0.026862,0.542556,0.984870,-0.347713,0.704194,0.953958,-0.863570,-0.493529,-0.918529,-3.108920,-1.068860,-0.195272,1.116130,2.000000
-0.568468,-0.403507,0.542556,0.170375,-0.347713,0.007947,0.953958,1.156310,0.740293,-0.918529,0.237655,-0.000084,-0.080111,1.116130,2.000000
1.765910,0.450221,0.542556,-0.372622,1.660000,0.232061,-1.046740,-0.863570,-0.493529,-0.918529,0.237655,-1.068860,-0.195272,-0.894654,1.000000
-0.680673,-0.654604,0.542556,0.441873,-0.347713,-0.402929,-1.046740,-0.863570,-0.493529,1.087120,0.237655,-0.139490,-0.195272,-0.894654,1.000000
-0.413236,-0.102191,0.542556,1.527870,-0.347713,0.617537,0.953958,1.156310,-0.287892,1.087120,0.237655,-0.371833,-0.195272,1.116130,2.000000
-0.792878,-0.503946,0.542556,-1.187120,-0.347713,-0.627042,-1.046740,-0.863570,-0.493529,-0.918529,0.237655,-0.139490,-0.193352,-0.894654,2.000000
0.620234,-0.604384,0.542556,-0.915618,-0.347713,-0.514985,-1.046740,-0.863570,-0.493529,1.087120,0.237655,0.673710,-0.194888,-0.894654,2.000000
-1.151430,-0.847446,0.542556,0.170375,-0.347713,-0.141462,-1.046740,1.156310,-0.287892,1.087120,0.237655,-0.604176,-0.194312,-0.894654,1.000000
-0.912676,0.960450,0.542556,-1.187120,-0.347713,-0.652442,-1.046740,-0.863570,-0.493529,-0.918529,0.237655,0.092853,-0.003337,-0.894654,1.000000
-1.011380,-0.822336,-1.782690,0.170375,-0.347713,-0.365576,-1.046740,1.156310,-0.287892,-0.918529,0.237655,10.548300,-0.194888,-0.894654,1.000000
0.394979,0.048467,0.542556,0.170375,0.154216,0.082652,0.953958,1.156310,0.740293,-0.918529,0.237655,-1.068860,-0.124832,1.116130,2.000000
-0.554126,1.454610,0.542556,-0.915618,-0.347713,0.007947,0.953958,1.156310,-0.082255,1.087120,0.237655,-0.371833,-0.194312,-0.894654,2.000000
-0.722855,-0.805262,0.542556,-0.101123,-0.347713,-0.514985,-1.046740,-0.863570,-0.493529,1.087120,-3.108920,0.789882,-0.195272,-0.894654,2.000000
0.675914,0.048467,0.542556,-1.730110,-1.853500,-0.664395,-1.046740,1.156310,-0.082255,-0.918529,0.237655,-0.970116,-0.195080,-0.894654,2.000000
0.029679,-0.328178,0.542556,-1.730110,-1.853500,0.244013,-1.046740,1.156310,-0.082255,1.087120,0.237655,0.092853,-0.194504,-0.894654,1.000000
-0.884836,0.048467,-1.782690,-1.730110,-1.853500,-0.664395,-1.046740,-0.863570,-0.493529,-0.918529,0.237655,-1.068860,-0.195272,-0.894654,1.000000
-0.328871,-0.554165,0.542556,1.799360,1.660000,-0.365576,0.953958,1.156310,0.329019,-0.918529,0.237655,-0.255661,1.252680,1.116130,2.000000
0.211907,-0.939850,-1.782690,-0.101123,0.154216,-0.652442,0.953958,1.156310,-0.287892,1.087120,0.237655,0.557539,0.188598,1.116130,2.000000
-0.160142,-0.671678,0.542556,0.441873,1.660000,-0.440281,0.953958,1.156310,-0.287892,-0.918529,0.237655,0.325196,-0.176078,1.116130,2.000000
0.000152,1.153290,0.542556,1.799360,-0.347713,1.277930,0.953958,-0.863570,-0.493529,-0.918529,0.237655,-1.068860,-0.195272,1.116130,2.000000
0.000152,-0.947885,-1.782690,-1.458610,-0.347713,0.605584,-1.046740,-0.863570,-0.493529,1.087120,0.237655,1.603080,-0.195272,-0.894654,2.000000
-0.554126,1.555050,0.542556,-0.372622,-0.347713,0.232061,0.953958,-0.863570,-0.493529,1.087120,-3.108920,-0.952690,-0.195272,1.116130,2.000000
0.430413,-0.554165,0.542556,-1.187120,-0.347713,-0.589690,-1.046740,-0.863570,-0.493529,1.087120,0.237655,0.214833,-0.195272,-0.894654,2.000000
-1.292320,-0.955920,-1.782690,-0.372622,-0.347713,-0.589690,-1.046740,-0.863570,-0.493529,-0.918529,0.237655,-0.720347,-0.195272,-0.894654,2.000000
-0.575217,-0.353288,0.542556,0.984870,1.660000,-0.116063,0.953958,1.156310,3.413570,-0.918529,0.237655,-1.068860,-0.099304,1.116130,1.000000
-0.195575,1.655490,0.542556,-1.458610,1.660000,-0.514985,-1.046740,-0.863570,-0.493529,-0.918529,0.237655,0.255493,-0.195272,-0.894654,2.000000
-0.975950,0.450221,0.542556,0.170375,-0.347713,-0.514985,-1.046740,-0.863570,-0.493529,-0.918529,0.237655,-1.068860,-0.195272,-0.894654,2.000000
-1.313410,-0.922775,0.542556,-0.372622,-0.347713,-0.365576,-1.046740,1.156310,-0.082255,1.087120,0.237655,0.789882,-0.195080,-0.894654,1.000000
-0.020096,2.961190,0.542556,0.170375,-0.347713,1.427330,0.953958,1.156310,2.796660,-0.918529,0.237655,-1.068860,0.764402,1.116130,2.000000
-1.222300,-0.938845,-1.782690,0.170375,-0.347713,-0.652442,-1.046740,-0.863570,-0.493529,-0.918529,0.237655,-0.255661,-0.056695,-0.894654,2.000000
-0.117959,0.349783,0.542556,1.527870,-0.347713,0.269413,0.953958,1.156310,1.151570,-0.918529,0.237655,0.847968,0.035050,1.116130,2.000000
-0.349963,1.555050,0.542556,-0.372622,0.154216,-0.589690,-1.046740,-0.863570,-0.493529,1.087120,0.237655,3.113310,-0.195272,-0.894654,2.000000
0.837895,-0.646569,0.542556,-1.187120,0.154216,0.381470,-1.046740,-0.863570,-0.493529,-0.918529,0.237655,0.185790,-0.195272,1.116130,2.000000
0.605891,-0.654604,0.542556,-1.730110,-1.853500,-0.664395,-1.046740,-0.863570,-0.493529,-0.918529,0.237655,-0.627410,-0.195272,-0.894654,1.000000
1.400610,-0.687749,0.542556,-1.187120,1.158070,-0.564291,-1.046740,-0.863570,-0.493529,-0.918529,0.237655,-1.068860,-0.172240,-0.894654,1.000000
0.943351,-0.353288,0.542556,-1.187120,0.154216,-0.365576,0.953958,-0.863570,-0.493529,-0.918529,0.237655,-1.068860,-0.156885,-0.894654,2.000000
0.219500,0.886125,0.542556,0.170375,-0.347713,0.680288,0.953958,1.156310,1.974110,1.087120,0.237655,-1.068860,-0.152854,1.116130,2.000000
-0.596308,-0.470801,-1.782690,0.170375,-0.347713,-0.664395,-1.046740,-0.863570,-0.493529,-0.918529,0.237655,-0.371833,-0.195272,-0.894654,1.000000
1.076650,-0.955920,0.542556,0.170375,-0.347713,0.082652,0.953958,-0.863570,-0.493529,-0.918529,0.237655,-1.068860,-0.195272,1.116130,1.000000
1.414110,1.454610,0.542556,-0.101123,-0.347713,4.116700,0.953958,-0.863570,-0.493529,-0.918529,-3.108920,-0.429919,-0.195272,1.116130,2.000000
0.704598,0.048467,0.542556,-1.187120,0.154216,-0.601643,-1.046740,-0.863570,-0.493529,-0.918529,0.237655,2.125850,-0.195272,-0.894654,2.000000
1.674790,-0.947885,0.542556,1.799360,1.660000,-0.652442,0.953958,-0.863570,-0.493529,-0.918529,0.237655,-1.068860,0.380533,1.116130,2.000000
1.709380,-0.353288,-1.782690,-1.730110,-1.853500,-0.216167,-1.046740,-0.863570,-0.493529,-0.918529,0.237655,-0.023318,-0.194504,-0.894654,2.000000
0.760279,-0.654604,0.542556,-1.187120,0.154216,-0.664395,-1.046740,-0.863570,-0.493529,-0.918529,-3.108920,0.673710,-0.195272,-0.894654,2.000000
1.449540,4.334180,-1.782690,-1.730110,-1.853500,-0.664395,0.953958,-0.863570,-0.493529,1.087120,0.237655,-1.068860,-0.195272,-0.894654,2.000000
0.437162,-0.930810,-1.782690,0.170375,-0.347713,-0.216167,-1.046740,-0.863570,-0.493529,1.087120,0.237655,0.278727,-0.173583,1.116130,2.000000
-0.539784,0.249344,0.542556,0.170375,-0.347713,-0.365576,0.953958,1.156310,0.123382,-0.918529,0.237655,-1.068860,-0.195272,1.116130,2.000000
-1.201200,0.952415,0.542556,-0.372622,-0.347713,-0.141462,-1.046740,1.156310,1.562840,1.087120,0.237655,-1.068860,-0.193352,-0.894654,1.000000
0.240592,-0.102191,0.542556,-1.187120,0.154216,0.306765,0.953958,1.156310,-0.082255,-0.918529,0.237655,0.522688,-0.078191,1.116130,2.000000
-0.680673,-0.320143,-1.782690,-0.915618,-0.347713,-0.540385,-1.046740,1.156310,-0.287892,1.087120,0.237655,0.557539,-0.179917,-0.894654,2.000000
-0.539784,-0.353288,0.542556,0.170375,-0.347713,-0.290872,-1.046740,1.156310,-0.287892,-0.918529,0.237655,-1.068860,-0.191049,-0.894654,2.000000
-0.385396,-0.805262,0.542556,0.170375,1.660000,0.605584,0.953958,1.156310,0.123382,1.087120,0.237655,0.743413,-0.166481,1.116130,2.000000
0.071862,-0.353288,0.542556,-1.458610,-0.347713,-0.615090,-1.046740,-0.863570,-0.493529,1.087120,0.237655,-0.371833,-0.195272,-0.894654,2.000000
-0.813970,-0.855481,0.542556,0.170375,-0.347713,-0.627042,-1.046740,-0.863570,-0.493529,-0.918529,0.237655,1.022220,-0.195272,-0.894654,2.000000
-0.223415,-0.880591,0.542556,0.170375,-0.347713,-0.577737,-1.046740,-0.863570,-0.493529,-0.918529,0.237655,0.209025,-0.168401,-0.894654,2.000000
0.008588,-0.789192,0.542556,1.799360,-0.347713,-0.265472,0.953958,1.156310,1.151570,1.087120,0.237655,0.691136,0.436194,1.116130,2.000000
-0.750696,0.450221,0.542556,0.170375,-0.347713,-0.615090,-1.046740,-0.863570,-0.493529,-0.918529,0.237655,-0.139490,-0.195272,-0.894654,1.000000
-0.174484,-0.737968,-1.782690,1.799360,-0.347713,-0.365576,-1.046740,-0.863570,-0.493529,-0.918529,0.237655,0.557539,-0.192777,-0.894654,1.000000
0.135135,-0.345253,-1.782690,0.170375,1.660000,-0.054805,0.953958,1.156310,-0.287892,1.087120,0.237655,-0.023318,3.264740,1.116130,2.000000
-0.792878,-0.838407,-1.782690,-1.730110,-1.853500,-0.664395,-1.046740,-0.863570,-0.493529,-0.918529,0.237655,-0.488004,-0.195272,-0.894654,2.000000
-0.750696,-0.805262,0.542556,0.170375,-0.347713,-0.066758,-1.046740,1.156310,-0.082255,1.087120,0.237655,0.092853,-0.119649,-0.894654,1.000000
-0.279940,0.056502,-1.782690,0.170375,0.154216,-0.216167,0.953958,1.156310,1.151570,1.087120,0.237655,-0.232427,-0.193928,1.116130,2.000000
-0.695015,1.379280,-1.782690,0.441873,-0.347713,-0.414881,0.953958,-0.863570,-0.493529,1.087120,0.237655,-0.139490,-0.137691,1.116130,2.000000
-1.067060,0.902195,-1.782690,0.170375,-0.347713,-0.365576,0.953958,1.156310,0.329019,1.087120,0.237655,-0.604176,-0.099304,1.116130,1.000000
0.008588,2.291260,0.542556,-1.458610,-0.347713,0.232061,0.953958,1.156310,1.357200,-0.918529,0.237655,0.383282,-0.055159,1.116130,2.000000
-0.117959,-0.737968,-1.782690,0.170375,-0.347713,-0.652442,-1.046740,-0.863570,-0.493529,-0.918529,0.237655,-0.081404,-0.160915,-0.894654,2.000000
-1.123590,1.052850,0.542556,0.441873,-0.347713,-0.365576,-1.046740,1.156310,-0.287892,-0.918529,0.237655,-0.371833,-0.195080,-0.894654,1.000000
1.962480,2.157680,0.542556,0.713372,2.161930,-0.664395,0.953958,1.156310,3.619210,-0.918529,0.237655,-0.185959,-0.170320,-0.894654,2.000000
0.943351,-0.135336,0.542556,-0.372622,-0.347713,-0.652442,-1.046740,-0.863570,-0.493529,-0.918529,0.237655,-0.441536,-0.176078,-0.894654,2.000000
-0.849403,1.002630,0.542556,0.170375,-0.347713,-0.589690,0.953958,-0.863570,-0.493529,-0.918529,0.237655,-0.255661,-0.195272,-0.894654,2.000000
-0.905927,-0.353288,0.542556,-0.372622,-0.347713,-0.652442,0.953958,-0.863570,-0.493529,-0.918529,0.237655,-0.488004,-0.195272,1.116130,1.000000
-0.933768,-0.470801,0.542556,0.170375,-0.347713,-0.066758,0.953958,1.156310,1.768480,1.087120,0.237655,0.092853,0.380533,1.116130,2.000000
-0.807220,-0.797227,0.542556,0.441873,-0.347713,-0.577737,-1.046740,1.156310,-0.287892,-0.918529,0.237655,1.370740,-0.140954,-0.894654,2.000000
-1.151430,1.095040,0.542556,-1.730110,-1.853500,-0.664395,-1.046740,-0.863570,-0.493529,-0.918529,0.237655,-1.068860,-0.185675,-0.894654,1.000000
-0.399738,-0.847446,0.542556,-0.915618,-1.853500,-0.664395,-1.046740,-0.863570,-0.493529,-0.918529,0.237655,-0.488004,-0.195272,-0.894654,2.000000
-0.279940,-0.780152,0.542556,-0.101123,-0.347713,-0.377529,0.953958,1.156310,0.123382,1.087120,0.237655,1.231330,-0.195272,1.116130,2.000000
-0.919426,-0.704823,-1.782690,0.170375,1.660000,-0.253519,0.953958,1.156310,0.123382,1.087120,0.237655,-0.255661,-0.154965,-0.894654,2.000000
1.316240,0.216199,0.542556,0.441873,-0.347713,0.979107,-1.046740,-0.863570,-0.493529,-0.918529,0.237655,1.632130,-0.166481,-0.894654,2.000000
3.375590,-0.955920,0.542556,0.170375,-0.347713,-0.664395,-1.046740,-0.863570,-0.493529,-0.918529,3.584230,-0.000084,-0.195272,1.116130,1.000000
0.795712,-0.947885,0.542556,0.713372,-0.347713,-0.652442,-1.046740,1.156310,-0.287892,-0.918529,-3.108920,2.183940,-0.195272,1.116130,2.000000
-1.503230,-0.152411,-1.782690,0.441873,-0.347713,-0.141462,0.953958,1.156310,-0.082255,1.087120,0.237655,-0.371833,-0.003337,1.116130,2.000000
0.338455,-0.805262,0.542556,-0.915618,-0.347713,-0.216167,-1.046740,-0.863570,-0.493529,1.087120,0.237655,0.272919,-0.195272,-0.894654,2.000000
0.169725,-0.905700,0.542556,-1.187120,0.154216,0.530879,-1.046740,-0.863570,-0.493529,1.087120,-3.108920,1.370740,-0.195272,-0.894654,2.000000
0.486093,-0.420582,0.542556,1.527870,-0.347713,-0.615090,-1.046740,-0.863570,-0.493529,1.087120,0.237655,-1.068860,-0.099112,-0.894654,2.000000
-0.497601,-0.303069,0.542556,0.170375,1.660000,0.019900,-1.046740,1.156310,-0.287892,1.087120,0.237655,1.347510,-0.191241,-0.894654,2.000000
-0.533034,-0.755042,0.542556,-0.372622,-0.347713,-0.514985,-1.046740,-0.863570,-0.493529,-0.918529,0.237655,0.092853,-0.195272,-0.894654,2.000000
2.742850,3.061630,0.542556,1.799360,1.660000,4.564930,0.953958,1.156310,1.357200,1.087120,0.237655,-1.068860,-0.003337,1.116130,2.000000
-1.285570,-0.913736,0.542556,-0.372622,-0.347713,-0.627042,-1.046740,-0.863570,-0.493529,-0.918529,0.237655,0.092853,-0.195080,-0.894654,1.000000
2.278850,-0.411542,0.542556,0.170375,-0.347713,0.057252,-1.046740,-0.863570,-0.493529,1.087120,0.237655,0.789882,-0.195272,-0.894654,2.000000
-0.237757,-0.654604,-1.782690,0.170375,-0.347713,-0.216167,0.953958,-0.863570,-0.493529,1.087120,0.237655,-1.068860,-0.152086,-0.894654,2.000000
-0.336464,-0.303069,-1.782690,0.984870,1.660000,0.855097,-1.046740,1.156310,-0.082255,1.087120,0.237655,1.074500,-0.195080,-0.894654,2.000000
-0.181233,-0.704823,0.542556,0.170375,1.660000,-0.589690,-1.046740,1.156310,-0.082255,1.087120,0.237655,1.254570,-0.174543,-0.894654,2.000000
-0.750696,-0.922775,0.542556,0.170375,-0.849641,0.007947,-1.046740,-0.863570,-0.493529,1.087120,-3.108920,-1.068860,-0.195272,1.116130,2.000000
-0.905927,-0.855481,-1.782690,0.713372,-1.351570,-0.365576,-1.046740,-0.863570,-0.493529,-0.918529,0.237655,0.441367,-0.195272,-0.894654,1.000000
0.633732,0.249344,0.542556,-0.101123,-0.347713,-0.278919,0.953958,1.156310,0.534656,1.087120,0.237655,-0.441536,0.015281,1.116130,2.000000
-0.680673,0.851976,0.542556,0.984870,-0.347713,1.875560,0.953958,1.156310,0.534656,1.087120,0.237655,-0.371833,-0.195272,1.116130,1.000000
-0.413236,1.973880,0.542556,-1.187120,0.154216,-0.664395,-1.046740,-0.863570,-0.493529,1.087120,0.237655,-0.034936,-0.195272,-0.894654,2.000000
-0.195575,2.015060,0.542556,-0.372622,-0.347713,0.841650,0.953958,1.156310,0.534656,1.087120,0.237655,-0.093021,-0.195272,1.116130,2.000000
-1.045970,0.131831,0.542556,-1.187120,1.660000,-0.577737,-1.046740,-0.863570,-0.493529,-0.918529,0.237655,-0.604176,-0.102375,-0.894654,1.000000
0.141885,-0.353288,-1.782690,-0.372622,-0.347713,-0.066758,-1.046740,-0.863570,-0.493529,-0.918529,0.237655,-0.023318,-0.195272,-0.894654,1.000000
-0.476510,-0.780152,0.542556,-0.915618,-0.347713,-0.552338,-1.046740,1.156310,-0.082255,1.087120,0.237655,-0.058170,-0.194696,-0.894654,2.000000
2.152300,2.961190,0.542556,0.170375,-0.347713,0.979107,0.953958,1.156310,0.945930,-0.918529,0.237655,-1.068860,0.380533,1.116130,1.000000
-0.490852,-0.855481,0.542556,0.170375,-0.347713,-0.228120,0.953958,1.156310,0.534656,1.087120,0.237655,0.743413,-0.195272,1.116130,2.000000
0.036429,-0.604384,-1.782690,0.713372,1.660000,-0.652442,0.953958,-0.863570,-0.493529,1.087120,0.237655,1.213910,-0.195272,1.116130,2.000000
-0.884836,-0.127301,-1.782690,-1.187120,1.660000,-0.652442,-1.046740,-0.863570,-0.493529,-0.918529,0.237655,-0.255661,-0.176078,-0.894654,2.000000
-0.090119,0.349783,0.542556,0.170375,0.154216,0.530879,0.953958,1.156310,0.945930,1.087120,0.237655,-1.068860,0.393008,1.116130,1.000000
-0.315373,-0.152411,-1.782690,-1.187120,1.660000,1.053810,0.953958,1.156310,-0.082255,1.087120,0.237655,-0.633219,-0.195272,-0.894654,2.000000
-0.252099,-0.202630,0.542556,0.170375,-0.347713,-0.589690,-1.046740,1.156310,-0.287892,1.087120,0.237655,-0.836519,-0.165714,-0.894654,1.000000
-1.137930,-0.880591,2.867800,1.527870,-1.853500,2.323790,-1.046740,-0.863570,-0.493529,1.087120,-3.108920,0.673710,-0.195272,1.116130,1.000000
-1.271230,-0.930810,0.542556,0.170375,-0.347713,-0.615090,-1.046740,-0.863570,-0.493529,-0.918529,0.237655,-0.302130,-0.195272,-0.894654,2.000000
-0.758289,1.203510,0.542556,0.984870,-0.347713,-0.540385,0.953958,1.156310,0.534656,1.087120,0.237655,-1.068860,-0.087788,1.116130,1.000000
0.500435,-0.729933,-1.782690,-1.458610,-0.347713,-0.216167,-1.046740,-0.863570,-0.493529,1.087120,0.237655,1.434630,-0.195272,1.116130,2.000000
-0.497601,1.555050,0.542556,1.527870,-0.347713,-0.302824,0.953958,1.156310,13.284100,1.087120,0.237655,-0.255661,-0.145753,1.116130,2.000000
-0.554126,-0.780152,0.542556,1.799360,1.660000,-0.353624,0.953958,-0.863570,-0.493529,1.087120,0.237655,-0.139490,0.929466,1.116130,1.000000
0.626983,0.048467,0.542556,1.527870,-0.347713,0.381470,0.953958,1.156310,1.562840,1.087120,0.237655,-1.068860,-0.195272,1.116130,2.000000
1.435200,-0.914740,-1.782690,-0.915618,-0.347713,-0.589690,0.953958,1.156310,1.768480,-0.918529,0.237655,1.138400,0.329094,1.116130,2.000000
-0.849403,0.249344,0.542556,-0.372622,-0.347713,0.082652,0.953958,1.156310,0.123382,-0.918529,0.237655,-0.604176,-0.019075,1.116130,1.000000
-0.294282,2.057240,-1.782690,0.713372,2.161930,-0.664395,0.953958,-0.863570,-0.493529,-0.918529,0.237655,-1.068860,2.340570,1.116130,1.000000
-0.919426,-0.353288,0.542556,0.984870,-0.347713,-0.615090,0.953958,1.156310,0.123382,-0.918529,0.237655,-0.488004,-0.194120,1.116130,1.000000
-1.074660,-0.872556,-1.782690,0.170375,-0.347713,-0.615090,-1.046740,1.156310,-0.287892,-0.918529,0.237655,0.092853,-0.195080,-0.894654,2.000000
-0.821562,-0.646569,0.542556,-0.915618,-0.347713,-0.638995,-1.046740,-0.863570,-0.493529,1.087120,0.237655,0.998991,-0.195272,-0.894654,2.000000
-0.062278,-0.955920,0.542556,0.441873,-0.347713,-0.290872,0.953958,1.156310,-0.287892,-0.918529,0.237655,0.104470,-0.195272,1.116130,2.000000
-0.301031,-0.353288,0.542556,0.441873,-0.347713,-0.440281,-1.046740,-0.863570,-0.493529,1.087120,0.237655,0.673710,-0.182412,-0.894654,2.000000
0.226250,-0.353288,0.542556,1.527870,1.660000,1.551340,0.953958,-0.863570,-0.493529,1.087120,0.237655,-1.068860,-0.195272,1.116130,2.000000
-0.708513,-0.955920,0.542556,0.170375,-0.347713,-0.664395,-1.046740,-0.863570,-0.493529,-0.918529,3.584230,-0.000084,-0.195272,1.116130,2.000000
-1.144680,-0.922775,0.542556,0.984870,1.158070,-0.601643,-1.046740,-0.863570,-0.493529,-0.918529,0.237655,0.092853,-0.187594,1.116130,2.000000
0.247341,-0.144375,-1.782690,-1.187120,0.154216,1.875560,0.953958,1.156310,0.945930,1.087120,0.237655,0.063810,-0.195272,1.116130,2.000000
-0.765038,0.743502,-1.782690,1.799360,-0.347713,0.070699,-1.046740,-0.863570,-0.493529,-0.918529,0.237655,-0.116256,-0.195272,1.116130,1.000000
-0.919426,-0.587310,0.542556,0.984870,-0.347713,-0.041358,0.953958,1.156310,0.534656,-0.918529,0.237655,0.209025,0.285141,1.116130,1.000000
-0.912676,0.065541,-1.782690,-0.644120,-0.347713,-0.577737,-1.046740,-0.863570,-0.493529,-0.918529,0.237655,-0.255661,-0.159956,-0.894654,2.000000
-0.153392,-0.822336,0.542556,0.441873,-0.347713,-0.589690,-1.046740,-0.863570,-0.493529,1.087120,0.237655,0.673710,-0.195272,-0.894654,1.000000
-1.130340,1.103070,0.542556,0.170375,1.660000,-0.340177,-1.046740,-0.863570,-0.493529,-0.918529,0.237655,0.789882,-0.192777,-0.894654,2.000000
0.430413,-0.069046,-1.782690,-0.915618,-0.347713,-0.589690,0.953958,1.156310,1.562840,1.087120,0.237655,0.789882,-0.195272,1.116130,2.000000
3.130090,2.057240,0.542556,0.713372,2.161930,-0.664395,0.953958,1.156310,2.385390,-0.918529,0.237655,-1.068860,0.452700,1.116130,1.000000
1.358430,-0.453727,0.542556,-0.101123,0.154216,0.082652,0.953958,1.156310,1.974110,1.087120,0.237655,1.312650,0.286485,1.116130,2.000000
0.000152,-0.353288,-1.782690,-1.187120,0.154216,1.427330,-1.046740,-0.863570,-0.493529,-0.918529,0.237655,-1.068860,-0.195080,-0.894654,2.000000
0.177318,-0.521020,0.542556,0.170375,-0.347713,-0.216167,-1.046740,-0.863570,-0.493529,-0.918529,3.584230,-0.371833,-0.195272,-0.894654,2.000000
-0.687422,-0.838407,0.542556,0.170375,1.660000,-0.638995,0.953958,-0.863570,-0.493529,-0.918529,0.237655,-0.023318,-0.195272,-0.894654,2.000000
0.135135,-0.747007,0.542556,1.256370,1.660000,1.277930,0.953958,-0.863570,-0.493529,1.087120,0.237655,-0.116256,5.809410,1.116130,2.000000
0.641325,-0.612420,0.542556,1.799360,-0.347713,-0.627042,0.953958,1.156310,0.534656,1.087120,0.237655,1.719250,-0.195272,1.116130,2.000000
-1.172520,-0.060007,0.542556,0.170375,-0.347713,-0.589690,-1.046740,-0.863570,-0.493529,-0.918529,-3.108920,-0.604176,-0.195272,-0.894654,2.000000
0.873328,-0.871551,0.542556,0.170375,1.660000,-0.601643,0.953958,1.156310,0.740293,-0.918529,0.237655,0.209025,-0.013317,1.116130,2.000000
-0.800471,-0.789192,0.542556,0.170375,1.660000,-0.017453,-1.046740,-0.863570,-0.493529,1.087120,0.237655,-0.325364,-0.195272,1.116130,2.000000
0.092953,0.851976,-1.782690,0.441873,1.660000,0.904402,0.953958,-0.863570,-0.493529,1.087120,0.237655,-0.174341,-0.195272,1.116130,2.000000
0.050771,-0.662639,0.542556,0.441873,-0.347713,-0.340177,0.953958,1.156310,2.796660,-0.918529,0.237655,-0.371833,0.203761,1.116130,1.000000
-0.286689,-0.880591,0.542556,0.984870,-0.347713,-0.489586,0.953958,1.156310,0.329019,-0.918529,0.237655,-0.604176,-0.195272,1.116130,1.000000
0.198409,-0.637529,-1.782690,-1.730110,-1.853500,-0.664395,0.953958,-0.863570,-0.493529,-0.918529,0.237655,0.789882,-0.195272,-0.894654,1.000000
0.310614,-0.320143,0.542556,1.799360,1.660000,0.456175,0.953958,-0.863570,-0.493529,1.087120,0.237655,2.880970,-0.195272,-0.894654,2.000000
-0.842654,-0.797227,-1.782690,1.527870,-0.347713,-0.465680,-1.046740,-0.863570,-0.493529,-0.918529,0.237655,-0.139490,-0.195272,-0.894654,2.000000
-1.130340,1.052850,-1.782690,0.984870,1.660000,-0.615090,-1.046740,-0.863570,-0.493529,-0.918529,0.237655,0.906053,-0.195272,-0.894654,1.000000
-0.737197,-0.495911,0.542556,0.984870,1.660000,0.019900,0.953958,1.156310,0.945930,1.087120,0.237655,-0.255661,0.262301,1.116130,1.000000
-0.202324,-0.252849,0.542556,0.441873,-0.347713,0.381470,0.953958,1.156310,0.123382,1.087120,0.237655,0.842159,-0.195272,-0.894654,2.000000
0.219500,-0.403507,0.542556,-1.187120,0.154216,0.082652,-1.046740,-0.863570,-0.493529,1.087120,0.237655,0.278727,-0.156885,-0.894654,2.000000
-0.750696,-0.888626,0.542556,0.984870,-0.347713,-0.440281,-1.046740,-0.863570,-0.493529,-0.918529,-3.108920,-0.139490,-0.195272,-0.894654,1.000000
0.352797,-0.470801,0.542556,0.441873,-0.347713,-0.627042,-1.046740,1.156310,-0.082255,-0.918529,0.237655,0.209025,-0.195080,-0.894654,2.000000
-0.258849,-0.755042,0.542556,0.984870,-0.347713,-0.365576,0.953958,1.156310,-0.082255,1.087120,0.237655,-0.098830,-0.099304,-0.894654,1.000000
1.133170,0.751537,0.542556,1.527870,1.660000,3.519060,0.953958,1.156310,-0.287892,1.087120,0.237655,-0.557707,0.188598,1.116130,2.000000
0.633732,-0.152411,0.542556,0.170375,-0.347713,0.232061,-1.046740,-0.863570,-0.493529,-0.918529,0.237655,1.719250,-0.195272,-0.894654,1.000000
0.064269,0.550660,0.542556,0.713372,0.154216,-0.190767,0.953958,-0.863570,-0.493529,1.087120,-3.108920,1.370740,-0.195272,-0.894654,2.000000
0.662416,-0.612420,-1.782690,-0.101123,-0.347713,-0.615090,-1.046740,-0.863570,-0.493529,-0.918529,-3.108920,1.254570,-0.195272,-0.894654,2.000000
-0.969201,-0.905700,0.542556,0.984870,-0.347713,-0.627042,-1.046740,-0.863570,-0.493529,-0.918529,0.237655,0.092853,-0.195272,-0.894654,2.000000
-0.041187,-0.654604,-1.782690,0.441873,-0.347713,-0.652442,-1.046740,-0.863570,-0.493529,-0.918529,-3.108920,-0.139490,-0.195272,-0.894654,2.000000
-0.441920,1.655490,0.542556,0.713372,-1.351570,-0.664395,-1.046740,-0.863570,-0.493529,1.087120,0.237655,-0.255661,0.017776,-0.894654,2.000000
-1.060310,-0.604384,-1.782690,0.170375,-0.347713,0.033346,-1.046740,-0.863570,-0.493529,1.087120,0.237655,-0.418302,-0.194120,-0.894654,2.000000
-0.954859,1.044820,0.542556,0.713372,-1.351570,-0.664395,0.953958,-0.863570,-0.493529,-0.918529,0.237655,-1.068860,-0.195272,1.116130,2.000000
-0.765038,1.354170,-1.782690,-0.101123,-0.347713,-0.216167,-1.046740,-0.863570,-0.493529,1.087120,0.237655,-1.068860,0.572468,-0.894654,2.000000
0.000152,-0.152411,-1.782690,-1.187120,-0.347713,-0.638995,-1.046740,-0.863570,-0.493529,1.087120,0.237655,1.318460,-0.195272,-0.894654,2.000000
-0.349963,1.956800,0.542556,1.799360,1.660000,0.257460,0.953958,1.156310,-0.287892,-0.918529,0.237655,-0.371833,-0.193160,1.116130,1.000000
1.765910,0.349783,0.542556,-0.915618,-0.347713,1.215170,0.953958,1.156310,2.591030,-0.918529,0.237655,-1.068860,1.954780,1.116130,2.000000
-0.596308,1.722780,-1.782690,-0.372622,-0.347713,-0.652442,-1.046740,-0.863570,-0.493529,1.087120,0.237655,-0.371833,-0.104103,-0.894654,2.000000
0.205158,0.065541,-1.782690,-1.187120,0.154216,-0.340177,-1.046740,-0.863570,-0.493529,1.087120,0.237655,1.719250,-0.195272,-0.894654,2.000000
-0.940517,0.450221,0.542556,0.170375,-0.347713,-0.178815,0.953958,1.156310,0.123382,-0.918529,0.237655,0.092853,0.071710,1.116130,2.000000
-0.750696,-0.445691,-1.782690,0.170375,1.660000,0.108051,0.953958,-0.863570,-0.493529,-0.918529,0.237655,-1.068860,-0.195272,1.116130,2.000000
-0.673924,-0.863516,-1.782690,0.441873,-0.347713,0.120004,0.953958,1.156310,0.740293,1.087120,0.237655,0.139322,-0.128670,-0.894654,2.000000
-0.750696,-0.637529,-1.782690,0.441873,-0.347713,0.257460,0.953958,1.156310,0.740293,-0.918529,0.237655,-0.604176,-0.195272,1.116130,2.000000
-0.701764,-0.755042,0.542556,0.170375,-0.347713,-0.414881,0.953958,-0.863570,-0.493529,-0.918529,-3.108920,0.673710,-0.195272,1.116130,2.000000
-0.659582,-0.872556,-1.782690,0.170375,-0.347713,-0.652442,-1.046740,1.156310,-0.082255,-0.918529,0.237655,-0.325364,-0.194120,-0.894654,2.000000
-0.497601,-0.897665,-1.782690,0.170375,-0.347713,-0.216167,-1.046740,-0.863570,-0.493529,1.087120,0.237655,-0.139490,-0.195272,-0.894654,2.000000
-0.603057,1.521900,0.542556,0.984870,1.660000,-0.190767,0.953958,-0.863570,-0.493529,1.087120,0.237655,-0.371833,-0.195272,1.116130,2.000000
0.352797,-0.772117,0.542556,-0.372622,-0.347713,-0.440281,0.953958,1.156310,0.329019,-0.918529,0.237655,-1.068860,0.108561,1.116130,1.000000
-1.018130,0.969489,0.542556,-0.372622,-0.347713,-0.428328,-1.046740,-0.863570,-0.493529,-0.918529,0.237655,-0.604176,-0.128095,-0.894654,2.000000
1.927890,-0.855481,-1.782690,-0.915618,1.660000,0.518926,0.953958,-0.863570,-0.493529,-0.918529,0.237655,-0.023318,-0.135004,1.116130,2.000000
1.540650,1.773000,0.542556,-0.915618,1.660000,1.875560,0.953958,-0.863570,-0.493529,1.087120,0.237655,-1.068860,-0.195272,1.116130,1.000000
-0.891585,0.006283,-1.782690,0.441873,-0.347713,0.007947,0.953958,1.156310,-0.287892,1.087120,0.237655,-0.604176,-0.137691,1.116130,2.000000
-1.109250,1.136220,-1.782690,-0.372622,-0.347713,-0.627042,0.953958,-0.863570,-0.493529,-0.918529,0.237655,-0.371833,-0.123296,-0.894654,2.000000
1.751570,-0.679713,-1.782690,0.170375,1.660000,2.162430,0.953958,-0.863570,-0.493529,1.087120,0.237655,0.092853,-0.176078,-0.894654,2.000000
0.064269,-0.453727,0.542556,0.170375,-0.347713,-0.290872,-1.046740,-0.863570,-0.493529,1.087120,0.237655,0.557539,-0.195272,-0.894654,2.000000
-1.011380,-0.838407,0.542556,-1.730110,-1.853500,-0.664395,-1.046740,1.156310,0.123382,-0.918529,0.237655,0.964139,-0.047674,-0.894654,2.000000
2.476260,0.048467,0.542556,-0.372622,-0.347713,0.530879,0.953958,1.156310,0.329019,-0.918529,0.237655,-1.068860,-0.176270,1.116130,1.000000
-0.526285,-0.839411,0.542556,0.170375,-0.347713,-0.577737,0.953958,1.156310,0.945930,1.087120,0.237655,-0.511239,0.788202,1.116130,2.000000
-0.075777,1.454610,0.542556,0.170375,-0.347713,-0.066758,0.953958,1.156310,-0.287892,-0.918529,0.237655,0.209025,-0.191625,1.116130,1.000000
0.823553,-0.955920,0.542556,0.170375,0.154216,3.817880,0.953958,-0.863570,-0.493529,-0.918529,0.237655,-1.068860,-0.195272,1.116130,2.000000
-0.315373,-0.654604,0.542556,0.441873,-0.347713,-0.066758,0.953958,1.156310,1.768480,1.087120,0.237655,1.452060,-0.188554,1.116130,2.000000
1.738070,-0.955920,-1.782690,-1.730110,-1.853500,-0.664395,-1.046740,-0.863570,-0.493529,-0.918529,0.237655,-1.068860,-0.195272,-0.894654,1.000000
-0.336464,-0.353288,0.542556,-0.101123,-0.347713,0.169309,-1.046740,1.156310,-0.287892,1.087120,0.237655,0.557539,-0.193352,-0.894654,1.000000
-0.174484,-0.554165,-1.782690,0.713372,1.660000,-0.066758,-1.046740,-0.863570,-0.493529,-0.918529,0.237655,0.418133,-0.192009,-0.894654,1.000000
-0.455419,1.555050,-1.782690,-0.915618,1.660000,-0.290872,-1.046740,-0.863570,-0.493529,1.087120,0.237655,-1.068860,-0.192009,-0.894654,2.000000
-0.905927,0.751537,0.542556,0.170375,-0.347713,-0.615090,-1.046740,-0.863570,-0.493529,-0.918529,0.237655,-1.068860,-0.127903,-0.894654,1.000000
0.781370,-0.252849,0.542556,-1.187120,0.154216,-0.514985,-1.046740,-0.863570,-0.493529,-0.918529,-3.108920,5.669080,-0.195272,-0.894654,1.000000
0.057520,-0.922775,-1.782690,0.170375,1.660000,0.306765,0.953958,1.156310,-0.287892,1.087120,0.237655,1.440440,1.340210,1.116130,2.000000
0.810055,0.349783,0.542556,0.984870,-0.347713,-0.514985,0.953958,1.156310,0.123382,1.087120,0.237655,-0.226619,-0.195272,1.116130,1.000000
-1.045970,0.952415,0.542556,0.441873,-0.347713,-0.216167,0.953958,-0.863570,-0.493529,-0.918529,0.237655,-0.371833,0.228136,1.116130,2.000000
1.941390,0.935340,0.542556,-1.730110,-1.853500,3.643070,0.953958,1.156310,1.768480,1.087120,0.237655,-0.894605,-0.137691,1.116130,2.000000
0.205158,-0.051972,0.542556,-0.372622,-0.347713,-0.365576,0.953958,-0.863570,-0.493529,1.087120,0.237655,0.325196,-0.195272,-0.894654,2.000000
2.742850,-0.922775,0.542556,-1.730110,-1.853500,-0.664395,0.953958,1.156310,-0.287892,-0.918529,0.237655,0.278727,-0.176078,1.116130,1.000000
-0.940517,-0.737968,0.542556,0.984870,-0.347713,-0.216167,-1.046740,-0.863570,-0.493529,-0.918529,0.237655,-0.441536,-0.193928,-0.894654,2.000000
-0.877243,-0.905700,-1.782690,0.170375,1.660000,-0.589690,-1.046740,-0.863570,-0.493529,-0.918529,0.237655,0.557539,-0.156117,-0.894654,2.000000
1.274060,-0.863516,0.542556,1.527870,1.660000,-0.540385,0.953958,1.156310,1.768480,1.087120,0.237655,1.486910,-0.194120,1.116130,1.000000
-1.095750,0.191090,0.542556,-1.458610,-0.347713,-0.503033,-1.046740,-0.863570,-0.493529,-0.918529,0.237655,-0.371833,-0.195272,-0.894654,2.000000
0.641325,-0.453727,-1.782690,-1.187120,1.660000,2.323790,-1.046740,-0.863570,-0.493529,1.087120,-3.108920,0.092853,-0.195272,-0.894654,2.000000
-0.624149,-0.780152,0.542556,0.984870,-0.347713,0.717641,0.953958,1.156310,-0.082255,1.087120,0.237655,1.951600,0.188598,1.116130,2.000000
-0.933768,1.052850,-1.782690,0.170375,-0.347713,0.082652,0.953958,-0.863570,-0.493529,-0.918529,-3.108920,-0.836519,-0.195272,1.116130,2.000000
0.000152,-0.654604,0.542556,-1.730110,-1.853500,-0.664395,-1.046740,1.156310,-0.082255,1.087120,0.237655,0.092853,-0.175119,-0.894654,1.000000
-1.045970,-0.838407,-1.782690,-0.372622,-0.347713,-0.489586,0.953958,-0.863570,-0.493529,1.087120,0.237655,-0.139490,-0.195272,-0.894654,1.000000
-0.645240,-0.654604,0.542556,-1.458610,1.660000,-0.104110,0.953958,1.156310,0.740293,-0.918529,0.237655,0.092853,-0.132509,1.116130,2.000000
0.556960,1.077960,0.542556,1.799360,-0.347713,0.082652,0.953958,1.156310,0.740293,-0.918529,0.237655,1.951600,-0.157652,1.116130,2.000000
0.114044,-0.453727,0.542556,-0.372622,-0.347713,-0.141462,-1.046740,1.156310,-0.082255,1.087120,0.237655,3.113310,-0.195272,-0.894654,2.000000
-0.174484,-0.839411,0.542556,0.441873,-0.347713,-0.577737,-1.046740,1.156310,-0.287892,-0.918529,0.237655,0.906053,0.342722,-0.894654,2.000000
0.648074,0.952415,0.542556,-0.101123,-0.347713,1.277930,0.953958,1.156310,2.385390,-0.918529,0.237655,0.325196,0.688972,1.116130,2.000000
0.184067,-0.403507,0.542556,-1.187120,0.154216,-0.664395,-1.046740,-0.863570,-0.493529,-0.918529,0.237655,-0.023318,-0.195272,-0.894654,2.000000
0.205158,0.148905,-1.782690,0.170375,-0.347713,-0.216167,-1.046740,-0.863570,-0.493529,1.087120,0.237655,-0.720347,-0.195272,-0.894654,2.000000
-0.975950,-0.955920,0.542556,-1.458610,-0.347713,-0.514985,-1.046740,-0.863570,-0.493529,-0.918529,0.237655,-0.232427,-0.195272,-0.894654,2.000000
0.303865,4.091120,0.542556,1.799360,1.660000,-0.178815,0.953958,1.156310,-0.287892,1.087120,0.237655,1.922550,-0.099304,1.116130,2.000000
1.393020,-0.202630,0.542556,-1.187120,0.154216,-0.365576,-1.046740,-0.863570,-0.493529,-0.918529,0.237655,-0.488004,-0.194888,-0.894654,2.000000
-1.032470,0.952415,0.542556,0.984870,-0.347713,-0.365576,0.953958,-0.863570,-0.493529,1.087120,0.237655,-0.720347,-0.118498,1.116130,2.000000
3.172270,0.851976,0.542556,-1.730110,-1.853500,0.530879,-1.046740,1.156310,-0.287892,-0.918529,0.237655,-0.662262,-0.194120,-0.894654,2.000000
-0.315373,-0.654604,0.542556,0.441873,-0.347713,0.007947,-1.046740,1.156310,-0.287892,1.087120,0.237655,-0.488004,-0.194696,-0.894654,2.000000
-0.237757,-0.202630,0.542556,0.170375,-0.347713,-0.340177,0.953958,1.156310,-0.287892,1.087120,0.237655,1.086120,-0.195272,1.116130,1.000000
1.561750,1.563080,0.542556,-0.372622,-0.347713,0.019900,0.953958,1.156310,0.123382,1.087120,0.237655,-0.162724,-0.195272,1.116130,1.000000
-0.610650,0.374892,-1.782690,-1.458610,-0.347713,0.979107,0.953958,-0.863570,-0.493529,1.087120,-3.108920,-0.488004,-0.195272,1.116130,2.000000
0.409321,-0.805262,-1.782690,-1.458610,-0.347713,-0.489586,-1.046740,-0.863570,-0.493529,-0.918529,0.237655,0.325196,-0.194696,-0.894654,2.000000
-0.877243,-0.780152,-1.782690,0.170375,1.660000,-0.589690,-1.046740,-0.863570,-0.493529,-0.918529,0.237655,0.557539,-0.156117,-0.894654,2.000000
-0.413236,-0.604384,-1.782690,0.170375,-0.347713,-0.365576,0.953958,1.156310,0.534656,1.087120,0.237655,-0.139490,0.913536,1.116130,2.000000
0.106451,-0.453727,0.542556,1.527870,1.660000,0.157356,0.953958,1.156310,0.740293,-0.918529,0.237655,-0.139490,0.202417,1.116130,2.000000
-0.286689,-0.838407,0.542556,-0.372622,-0.347713,-0.652442,-1.046740,-0.863570,-0.493529,-0.918529,0.237655,0.441367,-0.002569,-0.894654,1.000000
-0.328871,-0.654604,0.542556,-0.101123,-0.347713,-0.066758,0.953958,-0.863570,-0.493529,-0.918529,-3.108920,1.068690,-0.195272,-0.894654,1.000000
-0.385396,-0.654604,-1.782690,0.441873,-0.347713,-0.552338,0.953958,-0.863570,-0.493529,1.087120,0.237655,0.441367,0.009139,1.116130,2.000000
-1.095750,1.111110,0.542556,-1.730110,-1.853500,-0.540385,-1.046740,-0.863570,-0.493529,-0.918529,0.237655,-0.604176,-0.195272,-0.894654,2.000000
2.131210,-0.102191,-1.782690,-1.730110,-1.853500,0.829698,-1.046740,-0.863570,-0.493529,1.087120,0.237655,-1.068860,-0.194504,-0.894654,1.000000
1.716980,0.349783,0.542556,-1.187120,0.154216,0.257460,-1.046740,-0.863570,-0.493529,1.087120,0.237655,-0.644836,-0.195272,-0.894654,1.000000
-1.306660,-0.888626,0.542556,-1.730110,-1.853500,-0.664395,-1.046740,1.156310,-0.287892,-0.918529,0.237655,-0.139490,-0.171088,-0.894654,1.000000
-0.961608,0.902195,0.542556,0.170375,-0.347713,-0.166862,0.953958,1.156310,0.123382,1.087120,0.237655,-0.836519,-0.189898,1.116130,2.000000
0.135135,-0.503946,-1.782690,1.527870,-0.347713,0.381470,-1.046740,-0.863570,-0.493529,1.087120,0.237655,0.092853,-0.168209,-0.894654,1.000000
-0.792878,1.479720,0.542556,0.170375,-0.347713,0.332165,-1.046740,1.156310,-0.082255,1.087120,0.237655,-0.023318,-0.162067,-0.894654,2.000000
1.709380,-0.546130,-1.782690,-1.730110,-1.853500,-0.216167,-1.046740,-0.863570,-0.493529,-0.918529,0.237655,-0.371833,-0.195080,-0.894654,2.000000
-0.575217,1.555050,0.542556,-0.372622,-0.347713,-0.216167,0.953958,1.156310,1.974110,1.087120,0.237655,-0.371833,-0.086445,1.116130,1.000000
-1.074660,-0.069046,-1.782690,0.170375,1.660000,0.232061,0.953958,-0.863570,-0.493529,-0.918529,0.237655,0.325196,-0.195272,1.116130,1.000000
-0.258849,-0.345253,-1.782690,1.799360,1.660000,0.094604,0.953958,1.156310,-0.287892,-0.918529,0.237655,-0.662262,-0.195272,1.116130,1.000000
0.697006,-0.855481,0.542556,-0.101123,-0.347713,-0.589690,0.953958,-0.863570,-0.493529,-0.918529,-3.108920,0.604008,-0.195272,-0.894654,2.000000
0.823553,-0.755042,0.542556,-1.187120,0.154216,0.007947,0.953958,-0.863570,-0.493529,1.087120,0.237655,-1.068860,-0.137691,1.116130,1.000000
0.254090,-0.955920,0.542556,0.170375,-0.347713,-0.664395,-1.046740,-0.863570,-0.493529,-0.918529,3.584230,-0.000084,-0.195272,-0.894654,2.000000
-1.003790,1.052850,-1.782690,-0.915618,1.660000,-0.414881,0.953958,-0.863570,-0.493529,1.087120,0.237655,-0.255661,-0.195272,-0.894654,2.000000
-0.589559,-0.821332,0.542556,-0.372622,1.660000,-0.141462,0.953958,-0.863570,-0.493529,-0.918529,0.237655,1.254570,-0.195272,-0.894654,1.000000
-1.235790,-0.888626,-1.782690,-0.915618,-0.347713,-0.577737,-1.046740,-0.863570,-0.493529,-0.918529,-3.108920,0.092853,-0.195272,-0.894654,2.000000
-1.383430,0.450221,0.542556,0.713372,-0.347713,-0.365576,-1.046740,-0.863570,-0.493529,-0.918529,0.237655,2.416280,-0.195272,-0.894654,2.000000
-0.863745,0.550660,0.542556,-0.372622,-0.347713,-0.241567,0.953958,1.156310,-0.287892,-0.918529,0.237655,-0.604176,1.685690,1.116130,2.000000
0.162976,-0.604384,0.542556,1.799360,1.660000,0.680288,0.953958,1.156310,0.329019,1.087120,0.237655,0.400707,-0.030784,1.116130,2.000000
-0.252099,-0.227740,0.542556,-0.372622,-0.347713,-0.589690,-1.046740,-0.863570,-0.493529,1.087120,0.237655,-0.488004,-0.195272,-0.894654,2.000000
0.620234,-0.621459,0.542556,-0.372622,-0.347713,-0.589690,-1.046740,-0.863570,-0.493529,-0.918529,0.237655,-1.068860,-0.120417,-0.894654,1.000000
-0.174484,-0.863516,0.542556,-0.915618,-0.347713,-0.503033,0.953958,1.156310,0.329019,-0.918529,0.237655,1.138400,-0.099304,1.116130,1.000000
-0.729605,1.371240,0.542556,1.527870,-0.347713,-0.652442,0.953958,-0.863570,-0.493529,-0.918529,0.237655,-0.604176,0.063648,1.116130,1.000000
-0.083370,-0.411542,-1.782690,-0.101123,-0.347713,-0.627042,-1.046740,-0.863570,-0.493529,1.087120,-3.108920,-0.604176,-0.195272,-0.894654,2.000000
0.275181,-0.704823,-1.782690,-1.187120,1.660000,-0.514985,-1.046740,-0.863570,-0.493529,1.087120,0.237655,-0.139490,-0.195272,-0.894654,1.000000
-0.244507,0.919270,0.542556,0.984870,1.660000,1.028410,0.953958,1.156310,0.740293,-0.918529,0.237655,1.144210,-0.163027,1.116130,2.000000
0.261683,-0.738972,0.542556,-0.101123,-0.347713,-0.316271,-1.046740,-0.863570,-0.493529,-0.918529,-3.108920,-0.906222,-0.195272,-0.894654,2.000000
0.795712,-0.546130,-1.782690,0.984870,1.660000,-0.627042,0.953958,1.156310,4.236120,1.087120,0.237655,1.574040,0.041960,1.116130,1.000000
-0.701764,-0.152411,0.542556,0.170375,0.154216,-0.589690,0.953958,-0.863570,-0.493529,1.087120,0.237655,-0.139490,-0.195272,1.116130,2.000000
0.416070,-0.102191,0.542556,0.984870,-0.347713,0.381470,-1.046740,-0.863570,-0.493529,-0.918529,0.237655,1.568230,-0.185675,-0.894654,2.000000
-0.146643,-0.252849,0.542556,0.170375,-0.347713,-0.615090,-1.046740,-0.863570,-0.493529,-0.918529,0.237655,0.185790,-0.195272,-0.894654,2.000000
-0.547376,-0.445691,-1.782690,-0.372622,-0.347713,-0.589690,0.953958,-0.863570,-0.493529,1.087120,0.237655,1.080310,-0.195272,1.116130,1.000000
1.337340,0.651099,0.542556,0.713372,0.154216,1.277930,0.953958,1.156310,0.740293,-0.918529,0.237655,1.109350,9.612600,1.116130,1.000000
-0.680673,-0.403507,0.542556,-1.730110,-1.853500,0.680288,-1.046740,-0.863570,-0.493529,-0.918529,0.237655,-0.139490,-0.190473,-0.894654,2.000000
-0.743947,1.354170,0.542556,-1.187120,-0.347713,-0.540385,-1.046740,-0.863570,-0.493529,-0.918529,0.237655,-1.068860,-0.195272,-0.894654,2.000000
-0.997041,-0.805262,0.542556,0.170375,-0.347713,-0.426834,0.953958,1.156310,0.534656,1.087120,0.237655,-0.255661,-0.194312,-0.894654,1.000000
-0.673924,1.354170,-1.782690,-0.915618,1.660000,0.232061,-1.046740,-0.863570,-0.493529,1.087120,0.237655,-0.952690,-0.192201,-0.894654,1.000000
2.110120,2.760310,0.542556,-1.458610,0.154216,3.817880,0.953958,1.156310,3.002300,1.087120,0.237655,-1.068860,-0.195272,1.116130,2.000000
-1.180110,0.851976,0.542556,-0.372622,-0.347713,-0.253519,0.953958,-0.863570,-0.493529,1.087120,0.237655,-1.068860,-0.195272,1.116130,1.000000
0.177318,-0.704823,0.542556,0.441873,-0.347713,-0.316271,-1.046740,-0.863570,-0.493529,-0.918529,0.237655,-0.371833,-0.195272,-0.894654,2.000000
0.169725,-0.403507,0.542556,-0.101123,-0.347713,0.605584,0.953958,1.156310,0.740293,-0.918529,0.237655,0.116087,-0.195272,1.116130,2.000000
-0.800471,1.253730,0.542556,1.527870,-0.347713,-0.465680,0.953958,-0.863570,-0.493529,-0.918529,0.237655,-0.488004,-0.195272,1.116130,2.000000
1.147510,-0.654604,0.542556,0.170375,-0.347713,0.082652,0.953958,-0.863570,-0.493529,1.087120,0.237655,-0.255661,-0.195272,-0.894654,2.000000
0.099702,-0.486871,0.542556,-1.458610,1.660000,1.053810,-1.046740,-0.863570,-0.493529,1.087120,0.237655,0.627242,-0.195272,-0.894654,2.000000
-1.207950,-0.353288,0.542556,-0.915618,-0.347713,-0.652442,-1.046740,-0.863570,-0.493529,1.087120,0.237655,-0.139490,-0.187594,-0.894654,2.000000
0.985533,4.108200,0.542556,0.984870,1.660000,-0.601643,0.953958,1.156310,-0.287892,-0.918529,0.237655,3.345650,-0.177998,-0.894654,2.000000
0.437162,0.073576,0.542556,0.713372,-0.347713,0.829698,0.953958,-0.863570,-0.493529,1.087120,0.237655,-1.068860,0.572468,1.116130,1.000000
4.107030,0.148905,0.542556,0.170375,-0.347713,-0.503033,0.953958,-0.863570,-0.493529,-0.918529,0.237655,-1.068860,-0.130014,-0.894654,2.000000
1.301900,1.655490,0.542556,-1.187120,0.154216,0.879003,0.953958,1.156310,1.357200,1.087120,0.237655,-1.068860,-0.195272,1.116130,1.000000
-0.273191,0.048467,0.542556,0.441873,-0.347713,2.622610,0.953958,-0.863570,-0.493529,1.087120,0.237655,-0.662262,-0.195272,1.116130,2.000000
0.000152,1.303950,0.542556,-1.730110,-1.853500,-0.664395,-1.046740,-0.863570,-0.493529,-0.918529,0.237655,-0.000084,0.802789,-0.894654,1.000000
-0.026845,-0.729933,0.542556,-1.730110,-1.853500,-0.664395,-1.046740,1.156310,-0.287892,-0.918529,0.237655,-0.511239,-0.191625,-0.894654,2.000000
-0.716106,-0.453727,0.542556,-1.730110,-1.853500,-0.638995,-1.046740,-0.863570,-0.493529,1.087120,0.237655,-0.488004,0.612390,-0.894654,2.000000
-0.807220,0.617954,-1.782690,-1.187120,0.154216,-0.615090,-1.046740,-0.863570,-0.493529,1.087120,0.237655,-0.000084,-0.195272,-0.894654,2.000000
-1.088160,0.048467,0.542556,0.984870,-0.347713,-0.552338,0.953958,1.156310,-0.082255,-0.918529,0.237655,-1.068860,-0.187978,-0.894654,2.000000
-1.045970,-0.955920,-1.782690,-0.101123,0.154216,-0.664395,-1.046740,-0.863570,-0.493529,1.087120,-3.108920,1.835430,-0.195080,1.116130,2.000000
0.000152,-0.855481,0.542556,0.170375,0.154216,-0.414881,0.953958,-0.863570,-0.493529,1.087120,-3.108920,0.789882,-0.195272,-0.894654,2.000000
-1.222300,-0.295033,0.542556,-1.187120,-0.347713,-0.564291,-1.046740,-0.863570,-0.493529,1.087120,0.237655,-0.255661,-0.194888,-0.894654,2.000000
1.407360,4.083090,0.542556,0.441873,-0.347713,-0.141462,0.953958,1.156310,0.123382,-0.918529,0.237655,-0.371833,-0.192585,1.116130,2.000000
2.257760,1.052850,0.542556,0.984870,-0.347713,0.530879,0.953958,1.156310,2.385390,-0.918529,0.237655,-1.068860,0.112208,1.116130,1.000000
0.810055,-0.687749,0.542556,-1.458610,-0.347713,-0.615090,-1.046740,-0.863570,-0.493529,-0.918529,0.237655,-0.093021,-0.195272,-0.894654,2.000000
-0.969201,-0.704823,0.542556,0.170375,-0.347713,-0.664395,-1.046740,-0.863570,-0.493529,-0.918529,0.237655,-1.068860,-0.195272,-0.894654,1.000000
1.069900,-0.855481,0.542556,-0.101123,-0.347713,2.547900,0.953958,-0.863570,-0.493529,-0.918529,-3.108920,1.254570,-0.195272,-0.894654,2.000000
1.400610,0.575770,0.542556,0.441873,1.660000,3.967290,0.953958,1.156310,1.974110,-0.918529,0.237655,-1.068860,-0.043643,1.116130,2.000000
1.688290,2.057240,0.542556,0.170375,-0.347713,1.875560,0.953958,1.156310,1.357200,-0.918529,0.237655,-1.068860,-0.195272,1.116130,2.000000
0.099702,-0.654604,0.542556,1.527870,1.660000,0.979107,0.953958,1.156310,0.123382,1.087120,0.237655,-1.068860,-0.195272,1.116130,2.000000
-1.081410,0.550660,0.542556,0.984870,-0.347713,0.145403,0.953958,1.156310,0.534656,-0.918529,0.237655,-0.000084,4.934380,1.116130,1.000000
-0.596308,-0.855481,0.542556,0.984870,1.660000,-0.216167,0.953958,-0.863570,-0.493529,-0.918529,0.237655,0.557539,-0.037117,1.116130,1.000000
1.393020,0.257379,0.542556,-0.915618,-0.347713,-0.652442,-1.046740,-0.863570,-0.493529,-0.918529,0.237655,-1.068860,0.321033,1.116130,2.000000
2.834810,1.856360,0.542556,-1.730110,-1.853500,-0.664395,0.953958,1.156310,1.768480,1.087120,0.237655,-1.068860,0.073437,1.116130,1.000000
0.578051,-0.814301,0.542556,0.170375,-0.347713,-0.552338,-1.046740,1.156310,-0.082255,-0.918529,0.237655,0.238067,-0.099304,-0.894654,2.000000
-1.109250,0.902195,0.542556,0.984870,-0.347713,-0.302824,0.953958,1.156310,0.329019,-0.918529,0.237655,-0.720347,-0.091627,1.116130,1.000000
0.373888,-0.755042,0.542556,0.170375,-0.347713,-0.066758,0.953958,1.156310,1.768480,-0.918529,0.237655,-1.068860,-0.107749,1.116130,1.000000
-0.765038,-0.930810,-1.782690,-0.915618,-0.347713,-0.627042,-1.046740,-0.863570,-0.493529,-0.918529,0.237655,0.092853,-0.181836,-0.894654,2.000000
0.493686,-0.546130,0.542556,0.441873,-0.347713,-0.652442,0.953958,-0.863570,-0.493529,1.087120,0.237655,1.254570,0.917950,1.116130,2.000000
2.679580,-0.847446,0.542556,0.170375,-0.347713,-0.489586,0.953958,1.156310,0.123382,1.087120,0.237655,-0.023318,-0.195272,-0.894654,2.000000
-0.244507,-0.747007,0.542556,0.170375,-0.347713,0.082652,0.953958,1.156310,0.534656,1.087120,0.237655,0.673710,0.079195,1.116130,1.000000
0.000152,-0.252849,0.542556,-1.458610,-0.347713,0.232061,0.953958,-0.863570,-0.493529,1.087120,0.237655,0.673710,-0.195272,-0.894654,1.000000
-0.645240,-0.822336,0.542556,0.170375,-0.347713,-0.615090,-1.046740,-0.863570,-0.493529,-0.918529,0.237655,-0.488004,-0.195272,1.116130,2.000000
0.985533,-0.353288,0.542556,0.984870,1.660000,1.128520,0.953958,1.156310,1.768480,-0.918529,0.237655,-0.604176,-0.195272,1.116130,2.000000
-0.765038,1.253730,-1.782690,0.984870,-0.347713,0.232061,0.953958,-0.863570,-0.493529,1.087120,0.237655,0.487836,-0.195272,-0.894654,1.000000
0.591549,-0.285994,0.542556,0.441873,-0.347713,0.530879,0.953958,1.156310,2.385390,-0.918529,0.237655,1.155820,0.062689,1.116130,2.000000
-0.096868,-0.679713,0.542556,0.441873,1.660000,-0.652442,-1.046740,1.156310,0.123382,-0.918529,0.237655,-1.068860,-0.188938,-0.894654,1.000000
1.048810,-0.554165,0.542556,-0.101123,-0.347713,-0.141462,0.953958,1.156310,-0.082255,1.087120,0.237655,-1.068860,-0.192393,1.116130,2.000000
1.076650,-0.855481,0.542556,-1.187120,1.660000,0.829698,0.953958,-0.863570,-0.493529,1.087120,0.237655,0.789882,-0.195272,1.116130,2.000000
-0.518692,-0.847446,0.542556,0.441873,-0.347713,-0.615090,-1.046740,1.156310,-0.287892,-0.918529,0.237655,0.511070,-0.110053,-0.894654,2.000000
0.043178,-0.152411,-1.782690,1.527870,-0.347713,-0.216167,-1.046740,-0.863570,-0.493529,1.087120,0.237655,-0.371833,-0.195272,-0.894654,2.000000
-0.729605,-0.320143,-1.782690,0.170375,-0.347713,-0.615090,-1.046740,-0.863570,-0.493529,-0.918529,0.237655,-0.139490,0.007795,-0.894654,2.000000
1.920300,0.400002,0.542556,0.170375,1.660000,0.120004,0.953958,1.156310,1.768480,1.087120,0.237655,-1.068860,-0.140762,1.116130,2.000000
0.401728,-0.529055,-1.782690,0.441873,-0.347713,-0.638995,0.953958,1.156310,-0.287892,-0.918529,0.237655,-0.778433,0.032555,1.116130,2.000000
0.788963,-0.855481,-1.782690,-0.101123,-0.347713,-0.514985,-1.046740,-0.863570,-0.493529,1.087120,0.237655,-0.313747,-0.195272,-0.894654,2.000000
0.591549,0.048467,0.542556,1.527870,-0.347713,3.369650,0.953958,-0.863570,-0.493529,1.087120,0.237655,4.623540,-0.195272,-0.894654,1.000000
1.203190,1.153290,0.542556,0.984870,-0.347713,0.829698,0.953958,1.156310,0.945930,1.087120,0.237655,-1.068860,-0.195272,1.116130,1.000000
-1.003790,-0.913736,0.542556,0.984870,1.660000,-0.577737,0.953958,1.156310,1.768480,-0.918529,0.237655,-0.604176,-0.176270,1.116130,1.000000
0.022086,-0.453727,0.542556,-0.372622,-0.347713,1.576740,0.953958,-0.863570,-0.493529,1.087120,0.237655,1.969020,-0.195272,-0.894654,2.000000
-0.596308,1.605270,0.542556,0.170375,0.154216,0.754993,0.953958,1.156310,-0.082255,-0.918529,0.237655,-0.644836,-0.110053,1.116130,1.000000
2.286440,-0.060007,0.542556,0.984870,1.660000,0.244013,0.953958,1.156310,0.740293,-0.918529,0.237655,-0.819093,-0.087788,1.116130,1.000000
-1.045970,0.768612,0.542556,1.527870,1.660000,-0.440281,0.953958,1.156310,0.945930,-0.918529,0.237655,-0.511239,-0.195272,1.116130,1.000000
-0.786129,-0.704823,-1.782690,-1.730110,-1.853500,0.306765,-1.046740,-0.863570,-0.493529,-0.918529,0.237655,0.557539,-0.195272,-0.894654,1.000000
-0.575217,1.789070,0.542556,0.984870,1.660000,-0.216167,-1.046740,-0.863570,-0.493529,-0.918529,0.237655,0.557539,-0.195080,-0.894654,1.000000
2.447580,2.358560,0.542556,0.984870,-0.347713,2.622610,0.953958,-0.863570,-0.493529,1.087120,0.237655,-0.946882,1.831750,1.116130,1.000000
2.180980,0.751537,0.542556,0.713372,1.660000,1.427330,0.953958,1.156310,0.123382,-0.918529,0.237655,-1.068860,-0.195272,1.116130,2.000000
0.127543,-0.026862,0.542556,0.984870,1.660000,-0.178815,0.953958,1.156310,-0.082255,-0.918529,0.237655,-1.068860,-0.195272,1.116130,1.000000
-0.645240,-0.838407,-1.782690,1.527870,1.660000,-0.627042,-1.046740,-0.863570,-0.493529,-0.918529,0.237655,0.325196,-0.195080,-0.894654,2.000000
-0.722855,-0.830371,-1.782690,-0.372622,-0.347713,-0.627042,0.953958,-0.863570,-0.493529,-0.918529,0.237655,-0.023318,-0.195080,-0.894654,2.000000
-0.701764,1.580160,0.542556,0.170375,-0.347713,-0.627042,-1.046740,1.156310,-0.082255,-0.918529,0.237655,-1.068860,0.870350,-0.894654,2.000000
0.057520,-0.654604,0.542556,0.170375,-0.347713,-0.589690,-1.046740,-0.863570,-0.493529,1.087120,0.237655,1.091930,-0.171856,-0.894654,1.000000
-0.336464,-0.546130,-1.782690,-0.372622,-0.347713,-0.066758,0.953958,1.156310,0.123382,1.087120,0.237655,1.080310,-0.087788,1.116130,2.000000
0.268432,2.057240,0.542556,1.256370,1.158070,0.941755,0.953958,1.156310,1.357200,1.087120,0.237655,-1.068860,-0.169552,1.116130,2.000000
1.435200,0.349783,0.542556,0.984870,1.660000,1.128520,0.953958,-0.863570,-0.493529,1.087120,0.237655,0.964139,-0.195272,1.116130,2.000000
-1.313410,-0.328178,0.542556,0.441873,-0.347713,-0.638995,-1.046740,1.156310,-0.287892,-0.918529,0.237655,-1.068860,-0.194120,-0.894654,2.000000
0.781370,1.052850,0.542556,0.984870,1.660000,-0.141462,0.953958,-0.863570,-0.493529,-0.918529,0.237655,-0.900413,-0.034622,1.116130,1.000000
2.152300,-0.888626,0.542556,-1.187120,0.154216,-0.365576,0.953958,-0.863570,-0.493529,1.087120,0.237655,0.394899,0.226409,-0.894654,1.000000
0.810055,-0.144375,0.542556,1.527870,1.660000,1.427330,0.953958,1.156310,1.151570,-0.918529,0.237655,0.789882,-0.195272,1.116130,2.000000
-1.116840,-0.712858,-1.782690,0.713372,-1.351570,-0.664395,-1.046740,-0.863570,-0.493529,-0.918529,0.237655,-0.488004,-0.195272,-0.894654,2.000000
3.530820,2.609650,0.542556,-1.730110,-1.853500,-0.664395,0.953958,-0.863570,-0.493529,1.087120,0.237655,-1.068860,-0.195272,1.116130,2.000000
0.275181,-0.453727,-1.782690,0.441873,-0.347713,0.232061,-1.046740,-0.863570,-0.493529,-0.918529,-3.108920,0.092853,-0.195272,-0.894654,2.000000
0.043178,-0.152411,0.542556,-0.101123,-0.347713,0.082652,0.953958,-0.863570,-0.493529,1.087120,0.237655,1.022220,-0.195272,1.116130,2.000000
-0.891585,-0.353288,-1.782690,-1.458610,-0.347713,-0.340177,0.953958,1.156310,1.151570,1.087120,0.237655,-0.139490,-0.195080,1.116130,2.000000
-1.271230,-0.704823,0.542556,0.984870,-0.347713,-0.589690,-1.046740,1.156310,-0.287892,-0.918529,0.237655,-0.441536,-0.176462,-0.894654,1.000000
-0.104461,-0.855481,0.542556,-1.458610,1.660000,-0.638995,-1.046740,-0.863570,-0.493529,1.087120,-3.108920,0.394899,-0.195272,-0.894654,2.000000
-0.181233,-0.704823,0.542556,0.441873,-0.347713,-0.141462,-1.046740,-0.863570,-0.493529,-0.918529,0.237655,0.092853,-0.195272,-0.894654,2.000000
-0.771787,1.303950,-1.782690,1.799360,1.660000,-0.440281,0.953958,1.156310,0.329019,-0.918529,0.237655,-1.068860,-0.133661,1.116130,1.000000
0.675914,1.839290,0.542556,0.441873,-0.347713,1.912910,0.953958,1.156310,0.740293,1.087120,0.237655,-0.662262,-0.195272,1.116130,2.000000
