0.217617,0.888182,0.114991,1.668990,-0.097557,-0.099098,0.694064,-0.058216,3.000000
-0.656386,-0.160845,0.461131,-0.154532,-0.097557,-0.099098,-2.247290,2.195510,2.000000
2.839630,2.582760,1.153410,1.668990,-0.097557,-0.099098,0.867085,-0.527741,5.000000
0.727452,0.081238,1.153410,0.866638,-0.097557,10.867700,0.348023,-0.339931,3.000000
-0.365051,0.000544,0.807270,0.210172,-0.097557,-0.099098,-1.036140,-1.560700,1.000000
0.654619,-0.322234,0.576510,-0.665117,-0.097557,-0.099098,0.348023,-0.246026,1.000000
-0.365051,0.081238,-0.808048,-0.300414,-0.097557,-0.099098,1.213130,-0.527741,2.000000
-1.166220,-0.322234,0.807270,-1.248640,-0.097557,-0.099098,0.867085,-0.527741,1.000000
1.674290,0.161933,1.038030,-0.081591,-0.097557,-0.099098,0.175003,-0.527741,2.000000
-1.020550,0.646099,-1.731090,-0.154532,-0.097557,-0.099098,-1.036140,-0.527741,4.000000
-0.874886,-0.564317,0.345751,-0.300414,-0.097557,-0.099098,-0.344059,-1.560700,1.000000
-0.583552,-1.774730,-0.115769,-0.300414,-0.097557,-0.099098,0.867085,0.599119,2.000000
1.018790,0.726793,0.691890,-0.227473,-0.097557,-0.099098,-0.690100,-0.527741,1.000000
-0.874886,0.000544,0.230371,1.304280,-0.097557,-0.099098,0.694064,-1.560700,1.000000
-0.365051,0.565405,0.230371,-0.373354,-0.097557,-0.099098,0.694064,0.974740,2.000000
-1.093390,0.484710,-1.615710,0.283112,-0.097557,-0.099098,0.521044,-0.246026,4.000000
-0.146551,-0.322234,0.922650,-0.738058,-0.097557,-0.099098,-0.863121,-0.527741,1.000000
-0.947720,-0.645011,1.153410,-0.956880,-0.097557,-0.099098,0.175003,-0.527741,2.000000
-0.292218,0.323321,1.038030,1.085460,-0.097557,-0.099098,0.521044,-0.621646,1.000000
-0.146551,0.404016,0.922650,-0.592176,-0.097557,-0.099098,-2.074270,3.885800,2.000000
-0.219384,-0.241539,0.461131,-0.519236,-0.097557,-0.099098,0.175003,0.505214,2.000000
-0.802053,1.695130,-1.384950,-0.883939,-0.097557,-0.099098,0.001982,-0.527741,5.000000
0.217617,0.081238,-1.615710,-0.956880,-0.097557,-0.099098,0.348023,-0.527741,4.000000
0.581785,-0.483623,0.807270,-0.956880,-0.097557,-0.099098,0.694064,-0.527741,2.000000
-0.656386,-1.613340,-0.115769,0.137231,-0.097557,-0.099098,0.694064,-0.527741,1.000000
0.290451,0.323321,-0.115769,-0.883939,-0.097557,-0.099098,1.040110,-0.527741,1.000000
-0.219384,-0.564317,-0.231148,-0.738058,-0.097557,-0.099098,-0.690100,-0.058216,2.000000
-0.292218,-0.322234,0.345751,-0.227473,-0.097557,-0.099098,0.175003,-0.527741,1.000000
-0.437885,0.242627,0.230371,0.793697,-0.097557,-0.099098,0.001982,-0.527741,2.000000
-0.437885,-0.645011,0.807270,-0.300414,-0.097557,-0.099098,0.001982,-0.246026,2.000000
0.071950,-0.160845,0.922650,-0.300414,-0.097557,-0.099098,0.001982,0.035689,2.000000
-1.020550,-0.080151,-2.307990,-0.300414,-0.097557,-0.099098,0.348023,0.317404,4.000000
-1.821720,-0.645011,-3.346400,-0.883939,-0.097557,-0.099098,-1.555200,-0.527741,4.000000
-1.967390,-2.985150,0.114991,-0.738058,-0.097557,-0.099098,0.521044,2.195510,2.000000
-1.967390,-1.694040,-0.461908,-1.905110,-0.097557,-0.099098,-1.209160,0.317404,1.000000
-0.874886,-1.290570,0.576510,1.304280,-0.097557,-0.099098,-0.344059,-0.152121,1.000000
-0.073717,0.081238,0.230371,-0.956880,-0.097557,-0.099098,0.175003,0.505214,2.000000
0.363284,-0.967789,0.230371,-0.738058,-0.097557,-0.099098,-0.171039,3.416270,2.000000
0.581785,-0.322234,-0.461908,0.574875,-0.097557,-0.099098,0.001982,1.444260,2.000000
0.800286,1.775820,-1.269570,0.501934,-0.097557,-0.099098,1.386150,-0.527741,3.000000
-0.365051,-0.806400,0.691890,-0.883939,-0.097557,-0.099098,0.694064,-0.527741,1.000000
-0.000883,-0.160845,-0.231148,-0.227473,-0.097557,-0.099098,0.521044,3.791890,1.000000
0.217617,0.081238,-0.461908,0.137231,-0.097557,-0.099098,-0.344059,-0.527741,1.000000
-0.073717,-0.322234,-0.923428,1.450160,-0.097557,-0.099098,0.867085,-0.527741,2.000000
0.800286,0.807488,0.576510,-0.373354,-0.097557,-0.099098,0.001982,-0.246026,2.000000
-0.146551,0.484710,-0.115769,0.428994,-0.097557,-0.099098,0.001982,-0.527741,1.000000
-0.365051,-2.339590,-0.115769,-0.154532,-0.097557,-0.099098,-0.690100,0.317404,2.000000
1.237290,-0.322234,0.922650,0.283112,-0.097557,-0.099098,1.213130,-0.058216,2.000000
-0.583552,0.081238,-1.269570,-0.300414,-0.097557,-0.099098,-0.171039,-0.152121,4.000000
-0.219384,0.726793,-0.808048,-0.956880,-0.097557,-0.099098,1.040110,0.223499,4.000000
0.144784,0.081238,-0.231148,-1.029820,-0.097557,-0.099098,0.694064,0.317404,1.000000
0.217617,0.323321,-0.808048,-0.592176,-0.097557,-0.099098,0.521044,0.317404,2.000000
-0.583552,1.695130,-0.577288,-0.810999,-0.097557,-0.099098,-0.344059,-0.527741,4.000000
-0.292218,0.726793,-1.384950,-1.029820,-0.097557,-0.099098,0.001982,-0.527741,4.000000
0.654619,-0.080151,-0.577288,-0.300414,-0.097557,-0.099098,-0.863121,0.317404,2.000000
1.601460,0.484710,-1.154190,-0.008651,-0.097557,-0.099098,0.175003,-0.152121,5.000000
-0.510719,0.081238,-0.231148,-0.883939,-0.097557,-0.099098,0.001982,-0.527741,1.000000
-0.219384,-0.322234,1.038030,1.668990,-0.097557,-0.099098,1.040110,-0.527741,3.000000
-0.073717,-0.402928,0.807270,-0.154532,-0.097557,-0.099098,-0.517080,0.974740,2.000000
-0.292218,0.323321,1.038030,1.085460,-0.097557,-0.099098,0.521044,-0.621646,1.000000
-1.020550,-1.371260,-1.384950,-0.810999,-0.097557,-0.099098,0.867085,0.786930,4.000000
-1.603220,0.081238,0.576510,-0.519236,-0.097557,-0.099098,1.213130,-0.527741,1.000000
0.436118,-0.080151,0.461131,-0.810999,-0.097557,-0.099098,0.001982,0.693024,2.000000
-0.729219,0.242627,-0.692668,-0.592176,-0.097557,-0.099098,0.694064,0.317404,2.000000
-0.000883,0.161933,1.038030,0.283112,-0.097557,-0.099098,0.175003,0.693024,2.000000
0.290451,1.210960,-0.115769,0.574875,-0.097557,-0.099098,0.348023,-0.527741,1.000000
-1.457560,1.453040,-1.038810,-0.665117,-0.097557,-0.099098,0.175003,-0.527741,4.000000
-0.656386,-2.016820,1.038030,1.304280,-0.097557,-0.099098,1.732190,3.885800,2.000000
0.290451,0.323321,0.691890,-0.592176,-0.097557,-0.099098,-0.690100,0.129594,2.000000
-0.219384,-0.322234,0.345751,-1.029820,-0.097557,-0.099098,0.175003,-0.246026,2.000000
-0.073717,-0.806400,0.922650,-0.227473,-0.097557,-0.099098,-0.517080,-0.058216,1.000000
-0.729219,1.210960,-1.384950,-0.665117,-0.097557,-0.099098,1.213130,-0.527741,4.000000
-0.292218,-0.241539,1.384170,0.283112,-0.097557,-0.099098,-2.074270,-0.527741,1.000000
0.654619,0.081238,-0.231148,-1.029820,-0.097557,-0.099098,0.694064,0.317404,1.000000
0.654619,1.210960,0.230371,0.283112,-0.097557,-0.099098,-0.690100,0.317404,1.000000
-1.093390,-1.451960,-2.192610,-0.738058,-0.097557,-0.099098,1.040110,-0.527741,4.000000
0.727452,0.968876,0.461131,-1.102760,-0.097557,-0.099098,0.175003,-0.527741,2.000000
-0.292218,-0.241539,-0.461908,-0.738058,-0.097557,-0.099098,0.175003,-0.527741,1.000000
-1.093390,0.161933,-0.231148,-0.300414,-0.097557,-0.099098,-4.150510,-0.527741,3.000000
0.727452,0.000544,-0.692668,2.544270,-0.097557,-0.099098,-0.517080,-0.527741,3.000000
0.071950,-0.322234,0.807270,-0.081591,-0.097557,-0.099098,0.521044,-0.527741,1.000000
-0.365051,-0.402928,0.230371,-0.665117,-0.097557,-0.099098,0.694064,-0.527741,1.000000
-0.874886,-0.322234,0.230371,3.565440,-0.097557,-0.099098,0.001982,-0.152121,3.000000
-1.239050,-1.129180,1.384170,-0.008651,-0.097557,-0.099098,0.867085,-0.527741,1.000000
-0.656386,0.484710,0.345751,-0.738058,-0.097557,-0.099098,0.867085,-0.152121,2.000000
0.290451,-0.564317,-0.231148,0.064290,-0.097557,-0.099098,-1.036140,1.256450,1.000000
-1.530390,-0.322234,0.461131,0.064290,-0.097557,-0.099098,-0.171039,-0.527741,1.000000
0.581785,1.130270,-0.923428,0.283112,-0.097557,-0.099098,0.694064,-0.527741,2.000000
0.071950,-0.160845,-0.461908,0.210172,-0.097557,-0.099098,0.694064,-0.527741,1.000000
0.508952,0.404016,0.114991,-0.592176,-0.097557,-0.099098,0.175003,1.444260,2.000000
0.581785,1.049570,0.230371,3.200740,-0.097557,-0.099098,-0.690100,-0.527741,3.000000
-0.510719,0.081238,0.461131,-0.810999,-0.097557,-0.099098,-0.863121,-0.152121,2.000000
-0.656386,-0.645011,0.345751,-0.665117,-0.097557,-0.099098,-0.344059,2.852840,2.000000
0.581785,0.968876,0.461131,-0.665117,-0.097557,-0.099098,-0.344059,-0.527741,3.000000
-0.437885,0.161933,-1.038810,-0.227473,-0.097557,-0.099098,0.175003,-0.527741,2.000000
1.018790,0.484710,0.230371,-0.665117,-0.097557,-0.099098,0.694064,1.819890,2.000000
0.508952,0.726793,-0.000389,2.325450,-0.097557,-0.099098,0.521044,-0.527741,3.000000
-0.874886,-0.241539,-0.346528,-0.592176,-0.097557,-0.099098,-1.036140,-0.152121,3.000000
-0.365051,-0.806400,0.691890,-0.810999,-0.097557,-0.099098,0.348023,-0.527741,2.000000
0.290451,-0.241539,0.922650,1.012520,-0.097557,-0.099098,-0.690100,-0.058216,3.000000
1.018790,0.242627,-0.577288,-0.956880,-0.097557,-0.099098,0.521044,-0.527741,1.000000
2.402620,0.646099,-1.961850,-1.613350,-0.097557,-0.099098,0.521044,-0.527741,5.000000
0.945953,0.323321,0.345751,0.064290,-0.097557,-0.099098,-0.171039,-0.527741,1.000000
-1.166220,-0.241539,-0.231148,0.428994,-0.097557,-0.099098,-1.382180,-0.527741,2.000000
0.581785,0.807488,0.114991,-0.154532,-0.097557,-0.099098,0.521044,-0.527741,1.000000
0.217617,-0.322234,0.461131,0.793697,-0.097557,-0.099098,0.175003,0.223499,2.000000
-0.219384,-0.080151,1.153410,-0.810999,-0.097557,-0.099098,-2.074270,-0.527741,1.000000
-0.874886,-1.048480,0.691890,-0.373354,-0.097557,-0.099098,-0.171039,-0.527741,2.000000
0.581785,-0.483623,-0.000389,-0.008651,-0.097557,-0.099098,0.348023,-0.527741,1.000000
-1.239050,-0.967789,-0.577288,-0.519236,-0.097557,-0.099098,0.694064,0.880835,2.000000
1.601460,0.888182,-1.500330,0.283112,-0.097557,-0.099098,1.213130,-0.527741,3.000000
0.581785,0.565405,0.461131,3.127800,-0.097557,-0.099098,0.694064,-0.527741,3.000000
-0.947720,-1.290570,-2.077230,-0.300414,-0.097557,-0.099098,1.040110,-0.527741,4.000000
-1.530390,1.453040,-0.346528,-0.008651,-0.097557,-0.099098,-0.517080,0.880835,2.000000
-0.000883,-1.290570,1.384170,-0.519236,-0.097557,-0.099098,1.213130,-0.527741,1.000000
-0.729219,-1.048480,0.461131,-0.956880,-0.097557,-0.099098,-0.344059,-0.527741,2.000000
0.071950,0.323321,1.153410,2.252510,-0.097557,-0.099098,1.386150,-0.527741,3.000000
-0.073717,-0.725706,-2.077230,-0.373354,-0.097557,-0.099098,0.001982,0.411309,4.000000
-0.292218,-0.887095,0.461131,-0.300414,-0.097557,-0.099098,-0.344059,-0.246026,1.000000
0.363284,-0.322234,-0.461908,0.356053,-0.097557,-0.099098,1.386150,1.913790,2.000000
-0.292218,-0.483623,0.345751,0.356053,-0.097557,-0.099098,-0.344059,-0.527741,3.000000
0.363284,0.242627,0.576510,1.450160,-0.097557,-0.099098,0.348023,-0.527741,3.000000
-0.583552,0.565405,2.537970,-0.300414,-0.097557,-0.099098,1.213130,-0.527741,3.000000
-0.437885,-0.725706,-0.692668,-0.956880,-0.097557,-0.099098,-0.171039,1.350360,2.000000
0.071950,0.646099,0.461131,0.210172,-0.097557,-0.099098,0.521044,-0.527741,1.000000
-0.219384,-0.725706,0.345751,0.064290,-0.097557,-0.099098,-0.517080,-0.246026,3.000000
0.144784,0.081238,0.114991,2.033690,-0.097557,-0.099098,0.867085,-0.058216,3.000000
0.508952,-1.129180,0.114991,-0.081591,-0.097557,-0.099098,0.694064,-0.246026,1.000000
-0.146551,-0.080151,-0.577288,-0.227473,-0.097557,-0.099098,0.175003,-0.527741,4.000000
0.436118,-0.402928,1.038030,-0.883939,-0.097557,-0.099098,0.175003,-0.152121,2.000000
-1.093390,1.453040,0.807270,1.012520,-0.097557,-0.099098,0.521044,0.786930,2.000000
-0.729219,-1.774730,-0.231148,-1.467470,-0.097557,-0.099098,-0.171039,1.350360,2.000000
2.766790,0.726793,0.461131,0.939579,-0.097557,-0.099098,-1.555200,0.223499,2.000000
0.217617,-0.645011,0.345751,-0.519236,-0.097557,-0.099098,-0.517080,-0.527741,1.000000
-0.947720,0.646099,-0.692668,1.814870,-0.097557,-0.099098,-1.036140,-0.527741,3.000000
0.071950,0.726793,-0.461908,-0.956880,-0.097557,-0.099098,-0.344059,-0.527741,3.000000
0.363284,-0.725706,1.961070,2.544270,-0.097557,-0.099098,-0.171039,-1.278980,3.000000
-0.656386,0.323321,0.922650,-0.446295,-0.097557,-0.099098,0.348023,-0.527741,3.000000
0.144784,-0.322234,0.691890,-0.446295,-0.097557,-0.099098,0.001982,-0.527741,1.000000
-0.510719,-0.402928,0.345751,-0.519236,-0.097557,-0.099098,1.040110,-0.527741,1.000000
-0.000883,1.130270,0.807270,-0.810999,-0.097557,-0.099098,-0.517080,-0.527741,1.000000
-1.020550,-1.613340,-0.000389,-0.519236,-0.097557,-0.099098,0.867085,0.223499,2.000000
0.508952,-0.645011,1.499550,-0.300414,-0.097557,-0.099098,3.116350,0.411309,2.000000
-2.331560,-0.160845,-0.461908,-1.029820,-0.097557,-0.099098,-8.649050,-0.246026,2.000000
-1.020550,-1.048480,-1.961850,-0.883939,-0.097557,-0.099098,1.213130,0.317404,4.000000
-0.656386,-0.725706,-0.808048,2.544270,-0.097557,-0.099098,0.521044,-0.527741,3.000000
-0.947720,-1.532650,0.345751,-0.738058,-0.097557,-0.099098,0.521044,1.538170,2.000000
-0.947720,-0.322234,-1.154190,0.064290,-0.097557,-0.099098,-0.863121,-0.527741,2.000000
-0.000883,0.161933,1.153410,1.814870,-0.097557,-0.099098,-0.344059,-0.527741,3.000000
-1.748890,-0.483623,-2.307990,-1.102760,-0.097557,-0.099098,0.175003,1.819890,4.000000
-0.583552,-0.241539,0.230371,1.085460,-0.097557,-0.099098,0.521044,0.411309,1.000000
0.144784,0.242627,0.922650,3.127800,-0.097557,-0.099098,0.001982,-0.527741,3.000000
0.945953,1.130270,-0.577288,-0.008651,-0.097557,-0.099098,-1.209160,-0.527741,1.000000
-0.656386,-0.887095,-0.692668,0.574875,-0.097557,-0.099098,-0.344059,1.162550,2.000000
-0.802053,-0.887095,1.730310,-0.738058,-0.097557,-0.099098,-0.863121,-0.527741,1.000000
-0.292218,-0.241539,-0.692668,-0.592176,10.243500,-0.099098,-0.690100,-0.527741,5.000000
-0.146551,-0.564317,0.114991,0.428994,-0.097557,-0.099098,0.348023,1.444260,2.000000
0.945953,1.695130,-0.692668,1.960750,-0.097557,-0.099098,0.348023,-0.527741,5.000000
0.071950,-0.080151,-0.231148,2.106630,-0.097557,-0.099098,0.348023,2.852840,1.000000
0.945953,0.646099,0.807270,-1.175700,-0.097557,-0.099098,0.348023,0.505214,2.000000
3.058130,0.888182,-1.154190,-0.300414,-0.097557,-0.099098,0.694064,-0.527741,5.000000
-0.656386,-0.806400,1.038030,1.523100,-0.097557,-0.099098,-0.344059,1.444260,1.000000
-0.656386,-0.080151,-0.346528,-1.248640,-0.097557,-0.099098,-0.171039,-0.527741,1.000000
-0.219384,-0.241539,0.807270,1.596050,-0.097557,-0.099098,-0.344059,-0.527741,3.000000
-0.219384,-1.048480,-0.461908,0.137231,-0.097557,-0.099098,0.348023,6.702950,2.000000
0.654619,0.000544,0.230371,0.137231,-0.097557,-0.099098,0.867085,-0.246026,1.000000
-1.093390,-0.887095,0.807270,-1.102760,-0.097557,-0.099098,-0.344059,-0.527741,2.000000
0.290451,0.404016,0.576510,1.012520,-0.097557,-0.099098,0.521044,-0.527741,1.000000
0.363284,1.775820,-1.731090,-0.008651,-0.097557,-0.099098,-0.171039,-0.527741,4.000000
1.018790,-1.532650,0.345751,-0.810999,-0.097557,-0.099098,0.521044,0.317404,1.000000
0.727452,0.081238,-0.115769,-0.592176,-0.097557,-0.099098,0.521044,0.974740,1.000000
-0.729219,-0.645011,0.807270,0.647816,-0.097557,-0.099098,0.521044,-0.246026,1.000000
0.290451,0.242627,-0.231148,-0.883939,-0.097557,-0.099098,-0.171039,0.505214,2.000000
-0.365051,0.484710,0.345751,0.428994,-0.097557,-0.099098,1.213130,-0.527741,1.000000
-0.729219,-0.402928,-0.577288,-0.810999,-0.097557,-0.099098,0.521044,1.913790,2.000000
-0.146551,-0.402928,0.576510,1.741930,-0.097557,-0.099098,0.521044,-0.527741,3.000000
0.727452,0.565405,1.499550,-0.300414,-0.097557,-0.099098,0.001982,2.007700,2.000000
2.912460,0.323321,1.038030,-0.446295,-0.097557,-0.099098,-0.344059,-0.527741,2.000000
2.038460,-0.160845,-0.346528,0.283112,-0.097557,-0.099098,0.521044,1.819890,5.000000
1.018790,0.484710,0.691890,-0.300414,-0.097557,-0.099098,-0.863121,-0.527741,1.000000
-0.073717,-0.322234,-0.577288,1.377220,-0.097557,-0.099098,0.348023,-0.527741,3.000000
-0.874886,0.000544,-1.500330,-0.008651,-0.097557,-0.099098,-1.209160,-0.527741,4.000000
-0.874886,-0.160845,0.114991,-0.956880,-0.097557,-0.099098,0.001982,0.411309,2.000000
-2.113060,-0.725706,0.576510,-1.102760,-0.097557,-0.099098,0.001982,-0.058216,1.000000
0.436118,-0.160845,0.922650,0.064290,-0.097557,-0.099098,0.175003,-0.527741,1.000000
-1.457560,0.484710,0.576510,-0.592176,-0.097557,-0.099098,0.001982,-0.527741,1.000000
-2.185890,0.807488,-0.000389,0.210172,-0.097557,-0.099098,0.175003,-0.527741,4.000000
-0.729219,-0.887095,1.153410,-0.227473,-0.097557,-0.099098,0.348023,0.317404,2.000000
0.290451,0.081238,0.691890,-0.810999,-0.097557,-0.099098,0.694064,0.317404,1.000000
1.382950,0.807488,-0.000389,0.356053,-0.097557,-0.099098,0.867085,-0.527741,1.000000
0.363284,0.081238,0.461131,-0.446295,-0.097557,-0.099098,1.040110,-0.527741,1.000000
0.800286,2.098600,-2.307990,-0.738058,-0.097557,-0.099098,-0.863121,1.256450,4.000000
-0.365051,0.484710,0.114991,2.763100,-0.097557,-0.099098,0.694064,-0.527741,3.000000
0.071950,-0.645011,0.691890,0.866638,-0.097557,-0.099098,-0.690100,-0.527741,3.000000
0.581785,-0.160845,0.114991,1.523100,-0.097557,-0.099098,0.867085,-0.527741,2.000000
0.436118,-0.483623,0.691890,-0.519236,-0.097557,-0.099098,0.694064,-0.527741,1.000000
-0.510719,-1.371260,1.961070,-1.029820,-0.097557,-0.099098,-1.209160,-0.433836,1.000000
-0.437885,-0.806400,0.345751,-0.519236,-0.097557,-0.099098,-0.344059,-0.058216,1.000000
-0.219384,0.404016,0.807270,-0.665117,-0.097557,-0.099098,0.348023,3.604080,2.000000
-1.603220,-1.048480,1.268790,-1.248640,-0.097557,-0.099098,0.348023,2.571130,2.000000
3.203790,0.807488,-1.961850,1.668990,-0.097557,-0.099098,0.694064,-0.527741,5.000000
0.144784,0.968876,0.461131,-0.519236,-0.097557,-0.099098,0.001982,-0.527741,3.000000
-0.000883,-1.129180,0.345751,1.085460,-0.097557,-0.099098,0.867085,0.786930,1.000000
-0.146551,-0.241539,0.461131,2.106630,-0.097557,-0.099098,0.175003,3.510180,3.000000
-1.676060,-0.725706,-3.000260,-0.446295,-0.097557,-0.099098,-0.171039,-0.527741,4.000000
0.363284,-0.080151,-0.000389,1.450160,-0.097557,-0.099098,0.348023,-0.246026,3.000000
0.217617,-0.160845,0.114991,-0.592176,-0.097557,-0.099098,0.348023,-0.058216,1.000000
0.800286,0.404016,0.114991,-0.008651,-0.097557,-0.099098,0.348023,-0.527741,1.000000
-0.802053,-0.322234,-1.961850,-0.592176,-0.097557,-0.099098,0.521044,-0.527741,4.000000
0.144784,-1.532650,0.691890,-0.738058,-0.097557,-0.099098,0.867085,-0.527741,2.000000
-0.729219,-0.564317,-0.115769,-0.665117,-0.097557,-0.099098,0.175003,0.786930,2.000000
0.508952,0.726793,-0.692668,-0.738058,-0.097557,-0.099098,0.348023,-0.527741,5.000000
1.237290,0.081238,0.345751,0.137231,-0.097557,-0.099098,0.175003,-0.527741,3.000000
-0.510719,-0.402928,-1.500330,-1.029820,-0.097557,-0.099098,-0.344059,-0.527741,4.000000
-0.656386,0.161933,0.114991,-0.300414,-0.097557,-0.099098,0.348023,1.538170,2.000000
-0.802053,-0.483623,-2.538750,-1.029820,-0.097557,-0.099098,-0.690100,-0.058216,4.000000
-1.384720,-0.402928,-0.000389,-0.665117,-0.097557,-0.099098,-0.171039,-0.527741,1.000000
-0.583552,-1.451960,-0.000389,-0.373354,-0.097557,-0.099098,0.175003,-0.527741,2.000000
-1.821720,-0.806400,0.230371,-0.810999,-0.097557,-0.099098,1.040110,0.035689,2.000000
-1.166220,-1.209870,1.268790,-0.519236,-0.097557,-0.099098,0.348023,-0.246026,2.000000
0.800286,-0.322234,0.461131,-1.102760,-0.097557,-0.099098,-0.517080,-0.527741,1.000000
-1.020550,-0.887095,0.461131,-0.738058,-0.097557,-0.099098,0.001982,0.035689,2.000000
-0.000883,-0.080151,-0.461908,-0.300414,-0.097557,-0.099098,0.521044,-0.246026,1.000000
-0.947720,-1.048480,0.114991,0.866638,-0.097557,-0.099098,-1.036140,-0.527741,1.000000
0.290451,-0.160845,-0.692668,-1.321580,-0.097557,-0.099098,0.348023,-0.058216,1.000000
0.290451,-0.645011,-1.038810,-0.738058,-0.097557,-0.099098,0.348023,-0.527741,5.000000
-1.676060,0.484710,-2.307990,-0.883939,-0.097557,-0.099098,0.348023,1.068640,4.000000
-1.821720,-0.160845,-0.577288,0.428994,-0.097557,-0.099098,-1.728220,-0.527741,1.000000
1.091620,0.242627,0.576510,1.887810,-0.097557,-0.099098,-0.517080,-0.058216,3.000000
-0.146551,-2.178200,0.807270,0.064290,-0.097557,-0.099098,-0.344059,1.819890,2.000000
2.111290,0.968876,-1.731090,0.647816,-0.097557,-0.099098,1.732190,0.035689,5.000000
0.290451,0.000544,0.114991,-0.008651,-0.097557,-0.099098,0.348023,-0.527741,1.000000
0.436118,0.726793,0.345751,-0.738058,-0.097557,-0.099098,-4.496550,1.350360,2.000000
-0.729219,1.291650,-1.846470,-0.373354,-0.097557,-0.099098,0.348023,-0.152121,2.000000
-0.656386,-0.160845,-1.384950,-0.956880,-0.097557,-0.099098,0.175003,0.693024,4.000000
-1.603220,-1.855430,-0.000389,-0.883939,-0.097557,-0.099098,0.001982,0.035689,1.000000
0.508952,-0.241539,1.153410,-0.592176,-0.097557,-0.099098,0.175003,-0.527741,1.000000
-1.894560,-1.290570,2.191830,-0.592176,-0.097557,-0.099098,0.348023,-0.527741,1.000000
-0.947720,0.081238,-1.269570,-0.592176,-0.097557,-0.099098,0.175003,-0.058216,4.000000
-0.292218,-0.322234,0.691890,-1.029820,-0.097557,-0.099098,0.867085,-0.527741,3.000000
-0.583552,-0.080151,-0.115769,0.720757,-0.097557,-0.099098,1.213130,-0.152121,3.000000
0.436118,0.323321,1.038030,-0.883939,-0.097557,-0.099098,0.348023,-0.058216,2.000000
-0.802053,0.646099,-0.000389,-0.008651,-0.097557,-0.099098,0.694064,2.946750,4.000000
2.184120,1.533740,0.345751,0.501934,-0.097557,-0.099098,0.175003,-0.527741,5.000000
-1.239050,-1.774730,0.230371,-0.810999,-0.097557,-0.099098,0.175003,5.482180,2.000000
0.217617,-0.483623,0.114991,0.501934,-0.097557,-0.099098,0.867085,-0.527741,1.000000
0.654619,0.646099,0.691890,-0.373354,-0.097557,-0.099098,0.694064,0.505214,2.000000
0.217617,-0.160845,-0.577288,1.304280,-0.097557,-0.099098,-0.171039,-0.058216,3.000000
-0.437885,0.081238,-1.500330,-0.810999,-0.097557,-0.099098,0.175003,-0.527741,4.000000
-1.166220,-1.532650,1.153410,0.793697,-0.097557,-0.099098,0.001982,0.223499,2.000000
0.144784,-0.402928,0.345751,0.574875,-0.097557,-0.099098,0.348023,1.538170,1.000000
-1.020550,-2.097510,-0.115769,-0.738058,-0.097557,-0.099098,0.175003,-0.527741,2.000000
0.071950,1.049570,-2.307990,0.647816,-0.097557,-0.099098,0.521044,-0.058216,4.000000
0.071950,-0.806400,-0.000389,0.137231,-0.097557,-0.099098,-0.344059,-0.058216,1.000000
-0.073717,0.807488,-0.808048,2.179570,-0.097557,-0.099098,-2.420310,-0.527741,3.000000
-0.437885,-1.290570,0.576510,-0.592176,-0.097557,-0.099098,0.348023,-0.527741,1.000000
0.363284,-0.967789,1.614930,1.158400,-0.097557,-0.099098,-0.517080,-0.527741,3.000000
-0.365051,0.323321,0.461131,2.617220,-0.097557,-0.099098,0.521044,-0.527741,3.000000
1.018790,0.565405,0.807270,0.064290,-0.097557,-0.099098,-2.247290,-0.527741,1.000000
-1.166220,-1.209870,0.922650,-0.446295,-0.097557,-0.099098,-0.690100,0.411309,2.000000
0.581785,0.081238,0.691890,-0.738058,-0.097557,-0.099098,-2.766350,-0.527741,2.000000
-0.000883,0.968876,0.461131,2.908980,-0.097557,-0.099098,-0.171039,-0.527741,3.000000
-0.073717,-0.241539,0.345751,-0.738058,-0.097557,-0.099098,-0.344059,-0.058216,2.000000
2.038460,1.049570,0.345751,-0.956880,-0.097557,-0.099098,0.694064,-0.527741,5.000000
-0.656386,-1.209870,1.153410,-0.300414,-0.097557,-0.099098,1.040110,4.824850,1.000000
-1.603220,0.646099,-3.346400,-0.956880,-0.097557,-0.099098,0.175003,-0.527741,4.000000
-0.365051,-0.967789,1.614930,-0.883939,-0.097557,-0.099098,0.694064,-0.527741,3.000000
-0.729219,0.242627,1.268790,-0.373354,-0.097557,-0.099098,-0.344059,0.505214,2.000000
0.654619,0.242627,-0.808048,1.304280,-0.097557,-0.099098,0.001982,-0.527741,3.000000
-1.967390,-1.048480,-2.077230,-0.956880,-0.097557,-0.099098,0.521044,-0.527741,3.000000
1.237290,0.081238,0.461131,-0.373354,-0.097557,-0.099098,-1.209160,0.223499,3.000000
1.164450,0.323321,-0.115769,-0.738058,-0.097557,-0.099098,0.694064,0.786930,2.000000
-0.000883,0.323321,-0.231148,2.836040,-0.097557,-0.099098,0.521044,-0.527741,3.000000
-0.874886,-1.451960,1.614930,1.085460,-0.097557,-0.099098,-1.036140,-1.560700,1.000000
-0.292218,-0.080151,0.576510,-0.592176,-0.097557,-0.099098,1.040110,-0.527741,2.000000
0.654619,1.614430,-0.461908,-0.519236,-0.097557,-0.099098,0.694064,1.538170,1.000000
-1.239050,-0.322234,1.153410,-0.592176,-0.097557,-0.099098,0.175003,-0.152121,2.000000
-0.365051,-1.129180,-0.000389,-0.519236,-0.097557,-0.099098,0.521044,3.979700,2.000000
-0.656386,0.081238,0.922650,-0.810999,-0.097557,-0.099098,-0.863121,-0.058216,1.000000
-0.365051,1.291650,-1.269570,-1.102760,-0.097557,-0.099098,0.694064,-0.527741,4.000000
-1.748890,-1.613340,-1.500330,-0.810999,-0.097557,-0.099098,0.521044,-0.246026,4.000000
-0.073717,-0.160845,-0.461908,2.690160,-0.097557,-0.099098,0.348023,-0.527741,3.000000
-1.093390,1.291650,-0.115769,-0.373354,-0.097557,-0.099098,0.694064,-0.246026,1.000000
-1.093390,-0.806400,-0.692668,-0.081591,-0.097557,-0.099098,0.521044,2.758940,2.000000
-0.656386,-0.564317,-0.000389,0.137231,-0.097557,-0.099098,0.001982,-0.527741,1.000000
-1.894560,-0.725706,-0.346528,-0.738058,-0.097557,-0.099098,0.175003,0.974740,2.000000
-1.967390,-1.290570,-1.038810,0.137231,-0.097557,-0.099098,0.001982,-0.058216,2.000000
0.363284,0.000544,1.845690,0.720757,-0.097557,-0.099098,-0.171039,-0.527741,3.000000
2.184120,-0.322234,-0.000389,-0.810999,-0.097557,-0.099098,0.521044,-0.527741,1.000000
-0.437885,-0.483623,-0.115769,-0.810999,-0.097557,-0.099098,-0.690100,-0.058216,2.000000
0.508952,0.888182,0.576510,2.981920,-0.097557,-0.099098,-0.344059,-0.527741,3.000000
0.508952,0.726793,-0.115769,4.367790,-0.097557,-0.099098,-0.517080,-0.527741,2.000000
-0.583552,-0.645011,0.576510,0.356053,-0.097557,-0.099098,-1.209160,-0.527741,2.000000
-1.821720,-1.209870,-3.231020,-0.592176,-0.097557,-0.099098,-0.690100,-0.527741,4.000000
-0.437885,0.242627,0.230371,0.793697,-0.097557,-0.099098,0.001982,-0.527741,2.000000
-0.146551,0.888182,0.807270,-0.665117,-0.097557,-0.099098,-0.863121,-0.527741,1.000000
0.436118,-0.160845,-0.000389,-0.665117,-0.097557,-0.099098,0.175003,-0.152121,1.000000
0.363284,-0.725706,0.691890,-0.373354,-0.097557,-0.099098,0.348023,-0.527741,1.000000
-0.292218,-1.451960,0.922650,-0.665117,-0.097557,-0.099098,1.905210,-0.246026,2.000000
0.071950,0.484710,1.384170,-0.154532,-0.097557,-0.099098,0.348023,2.195510,2.000000
-1.093390,-0.483623,0.461131,-0.008651,-0.097557,-0.099098,0.348023,-0.152121,2.000000
-0.510719,-1.451960,-0.000389,0.210172,-0.097557,-0.099098,0.001982,-0.527741,3.000000
-0.219384,-0.887095,1.038030,-0.810999,-0.097557,-0.099098,1.213130,-0.527741,1.000000
0.654619,0.565405,-0.808048,-0.008651,-0.097557,-0.099098,0.175003,-0.527741,3.000000
0.436118,-0.322234,0.114991,-0.081591,-0.097557,-0.099098,0.694064,-0.527741,1.000000
-1.603220,-0.160845,-1.615710,-0.738058,-0.097557,-0.099098,0.521044,-0.527741,4.000000
-0.947720,-1.290570,0.922650,-0.154532,-0.097557,-0.099098,-1.036140,-0.903362,2.000000
-1.166220,0.323321,0.461131,-0.956880,-0.097557,-0.099098,0.348023,-0.527741,1.000000
0.727452,-0.322234,0.114991,-1.175700,-0.097557,-0.099098,-0.344059,0.317404,1.000000
0.144784,-0.080151,0.807270,2.252510,-0.097557,-0.099098,0.175003,-0.527741,2.000000
-0.510719,-0.725706,-1.500330,-0.592176,-0.097557,-0.099098,0.694064,0.317404,4.000000
0.508952,0.081238,0.345751,-0.592176,-0.097557,-0.099098,1.040110,-0.246026,2.000000
-0.000883,-0.080151,1.038030,1.523100,-0.097557,-0.099098,-0.171039,0.786930,3.000000
0.873120,0.807488,0.461131,-0.300414,-0.097557,-0.099098,0.694064,-0.058216,1.000000
-0.656386,0.726793,1.730310,-0.883939,-0.097557,-0.099098,-0.171039,0.505214,2.000000
0.508952,0.565405,-0.692668,0.793697,-0.097557,-0.099098,0.348023,-0.246026,3.000000
-0.583552,-1.532650,1.384170,-1.029820,-0.097557,-0.099098,-1.728220,-0.527741,3.000000
-0.146551,0.000544,0.691890,-1.102760,-0.097557,-0.099098,-2.939370,-0.527741,1.000000
1.091620,1.291650,-1.500330,-1.029820,-0.097557,-0.099098,0.348023,-0.058216,4.000000
-0.219384,0.726793,-1.500330,0.356053,-0.097557,-0.099098,0.175003,0.786930,2.000000
1.310120,0.000544,-0.808048,0.064290,-0.097557,-0.099098,1.905210,-0.527741,5.000000
0.945953,0.484710,0.230371,-0.373354,-0.097557,-0.099098,0.001982,-0.527741,1.000000
0.144784,1.210960,-1.615710,-0.008651,-0.097557,-0.099098,-1.036140,-0.527741,4.000000
0.217617,-1.532650,0.922650,0.939579,-0.097557,-0.099098,-0.517080,0.880835,2.000000
-0.073717,0.404016,-1.731090,-0.227473,-0.097557,-0.099098,1.213130,-0.527741,4.000000
1.091620,1.210960,0.230371,-0.738058,-0.097557,-0.099098,1.732190,-0.527741,1.000000
1.382950,0.323321,0.576510,-0.227473,-0.097557,-0.099098,3.981460,-0.527741,1.000000
-0.437885,-0.402928,0.345751,-0.519236,-0.097557,-0.099098,-1.555200,0.035689,2.000000
-0.073717,-1.532650,-1.846470,-0.956880,-0.097557,-0.099098,0.348023,-0.527741,4.000000
0.071950,-0.160845,0.114991,-0.519236,-0.097557,-0.099098,0.175003,-0.058216,1.000000
-1.821720,-1.936120,0.345751,-0.665117,-0.097557,-0.099098,-0.863121,-0.527741,1.000000
0.436118,-0.725706,0.922650,-0.373354,-0.097557,-0.099098,-1.382180,-0.527741,1.000000
-0.292218,-0.967789,-0.346528,-0.300414,-0.097557,-0.099098,0.348023,-0.058216,3.000000
-0.000883,-0.402928,0.345751,-0.373354,-0.097557,-0.099098,-3.804470,-0.527741,2.000000
-0.292218,-0.564317,-0.115769,3.857210,-0.097557,-0.099098,-0.171039,3.322370,2.000000
0.290451,0.161933,1.499550,0.793697,-0.097557,-0.099098,-0.690100,-0.527741,3.000000
-1.676060,-0.887095,1.845690,-1.102760,-0.097557,-0.099098,-1.036140,-0.527741,3.000000
-0.219384,0.242627,-0.231148,1.814870,-0.097557,-0.099098,0.694064,-0.527741,3.000000
-0.292218,-0.160845,-1.384950,-0.300414,-0.097557,-0.099098,-1.901240,1.632080,4.000000
-1.311890,-0.483623,0.461131,-0.373354,-0.097557,-0.099098,-1.728220,-0.809457,1.000000
-0.000883,0.242627,-0.577288,1.304280,-0.097557,-0.099098,-0.171039,-0.527741,3.000000
-1.457560,-1.613340,-0.461908,0.428994,-0.097557,-0.099098,-0.863121,-0.527741,2.000000
0.217617,-0.402928,0.345751,-0.592176,-0.097557,-0.099098,-1.382180,-0.527741,1.000000
-0.802053,-1.290570,2.076450,0.283112,-0.097557,-0.099098,0.001982,0.129594,2.000000
1.819960,1.372350,0.114991,0.210172,-0.097557,-0.099098,0.348023,0.786930,3.000000
-0.510719,-2.258900,3.345630,3.857210,-0.097557,-0.099098,-4.842590,-2.593650,1.000000
-0.583552,0.081238,-1.961850,-0.738058,-0.097557,-0.099098,0.694064,-0.527741,4.000000
-0.073717,0.404016,-1.038810,-0.519236,-0.097557,-0.099098,-0.344059,0.317404,4.000000
0.290451,-0.483623,-1.384950,-0.300414,-0.097557,-0.099098,0.694064,0.223499,4.000000
1.310120,0.000544,0.576510,2.836040,-0.097557,-0.099098,-0.690100,0.317404,3.000000
0.290451,-1.209870,0.576510,-0.519236,-0.097557,-0.099098,-3.458430,-0.527741,1.000000
0.144784,-0.402928,-0.577288,-0.956880,-0.097557,-0.099098,-0.344059,-0.527741,2.000000
-1.239050,-0.645011,0.576510,-0.227473,-0.097557,-0.099098,0.348023,1.444260,2.000000
-0.729219,-1.613340,0.807270,-0.956880,-0.097557,-0.099098,-0.690100,-0.527741,2.000000
0.727452,0.726793,-0.346528,1.523100,-0.097557,-0.099098,0.521044,-0.527741,3.000000
1.237290,1.453040,-0.461908,0.210172,-0.097557,-0.099098,-0.690100,-0.527741,3.000000
-0.437885,0.081238,-0.231148,0.866638,-0.097557,-0.099098,0.348023,-0.527741,1.000000
-0.000883,-0.645011,0.807270,1.668990,-0.097557,-0.099098,-0.344059,-0.058216,2.000000
-0.146551,-0.725706,0.461131,0.939579,-0.097557,-0.099098,0.175003,-0.527741,2.000000
-0.073717,-0.322234,0.461131,-0.592176,-0.097557,-0.099098,-2.593330,-0.527741,1.000000
-0.656386,-0.887095,1.268790,-0.665117,-0.097557,-0.099098,0.001982,3.134560,2.000000
1.018790,2.098600,0.114991,-0.592176,-0.097557,-0.099098,-0.690100,-0.527741,2.000000
-1.093390,-0.725706,0.345751,0.064290,-0.097557,-0.099098,-0.517080,0.129594,2.000000
-0.874886,-0.645011,-2.192610,0.647816,-0.097557,-0.099098,0.348023,-0.527741,4.000000
0.654619,0.404016,0.807270,-0.592176,-0.097557,-0.099098,0.175003,-0.527741,1.000000
-1.093390,-0.241539,0.345751,-0.519236,-0.097557,-0.099098,-0.344059,-0.527741,1.000000
-0.656386,-0.080151,0.922650,-0.300414,-0.097557,-0.099098,0.348023,-0.527741,3.000000
0.581785,-0.160845,0.691890,-1.029820,-0.097557,-0.099098,-0.690100,-0.246026,2.000000
-1.311890,-1.129180,-1.846470,-0.519236,-0.097557,-0.099098,0.867085,-0.152121,4.000000
-0.947720,0.404016,0.230371,-0.956880,-0.097557,-0.099098,-1.382180,4.918750,1.000000
-0.073717,0.968876,1.730310,-0.592176,-0.097557,-0.099098,-0.690100,1.444260,2.000000
-1.166220,-1.129180,0.461131,-1.102760,-0.097557,-0.099098,-2.420310,-0.621646,2.000000
-0.510719,0.161933,0.345751,1.887810,10.243500,-0.099098,-0.171039,-0.527741,1.000000
-0.219384,1.210960,0.461131,2.617220,-0.097557,-0.099098,0.521044,0.786930,3.000000
-0.729219,0.484710,0.345751,-0.810999,-0.097557,-0.099098,-0.171039,-0.527741,1.000000
-1.020550,-0.322234,-0.808048,-0.519236,-0.097557,-0.099098,-0.344059,-0.527741,4.000000
-0.219384,0.323321,-1.500330,-0.883939,-0.097557,-0.099098,0.001982,-0.527741,4.000000
0.727452,1.453040,-2.307990,0.064290,-0.097557,-0.099098,0.867085,-0.527741,4.000000
-1.821720,-0.806400,0.114991,-0.592176,-0.097557,-0.099098,0.001982,-0.058216,1.000000
-0.437885,0.484710,0.230371,-0.592176,-0.097557,-0.099098,0.001982,-1.560700,1.000000
-0.292218,0.323321,2.422590,-0.810999,-0.097557,-0.099098,1.559170,-0.527741,3.000000
-0.073717,-0.402928,0.345751,-0.738058,-0.097557,-0.099098,-0.171039,0.317404,1.000000
-0.729219,-0.402928,0.807270,-0.592176,-0.097557,-0.099098,1.040110,-0.152121,1.000000
-1.239050,-0.564317,1.614930,-0.738058,-0.097557,-0.099098,0.348023,2.289410,2.000000
-1.676060,-1.129180,1.153410,0.501934,-0.097557,-0.099098,-2.247290,0.317404,2.000000
-0.583552,-0.645011,-0.923428,-0.446295,-0.097557,-0.099098,-0.171039,-0.527741,4.000000
0.727452,-0.806400,1.038030,-0.592176,-0.097557,-0.099098,-0.344059,-0.527741,1.000000
-0.073717,0.807488,-2.307990,0.574875,-0.097557,-0.099098,0.001982,1.444260,4.000000
2.693960,-0.241539,1.153410,1.523100,-0.097557,-0.099098,1.559170,-0.527741,2.000000
0.290451,0.161933,0.461131,-0.446295,-0.097557,-0.099098,0.867085,-0.246026,2.000000
-0.292218,0.888182,-1.384950,0.647816,-0.097557,-0.099098,-0.171039,-0.527741,4.000000
0.144784,0.000544,1.153410,-0.446295,-0.097557,-0.099098,0.348023,-0.527741,1.000000
0.727452,0.081238,0.230371,1.377220,-0.097557,-0.099098,0.001982,-0.058216,3.000000
0.071950,-0.160845,0.114991,-0.008651,-0.097557,-0.099098,0.175003,-0.058216,1.000000
0.508952,0.807488,0.461131,-0.665117,-0.097557,-0.099098,0.348023,-0.527741,3.000000
1.601460,0.081238,0.230371,-1.321580,-0.097557,-0.099098,0.694064,-0.527741,2.000000
-0.000883,0.404016,0.230371,-0.738058,-0.097557,-0.099098,0.175003,0.317404,1.000000
-0.874886,-1.532650,1.038030,-0.519236,-0.097557,-0.099098,-0.690100,-0.527741,3.000000
0.144784,-0.564317,1.268790,-0.300414,-0.097557,-0.099098,-0.863121,-0.527741,1.000000
1.164450,0.323321,0.345751,-0.665117,-0.097557,-0.099098,0.694064,-0.527741,1.000000
-0.219384,0.161933,0.461131,-0.081591,-0.097557,-0.099098,0.694064,0.129594,3.000000
-0.146551,-0.241539,1.038030,1.085460,-0.097557,-0.099098,1.040110,-0.058216,2.000000
0.144784,2.017900,-1.500330,-0.883939,-0.097557,-0.099098,-0.690100,-0.527741,4.000000
-1.093390,-1.694040,-0.461908,-0.883939,-0.097557,-0.099098,0.694064,3.604080,2.000000
0.144784,-0.322234,-1.846470,-0.446295,-0.097557,-0.099098,0.175003,-0.246026,4.000000
-0.510719,-0.887095,0.114991,0.137231,-0.097557,-0.099098,-1.728220,-0.527741,2.000000
-2.040220,0.242627,-1.615710,-0.300414,-0.097557,-0.099098,0.694064,0.317404,4.000000
-0.874886,-0.645011,-0.000389,-0.519236,-0.097557,-0.099098,-1.036140,-0.527741,1.000000
-0.365051,0.646099,-0.231148,2.981920,-0.097557,-0.099098,0.348023,-0.527741,3.000000
0.217617,0.726793,-0.231148,-0.883939,-0.097557,-0.099098,0.175003,-0.527741,1.000000
1.382950,-0.160845,-1.384950,-0.810999,-0.097557,-0.099098,0.867085,-0.527741,5.000000
-0.365051,-0.322234,1.268790,-0.446295,-0.097557,-0.099098,2.078230,-0.527741,1.000000
-2.404390,-0.967789,-0.577288,-1.248640,-0.097557,-0.099098,0.694064,-0.058216,2.000000
0.144784,0.404016,-1.269570,-1.248640,10.243500,-0.099098,0.867085,-0.246026,4.000000
-0.000883,0.161933,0.114991,-0.300414,-0.097557,-0.099098,-0.690100,0.880835,1.000000
-0.947720,-1.371260,-0.000389,-1.029820,-0.097557,-0.099098,0.175003,2.477220,1.000000
-0.947720,-1.613340,1.384170,1.231340,-0.097557,-0.099098,-1.036140,1.068640,1.000000
-0.510719,0.565405,0.345751,-0.738058,-0.097557,-0.099098,0.694064,-0.527741,1.000000
-0.802053,-1.774730,0.461131,-0.883939,-0.097557,-0.099098,1.559170,-0.527741,3.000000
-0.947720,-0.483623,1.614930,1.596050,-0.097557,-0.099098,-2.420310,-0.058216,1.000000
0.581785,-0.080151,-0.000389,1.085460,-0.097557,-0.099098,1.213130,-0.527741,3.000000
-1.603220,0.081238,0.576510,-1.102760,-0.097557,-0.099098,-0.690100,-0.527741,2.000000
-0.510719,-0.887095,0.461131,-0.373354,-0.097557,-0.099098,0.521044,-0.058216,2.000000
0.654619,0.323321,0.345751,-0.883939,-0.097557,-0.099098,-0.344059,-0.527741,1.000000
-0.510719,-0.887095,1.038030,-0.956880,-0.097557,-0.099098,-1.555200,1.444260,2.000000
0.217617,-0.806400,0.807270,-1.029820,-0.097557,-0.099098,0.521044,0.411309,2.000000
-0.802053,0.646099,-0.000389,-1.175700,-0.097557,-0.099098,0.175003,-0.246026,1.000000
-0.073717,-0.322234,-1.846470,-0.373354,-0.097557,-0.099098,0.867085,-0.527741,4.000000
-1.530390,-0.806400,-0.000389,-0.738058,-0.097557,-0.099098,0.175003,0.599119,2.000000
-0.583552,-1.048480,0.461131,-0.665117,-0.097557,-0.099098,0.175003,-0.527741,1.000000
1.310120,-0.887095,-0.000389,-0.810999,-0.097557,-0.099098,-0.344059,0.880835,2.000000
-0.000883,-0.402928,0.230371,-0.592176,-0.097557,-0.099098,0.348023,-0.527741,1.000000
-0.219384,0.000544,-0.346528,-0.300414,-0.097557,-0.099098,0.521044,1.632080,2.000000
-1.020550,-0.967789,0.691890,1.304280,-0.097557,-0.099098,-0.344059,-0.527741,3.000000
-0.802053,2.502070,-1.731090,0.137231,-0.097557,-0.099098,0.175003,1.632080,4.000000
-0.365051,0.081238,-0.000389,-0.738058,-0.097557,-0.099098,0.348023,6.796850,2.000000
-0.000883,-0.322234,-0.923428,0.428994,-0.097557,-0.099098,1.040110,2.571130,4.000000
-1.093390,-0.806400,0.345751,-0.592176,-0.097557,-0.099098,-1.382180,0.974740,1.000000
-0.219384,0.000544,0.576510,-0.519236,-0.097557,-0.099098,2.078230,-0.527741,1.000000
0.945953,1.130270,-0.115769,-0.446295,-0.097557,-0.099098,0.348023,-0.246026,1.000000
0.581785,-0.967789,-1.154190,-0.373354,-0.097557,-0.099098,0.001982,-0.527741,1.000000
-1.166220,0.323321,-0.000389,-0.373354,-0.097557,-0.099098,0.694064,0.317404,1.000000
-0.874886,-0.402928,-1.500330,-0.519236,-0.097557,-0.099098,0.348023,0.223499,4.000000
-0.073717,-0.080151,0.230371,-0.592176,-0.097557,-0.099098,0.175003,-0.246026,2.000000
1.091620,1.049570,-0.346528,-0.300414,-0.097557,-0.099098,0.348023,-0.058216,1.000000
0.071950,0.484710,0.114991,1.158400,-0.097557,-0.099098,0.521044,0.786930,3.000000
0.508952,-1.209870,-0.000389,1.231340,-0.097557,-0.099098,0.521044,-0.527741,1.000000
-1.457560,-0.402928,0.576510,-0.519236,-0.097557,-0.099098,0.521044,1.162550,1.000000
0.363284,2.340680,-0.577288,-0.081591,-0.097557,-0.099098,0.175003,-0.527741,2.000000
0.727452,0.565405,1.614930,1.887810,-0.097557,-0.099098,-0.517080,0.035689,3.000000
-0.874886,-0.483623,0.576510,1.304280,-0.097557,-0.099098,-0.517080,2.195510,2.000000
0.071950,-1.290570,-0.000389,-0.519236,-0.097557,-0.099098,0.001982,-0.527741,2.000000
-0.219384,-0.241539,0.922650,-0.738058,-0.097557,-0.099098,-0.171039,0.035689,1.000000
0.290451,1.130270,-1.154190,2.179570,-0.097557,-0.099098,0.175003,-0.527741,3.000000
-1.020550,0.000544,-1.269570,-0.227473,-0.097557,-0.099098,0.001982,-0.527741,4.000000
-1.384720,-1.532650,0.691890,0.501934,-0.097557,-0.099098,0.348023,0.505214,2.000000
-0.292218,-0.645011,0.114991,-0.738058,-0.097557,-0.099098,1.040110,-0.527741,1.000000
0.071950,0.242627,0.576510,-0.883939,-0.097557,-0.099098,0.175003,-0.527741,1.000000
0.217617,0.484710,-0.115769,1.450160,-0.097557,-0.099098,0.348023,-0.527741,3.000000
-0.073717,0.807488,0.461131,0.647816,-0.097557,-0.099098,0.521044,1.725980,2.000000
-0.437885,-0.645011,1.153410,-0.373354,-0.097557,-0.099098,1.213130,-0.527741,1.000000
-0.583552,0.646099,-1.038810,2.836040,-0.097557,-0.099098,-0.690100,-0.152121,3.000000
-1.457560,0.000544,-0.346528,-1.102760,-0.097557,-0.099098,-0.690100,-0.527741,1.000000
0.363284,1.291650,0.807270,0.428994,-0.097557,-0.099098,1.213130,0.599119,1.000000
-0.292218,-2.904450,-1.615710,-0.373354,-0.097557,-0.099098,0.001982,-0.246026,4.000000
-1.821720,-0.806400,0.461131,-0.738058,-0.097557,-0.099098,-1.209160,-0.527741,1.000000
0.363284,-0.887095,-1.269570,1.523100,-0.097557,-0.099098,0.001982,5.200470,4.000000
-0.874886,-0.645011,-0.346528,-1.029820,-0.097557,-0.099098,-0.517080,2.383320,2.000000
0.217617,-0.564317,-0.346528,-0.810999,-0.097557,-0.099098,1.386150,-0.527741,1.000000
0.654619,0.081238,-0.231148,-1.029820,-0.097557,-0.099098,0.694064,0.317404,1.000000
0.290451,0.565405,0.576510,-0.592176,-0.097557,-0.099098,0.001982,-0.527741,2.000000
-1.311890,-1.129180,-2.538750,0.866638,-0.097557,-0.099098,0.001982,1.162550,4.000000
-1.020550,-1.290570,-0.461908,-0.519236,-0.097557,-0.099098,0.348023,-0.527741,5.000000
0.363284,1.049570,0.461131,-0.738058,-0.097557,-0.099098,-0.863121,-0.058216,1.000000
0.071950,0.726793,0.576510,-0.373354,-0.097557,-0.099098,0.348023,-0.527741,1.000000
-0.437885,0.323321,0.114991,-0.738058,-0.097557,-0.099098,1.386150,-0.527741,1.000000
0.727452,0.484710,-0.346528,-0.446295,-0.097557,-0.099098,0.001982,0.974740,2.000000
0.581785,-0.241539,0.461131,-1.102760,-0.097557,-0.099098,0.175003,-0.152121,2.000000
0.217617,-2.016820,1.038030,0.064290,-0.097557,-0.099098,-0.863121,-0.152121,2.000000
-1.384720,0.807488,1.730310,-0.592176,-0.097557,-0.099098,-0.690100,-0.527741,2.000000
-0.219384,0.000544,1.153410,2.690160,-0.097557,-0.099098,-2.074270,-1.091170,1.000000
0.508952,-1.048480,-0.808048,0.064290,-0.097557,-0.099098,0.521044,0.035689,2.000000
2.111290,0.484710,0.345751,-0.519236,-0.097557,-0.099098,-0.517080,0.693024,1.000000
0.144784,-1.048480,-0.231148,-0.956880,-0.097557,-0.099098,0.867085,-0.527741,2.000000
-1.239050,-0.080151,-0.461908,-0.300414,-0.097557,-0.099098,0.521044,0.505214,4.000000
0.508952,-0.725706,1.038030,-0.154532,-0.097557,-0.099098,-1.728220,-0.527741,1.000000
-1.967390,-2.420290,0.345751,-0.446295,-0.097557,-0.099098,-1.036140,-0.527741,2.000000
-0.510719,2.663460,0.576510,-0.446295,-0.097557,-0.099098,-0.517080,1.162550,2.000000
-0.802053,-0.483623,0.461131,-0.154532,-0.097557,-0.099098,0.175003,2.007700,2.000000
-1.311890,-0.241539,0.576510,-1.029820,-0.097557,-0.099098,0.348023,-0.527741,1.000000
-0.656386,0.242627,-1.038810,-0.810999,-0.097557,-0.099098,0.694064,-0.246026,2.000000
-2.185890,-1.290570,-1.961850,-1.175700,-0.097557,-0.099098,-0.344059,0.317404,4.000000
-0.729219,-0.806400,-0.692668,0.793697,-0.097557,-0.099098,0.521044,-0.246026,2.000000
-0.365051,1.210960,0.114991,-0.665117,-0.097557,-0.099098,-0.171039,-0.527741,2.000000
-1.020550,0.484710,0.230371,-0.592176,-0.097557,-0.099098,-0.863121,-1.091170,1.000000
0.436118,1.049570,0.230371,-0.446295,-0.097557,-0.099098,-2.766350,-0.152121,2.000000
0.071950,0.081238,-2.077230,0.064290,-0.097557,-0.099098,0.694064,-0.527741,4.000000
-0.146551,-0.887095,-0.115769,-0.592176,-0.097557,-0.099098,0.175003,-0.527741,1.000000
0.800286,-0.967789,0.807270,0.720757,-0.097557,-0.099098,-1.036140,-0.621646,1.000000
-0.146551,-0.564317,-0.577288,-0.665117,-0.097557,-0.099098,-0.344059,0.880835,4.000000
-1.311890,0.565405,-0.000389,-0.810999,-0.097557,-0.099098,0.521044,-0.527741,1.000000
2.621130,1.453040,-1.269570,-0.154532,-0.097557,-0.099098,0.694064,-0.527741,5.000000
-1.311890,-0.967789,0.230371,-0.446295,-0.097557,-0.099098,0.348023,0.035689,1.000000
-0.802053,1.210960,0.807270,-0.519236,-0.097557,-0.099098,-1.036140,-0.246026,1.000000
0.071950,0.000544,-0.115769,1.377220,-0.097557,-0.099098,-0.344059,-0.527741,3.000000
0.508952,-0.080151,-0.231148,-0.738058,-0.097557,-0.099098,0.175003,-0.527741,2.000000
-0.219384,1.049570,1.845690,1.377220,-0.097557,-0.099098,-2.247290,-1.560700,3.000000
-1.311890,-0.402928,-0.692668,-0.446295,-0.097557,-0.099098,0.867085,0.505214,2.000000
0.581785,0.242627,-0.000389,1.960750,-0.097557,-0.099098,-0.517080,0.317404,3.000000
-0.437885,0.404016,0.114991,-0.738058,-0.097557,-0.099098,1.732190,-0.527741,1.000000
0.436118,-0.080151,-2.077230,-0.300414,-0.097557,-0.099098,0.001982,-0.527741,5.000000
-0.437885,0.242627,0.345751,0.793697,-0.097557,-0.099098,0.175003,-0.527741,3.000000
-0.729219,-0.241539,-0.231148,-0.592176,-0.097557,-0.099098,-0.690100,-0.527741,1.000000
0.727452,-0.322234,1.038030,-0.738058,-0.097557,-0.099098,-0.171039,-0.527741,3.000000
0.508952,0.646099,0.922650,0.647816,-0.097557,-0.099098,-0.171039,-0.527741,3.000000
-1.676060,0.484710,0.691890,-0.592176,-0.097557,-0.099098,0.348023,-0.527741,1.000000
-0.437885,-1.290570,1.268790,-0.956880,-0.097557,-0.099098,-0.171039,-0.152121,2.000000
-1.384720,-1.532650,0.461131,-0.592176,-0.097557,-0.099098,0.348023,0.129594,2.000000
-0.802053,1.210960,0.807270,-0.519236,-0.097557,-0.099098,-1.209160,-0.246026,1.000000
-0.437885,-0.887095,1.499550,-1.102760,-0.097557,-0.099098,-0.171039,-0.152121,2.000000
-0.000883,-0.322234,1.614930,0.720757,-0.097557,-0.099098,-0.171039,-0.527741,3.000000
-0.146551,-2.662370,-1.500330,0.501934,-0.097557,-0.099098,-1.036140,0.786930,2.000000
0.727452,-0.241539,-0.577288,-0.300414,-0.097557,-0.099098,0.175003,0.129594,1.000000
0.727452,-0.806400,0.230371,1.450160,-0.097557,-0.099098,0.521044,-0.527741,3.000000
1.528620,0.000544,-0.000389,-0.592176,-0.097557,-0.099098,-0.690100,-0.527741,1.000000
-0.073717,-1.532650,-0.808048,-0.154532,-0.097557,-0.099098,0.694064,-0.527741,4.000000
0.071950,0.888182,-0.000389,-0.227473,-0.097557,-0.099098,0.348023,3.134560,2.000000
0.654619,0.646099,-0.346528,2.544270,-0.097557,-0.099098,-1.036140,0.223499,3.000000
1.018790,0.242627,1.038030,-0.883939,-0.097557,-0.099098,0.521044,-0.527741,3.000000
-1.676060,-0.322234,0.230371,-0.665117,-0.097557,-0.099098,-0.171039,1.538170,2.000000
-0.656386,0.161933,-1.038810,-1.102760,-0.097557,-0.099098,0.694064,0.693024,1.000000
-0.583552,-1.451960,1.268790,-0.956880,-0.097557,-0.099098,-6.226760,-0.058216,2.000000
-0.073717,0.484710,-1.500330,-0.446295,-0.097557,-0.099098,0.521044,-0.527741,4.000000
0.071950,0.404016,0.691890,-0.592176,-0.097557,-0.099098,0.001982,0.974740,2.000000
-0.802053,-0.402928,0.345751,-0.592176,-0.097557,-0.099098,0.694064,-0.527741,1.000000
0.363284,0.000544,1.153410,0.356053,-0.097557,-0.099098,-0.690100,-0.058216,3.000000
0.363284,0.726793,-0.346528,2.763100,-0.097557,-0.099098,0.694064,0.505214,3.000000
-0.146551,-0.645011,-0.231148,-0.519236,-0.097557,-0.099098,1.386150,-0.527741,1.000000
-0.510719,0.565405,0.114991,1.668990,-0.097557,-0.099098,-0.344059,-0.527741,3.000000
0.144784,0.323321,-0.000389,-0.373354,-0.097557,-0.099098,-0.344059,0.223499,1.000000
-0.947720,-0.402928,0.345751,-0.883939,-0.097557,-0.099098,-0.171039,-0.527741,2.000000
1.018790,0.968876,-0.115769,-0.810999,-0.097557,-0.099098,0.521044,-0.527741,3.000000
1.164450,-1.048480,1.153410,-0.081591,-0.097557,-0.099098,3.289370,-0.527741,3.000000
-0.292218,0.000544,-0.000389,0.137231,-0.097557,-0.099098,0.001982,0.880835,2.000000
-0.510719,-0.725706,0.114991,0.574875,-0.097557,-0.099098,-0.171039,0.035689,2.000000
-0.510719,-0.645011,0.461131,-0.300414,-0.097557,-0.099098,1.213130,0.505214,2.000000
-0.802053,-0.080151,-2.307990,-0.519236,-0.097557,-0.099098,0.348023,0.317404,4.000000
0.071950,-0.564317,-0.346528,-0.519236,-0.097557,-0.099098,0.348023,0.880835,1.000000
0.144784,0.000544,1.038030,0.356053,-0.097557,-0.099098,0.001982,-0.527741,3.000000
-0.292218,1.695130,-0.231148,1.960750,-0.097557,-0.099098,0.521044,-0.527741,3.000000
-0.510719,-0.322234,-0.000389,-0.373354,-0.097557,-0.099098,-0.171039,0.599119,1.000000
0.071950,-0.806400,0.691890,-0.665117,-0.097557,6.507430,-0.171039,-0.527741,1.000000
-0.292218,0.888182,0.576510,0.210172,-0.097557,-0.099098,-0.171039,-0.527741,3.000000
0.144784,0.000544,0.114991,-0.446295,-0.097557,-0.099098,0.175003,-0.527741,2.000000
0.363284,0.565405,0.114991,-1.394520,-0.097557,-0.099098,0.867085,-0.527741,1.000000
0.508952,-1.694040,1.499550,-0.300414,-0.097557,-0.099098,-0.171039,-0.058216,2.000000
0.217617,0.161933,1.268790,0.647816,-0.097557,-0.099098,0.001982,-0.527741,3.000000
-0.729219,-0.080151,0.345751,-0.227473,-0.097557,-0.099098,-1.036140,-0.152121,2.000000
0.217617,-0.080151,-0.346528,-0.373354,-0.097557,-0.099098,0.521044,-0.527741,1.000000
-0.583552,-1.048480,1.038030,-0.446295,-0.097557,-0.099098,0.348023,0.129594,2.000000
1.601460,-1.048480,1.499550,0.866638,-0.097557,-0.099098,-1.728220,-1.278980,1.000000
2.985290,1.533740,0.807270,1.377220,-0.097557,-0.099098,1.040110,-0.527741,5.000000
-0.583552,-1.774730,-1.961850,-0.227473,-0.097557,-0.099098,-1.901240,-0.152121,4.000000
1.237290,0.565405,-1.615710,-0.519236,-0.097557,-0.099098,1.040110,-0.527741,5.000000
-0.874886,0.484710,-1.384950,-0.738058,-0.097557,-0.099098,0.521044,-0.527741,4.000000
-0.510719,-1.209870,0.230371,1.887810,-0.097557,-0.099098,0.694064,-0.527741,3.000000
-0.146551,-0.483623,0.114991,-0.154532,-0.097557,-0.099098,-0.171039,-0.527741,1.000000
0.436118,-0.564317,0.461131,-0.738058,-0.097557,-0.099098,0.001982,-0.527741,2.000000
-0.729219,-0.402928,0.691890,-0.446295,-0.097557,-0.099098,-0.863121,-0.527741,1.000000
0.144784,-0.241539,0.922650,-0.592176,-0.097557,-0.099098,-2.766350,-1.560700,1.000000
0.581785,0.081238,-0.115769,0.064290,-0.097557,-0.099098,1.213130,0.129594,1.000000
-0.292218,-0.564317,-1.384950,0.501934,-0.097557,-0.099098,-0.344059,0.035689,3.000000
-0.365051,0.323321,-0.115769,0.210172,-0.097557,-0.099098,-0.171039,-0.246026,2.000000
-0.729219,-0.645011,2.422590,-0.373354,-0.097557,-0.099098,0.694064,0.411309,1.000000
0.071950,0.000544,0.461131,-1.102760,-0.097557,-0.099098,1.732190,-0.527741,2.000000
-1.239050,-0.160845,0.576510,-0.738058,-0.097557,-0.099098,0.521044,4.449230,2.000000
0.071950,-0.160845,0.922650,-0.300414,-0.097557,-0.099098,0.001982,0.035689,2.000000
-0.802053,0.404016,-0.231148,0.356053,-0.097557,-0.099098,0.694064,0.129594,1.000000
-0.510719,0.565405,0.345751,1.960750,-0.097557,-0.099098,0.521044,-0.246026,1.000000
0.363284,1.210960,-0.000389,0.137231,-0.097557,-0.099098,0.867085,-0.527741,2.000000
0.727452,0.323321,0.461131,1.960750,-0.097557,-0.099098,0.348023,-0.058216,3.000000
0.290451,0.081238,0.461131,1.887810,-0.097557,-0.099098,-0.517080,-0.246026,3.000000
-0.146551,1.210960,-1.615710,-0.154532,-0.097557,-0.099098,0.694064,0.317404,2.000000
-0.073717,-0.160845,0.114991,-0.373354,-0.097557,-0.099098,0.521044,-0.527741,2.000000
-0.947720,-0.160845,-0.000389,-0.008651,-0.097557,-0.099098,0.348023,1.068640,2.000000
-0.437885,-0.645011,1.384170,-0.883939,-0.097557,-0.099098,0.867085,0.880835,2.000000
0.290451,0.404016,0.691890,-0.883939,-0.097557,-0.099098,0.001982,-0.246026,1.000000
-1.384720,-0.483623,0.345751,-0.227473,-0.097557,-0.099098,0.175003,0.411309,2.000000
1.164450,0.968876,-0.115769,-1.175700,-0.097557,-0.099098,-0.171039,-0.527741,1.000000
0.290451,0.807488,0.807270,-0.665117,-0.097557,-0.099098,-1.036140,-0.527741,2.000000
-1.311890,-1.451960,0.230371,-0.592176,-0.097557,-0.099098,-0.344059,0.599119,1.000000
-1.239050,0.404016,0.114991,1.231340,-0.097557,-0.099098,0.175003,-0.527741,2.000000
0.363284,0.323321,0.691890,-0.300414,-0.097557,-0.099098,0.001982,0.880835,2.000000
0.945953,-0.241539,0.691890,-1.029820,-0.097557,-0.099098,0.001982,-0.527741,3.000000
0.581785,-0.160845,0.691890,-1.175700,-0.097557,-0.099098,-0.690100,-0.246026,2.000000
-0.874886,1.453040,-0.692668,1.377220,-0.097557,-0.099098,0.521044,-0.527741,3.000000
-0.146551,-0.160845,-0.000389,1.523100,-0.097557,-0.099098,0.867085,-0.527741,3.000000
2.402620,0.565405,-0.923428,2.252510,-0.097557,-0.099098,0.001982,0.411309,5.000000
-0.656386,0.161933,0.691890,-0.008651,-0.097557,-0.099098,-0.344059,0.411309,2.000000
0.873120,-0.564317,-0.115769,0.210172,-0.097557,-0.099098,0.001982,-0.058216,1.000000
0.290451,0.565405,0.230371,-0.519236,-0.097557,-0.099098,1.559170,3.697990,2.000000
0.508952,0.081238,0.922650,-0.300414,-0.097557,-0.099098,0.175003,-0.527741,2.000000
0.144784,-0.160845,0.922650,2.106630,-0.097557,-0.099098,-0.344059,-0.527741,1.000000
-1.020550,-0.483623,0.114991,-0.665117,-0.097557,-0.099098,1.732190,-0.809457,2.000000
-1.020550,-0.483623,0.807270,-0.592176,-0.097557,-0.099098,-1.382180,-0.527741,3.000000
0.144784,0.323321,-0.346528,1.668990,-0.097557,-0.099098,0.694064,-0.527741,3.000000
1.382950,0.968876,-0.115769,-1.905110,10.243500,-0.099098,-0.517080,-0.527741,2.000000
-0.073717,0.807488,0.576510,-0.665117,-0.097557,-0.099098,-1.036140,-0.527741,1.000000
0.071950,0.161933,0.922650,-0.665117,-0.097557,-0.099098,-0.517080,0.035689,1.000000
-0.583552,-1.209870,0.461131,-0.592176,-0.097557,-0.099098,1.040110,-0.527741,1.000000
0.436118,0.888182,0.230371,-0.519236,-0.097557,-0.099098,0.348023,0.411309,2.000000
0.581785,0.242627,0.807270,1.450160,-0.097557,-0.099098,0.175003,-0.058216,3.000000
-0.947720,-0.483623,0.114991,2.179570,-0.097557,-0.099098,0.001982,0.974740,2.000000
-0.947720,-0.241539,-0.115769,-1.029820,-0.097557,-0.099098,-0.517080,0.317404,2.000000
-0.802053,-1.613340,0.691890,-1.029820,-0.097557,-0.099098,0.521044,0.974740,2.000000
0.873120,0.646099,0.230371,-0.810999,-0.097557,-0.099098,0.348023,0.129594,1.000000
-0.510719,-0.160845,0.345751,-0.592176,-0.097557,-0.099098,-0.690100,-0.527741,2.000000
-0.073717,0.161933,0.345751,3.200740,-0.097557,-0.099098,0.175003,-0.527741,3.000000
-0.802053,-1.613340,1.499550,-0.446295,-0.097557,-0.099098,-1.209160,1.819890,1.000000
-0.365051,-0.967789,1.038030,-0.592176,-0.097557,-0.099098,-1.036140,1.632080,2.000000
0.290451,1.130270,-0.000389,-0.956880,-0.097557,-0.099098,-0.171039,-0.527741,3.000000
-1.166220,-2.097510,0.114991,-0.810999,-0.097557,-0.099098,0.694064,1.162550,2.000000
-0.365051,2.098600,0.114991,-0.081591,-0.097557,-0.099098,1.559170,-0.527741,1.000000
0.800286,0.000544,1.268790,-0.373354,-0.097557,-0.099098,0.867085,2.477220,1.000000
0.508952,-0.564317,0.230371,0.283112,-0.097557,-0.099098,-2.247290,-1.560700,1.000000
-1.093390,-0.645011,0.691890,0.137231,-0.097557,-0.099098,-0.517080,-0.527741,2.000000
0.508952,0.888182,0.576510,0.064290,-0.097557,-0.099098,-1.036140,-0.621646,3.000000
-1.020550,-0.887095,0.576510,-0.008651,-0.097557,-0.099098,-0.171039,-0.527741,2.000000
0.873120,1.130270,0.691890,-0.446295,-0.097557,-0.099098,-0.344059,0.505214,2.000000
-0.947720,-2.258900,1.614930,0.647816,-0.097557,-0.099098,-0.517080,-0.527741,2.000000
-1.093390,0.807488,-0.346528,-0.956880,-0.097557,-0.099098,0.348023,1.444260,2.000000
-0.802053,4.035260,-1.384950,1.085460,-0.097557,-0.099098,0.001982,-0.058216,3.000000
-0.292218,-0.806400,-1.384950,-0.592176,-0.097557,-0.099098,-0.171039,-0.527741,4.000000
-1.093390,-0.322234,-0.115769,-0.810999,10.243500,-0.099098,0.867085,0.693024,1.000000
0.581785,0.404016,0.230371,-0.300414,-0.097557,-0.099098,-1.036140,-0.527741,3.000000
-0.219384,0.484710,0.114991,-0.446295,-0.097557,-0.099098,0.348023,2.946750,2.000000
-0.729219,1.453040,-0.000389,4.076030,-0.097557,-0.099098,-1.036140,0.786930,3.000000
0.654619,-0.402928,0.922650,-0.373354,-0.097557,-0.099098,-0.171039,-0.527741,3.000000
-0.437885,-1.129180,1.614930,1.377220,-0.097557,-0.099098,0.521044,-1.560700,1.000000
-1.384720,-0.645011,-0.231148,-0.665117,-0.097557,-0.099098,-0.171039,2.383320,2.000000
-1.311890,-0.483623,0.461131,-0.373354,-0.097557,-0.099098,-1.728220,-0.809457,1.000000
-0.365051,-1.855430,-0.000389,0.501934,-0.097557,-0.099098,0.521044,-0.152121,1.000000
-0.146551,0.646099,-0.346528,-0.665117,-0.097557,-0.099098,0.521044,4.355320,1.000000
-0.073717,-0.160845,0.230371,-0.154532,-0.097557,-0.099098,0.001982,-0.527741,1.000000
-0.802053,0.484710,-1.846470,-0.592176,-0.097557,-0.099098,-0.171039,-0.527741,4.000000
-0.729219,0.968876,0.230371,0.356053,-0.097557,-0.099098,-0.171039,0.317404,1.000000
-1.821720,-1.371260,-0.231148,-0.592176,-0.097557,-0.099098,-1.382180,0.505214,2.000000
-0.000883,-1.451960,-0.115769,1.668990,-0.097557,-0.099098,-0.344059,0.411309,3.000000
-0.219384,-0.887095,-0.000389,-1.102760,-0.097557,-0.099098,-0.171039,1.162550,1.000000
-1.311890,-1.694040,-2.423370,-1.321580,-0.097557,-0.099098,0.348023,-0.527741,4.000000
-0.146551,0.161933,-0.115769,0.647816,-0.097557,6.507430,0.175003,-0.527741,3.000000
-0.219384,-0.322234,-0.115769,0.064290,-0.097557,-0.099098,1.559170,-0.527741,1.000000
-0.510719,-1.371260,0.461131,0.793697,-0.097557,-0.099098,-2.074270,-1.091170,1.000000
-0.583552,0.242627,0.807270,-0.665117,-0.097557,-0.099098,-0.171039,-0.527741,1.000000
-1.239050,-0.483623,-0.115769,-1.321580,-0.097557,-0.099098,-0.344059,2.007700,2.000000
-0.874886,-0.806400,-1.269570,-0.519236,-0.097557,-0.099098,-0.690100,3.228460,2.000000
2.038460,2.582760,0.691890,-0.373354,-0.097557,-0.099098,3.289370,-0.527741,1.000000
0.654619,1.372350,0.691890,1.085460,-0.097557,-0.099098,-0.517080,-0.527741,3.000000
-0.510719,0.242627,0.230371,-0.956880,-0.097557,-0.099098,0.867085,-0.527741,1.000000
0.945953,0.242627,0.461131,1.012520,-0.097557,-0.099098,0.001982,-0.527741,3.000000
-0.437885,-1.371260,0.576510,-0.738058,-0.097557,-0.099098,-0.171039,-0.527741,2.000000
-0.365051,0.726793,0.345751,3.492500,-0.097557,-0.099098,-0.517080,-0.246026,3.000000
-0.437885,0.968876,0.345751,0.064290,-0.097557,-0.099098,-0.171039,-0.527741,2.000000
0.945953,1.130270,-0.577288,-0.008651,-0.097557,-0.099098,-1.209160,-0.527741,1.000000
-0.729219,-0.483623,-0.115769,1.523100,-0.097557,-0.099098,-0.171039,-0.058216,2.000000
0.508952,-0.806400,1.384170,0.283112,-0.097557,-0.099098,-0.344059,-1.560700,3.000000
-0.219384,-0.967789,-0.000389,-0.810999,-0.097557,-0.099098,-0.171039,1.819890,2.000000
-0.146551,0.081238,-0.000389,-0.154532,-0.097557,-0.099098,0.694064,0.974740,1.000000
-0.437885,0.726793,0.461131,-0.592176,-0.097557,-0.099098,-0.171039,-0.527741,2.000000
-0.219384,0.888182,-2.077230,0.064290,-0.097557,-0.099098,0.001982,0.223499,4.000000
-0.000883,0.646099,-0.461908,1.450160,-0.097557,-0.099098,-0.690100,-0.527741,3.000000
2.256960,1.210960,0.230371,1.085460,-0.097557,-0.099098,1.213130,-0.152121,3.000000
0.217617,-0.483623,0.461131,1.887810,-0.097557,-0.099098,-0.171039,0.974740,2.000000
-0.874886,0.081238,2.884110,-0.665117,-0.097557,-0.099098,0.867085,-0.527741,1.000000
-0.000883,0.000544,-0.231148,0.574875,-0.097557,-0.099098,0.348023,-0.058216,2.000000
1.237290,0.888182,-1.269570,-0.154532,-0.097557,-0.099098,0.175003,-0.527741,4.000000
1.528620,0.484710,-1.269570,0.064290,-0.097557,-0.099098,0.348023,-0.527741,5.000000
0.071950,-0.887095,0.691890,-0.081591,-0.097557,-0.099098,0.175003,0.505214,2.000000
-0.146551,-0.322234,0.922650,-0.008651,-0.097557,-0.099098,-1.036140,-0.527741,2.000000
-0.510719,0.081238,1.153410,-0.081591,-0.097557,-0.099098,0.867085,-0.527741,1.000000
1.018790,0.968876,-2.423370,0.137231,-0.097557,-0.099098,0.175003,-0.527741,3.000000
1.018790,-0.483623,0.691890,-0.810999,-0.097557,-0.099098,1.040110,-0.527741,1.000000
-0.656386,0.323321,-1.269570,-0.446295,-0.097557,-0.099098,0.175003,-0.527741,4.000000
-0.219384,-0.806400,1.499550,-0.519236,-0.097557,-0.099098,0.348023,0.411309,2.000000
-1.166220,-0.967789,-0.577288,-0.519236,-0.097557,-0.099098,0.175003,-0.527741,5.000000
-0.073717,-0.241539,0.230371,-0.738058,-0.097557,-0.099098,0.521044,0.035689,1.000000
0.727452,0.888182,0.461131,-1.102760,-0.097557,-0.099098,-0.690100,-0.527741,1.000000
1.018790,0.000544,0.345751,-1.175700,-0.097557,-0.099098,0.175003,-0.527741,2.000000
1.601460,0.968876,-1.846470,0.210172,-0.097557,-0.099098,1.040110,0.035689,3.000000
0.436118,-1.209870,-0.346528,0.647816,-0.097557,-0.099098,0.348023,-0.527741,1.000000
0.071950,0.081238,0.691890,0.137231,-0.097557,-0.099098,0.694064,-0.058216,1.000000
-0.729219,-1.774730,0.922650,1.304280,-0.097557,-0.099098,-1.555200,-0.527741,1.000000
-0.146551,0.323321,0.576510,-1.029820,-0.097557,-0.099098,0.175003,-0.527741,1.000000
-0.874886,0.323321,0.461131,1.085460,-0.097557,-0.099098,0.175003,-0.527741,3.000000
-0.510719,-0.967789,-1.384950,-1.029820,-0.097557,-0.099098,0.001982,-0.527741,5.000000
0.581785,-1.532650,1.153410,-1.029820,-0.097557,-0.099098,-0.517080,0.505214,2.000000
-0.073717,-1.048480,1.038030,-0.665117,-0.097557,-0.099098,0.175003,-0.527741,2.000000
-0.146551,0.323321,-0.000389,-0.665117,-0.097557,-0.099098,0.521044,-0.527741,2.000000
-0.583552,-0.322234,-0.692668,-0.665117,-0.097557,-0.099098,0.175003,1.350360,1.000000
0.071950,0.404016,-1.731090,-0.738058,-0.097557,-0.099098,0.175003,1.819890,4.000000
-0.656386,-0.322234,0.807270,-0.081591,-0.097557,-0.099098,1.213130,0.974740,1.000000
0.363284,-0.402928,0.922650,-0.081591,-0.097557,-0.099098,-0.171039,-0.527741,2.000000
-0.146551,-1.209870,-0.923428,-0.373354,-0.097557,-0.099098,1.213130,-0.527741,1.000000
0.144784,2.179290,-1.384950,0.574875,-0.097557,-0.099098,0.175003,-0.527741,3.000000
0.071950,-1.290570,-0.115769,-0.738058,-0.097557,-0.099098,0.521044,-0.621646,2.000000
-0.146551,0.081238,0.807270,-0.154532,-0.097557,-0.099098,0.001982,-0.527741,1.000000
1.601460,0.888182,-0.577288,0.283112,-0.097557,-0.099098,0.694064,-0.246026,3.000000
-0.583552,-0.564317,1.961070,3.200740,-0.097557,-0.099098,-1.382180,-0.246026,1.000000
0.436118,0.726793,0.461131,-0.592176,-0.097557,-0.099098,-0.344059,1.725980,2.000000
-0.656386,-0.322234,1.038030,-0.519236,-0.097557,-0.099098,1.386150,-0.058216,2.000000
-1.020550,-1.048480,1.499550,-0.081591,-0.097557,-0.099098,-3.458430,-0.527741,1.000000
-0.656386,0.807488,0.345751,0.210172,-0.097557,-0.099098,-0.517080,1.444260,2.000000
-0.656386,0.242627,-0.577288,-0.883939,-0.097557,-0.099098,0.348023,3.604080,4.000000
0.363284,-0.322234,-0.346528,-0.810999,-0.097557,-0.099098,-0.517080,-0.527741,4.000000
-0.729219,2.017900,-0.692668,-1.029820,-0.097557,-0.099098,-0.171039,-0.527741,2.000000
-0.656386,-0.080151,0.576510,-0.956880,-0.097557,-0.099098,0.867085,-0.527741,1.000000
-0.073717,-0.645011,0.691890,2.106630,-0.097557,-0.099098,-1.382180,-0.246026,3.000000
0.071950,-1.209870,-0.461908,-0.810999,-0.097557,-0.099098,0.175003,1.350360,1.000000
0.290451,0.404016,-0.923428,-0.300414,-0.097557,-0.099098,-0.344059,-0.527741,4.000000
-0.365051,-0.322234,0.576510,1.231340,-0.097557,-0.099098,0.867085,0.974740,2.000000
0.873120,0.646099,-0.461908,-0.956880,-0.097557,-0.099098,0.521044,-0.527741,1.000000
-0.073717,-0.080151,-1.154190,-0.446295,-0.097557,-0.099098,-0.344059,-0.152121,4.000000
2.256960,3.228320,-1.269570,1.085460,-0.097557,-0.099098,0.521044,-0.527741,5.000000
-0.365051,-1.855430,0.807270,0.720757,-0.097557,-0.099098,0.348023,-0.903362,1.000000
0.654619,0.081238,-0.346528,-0.373354,-0.097557,-0.099098,-0.517080,-0.527741,1.000000
0.217617,0.565405,1.153410,0.720757,-0.097557,-0.099098,0.001982,-0.527741,1.000000
0.436118,0.565405,1.499550,0.939579,10.243500,-0.099098,1.559170,1.162550,2.000000
0.508952,-0.160845,0.461131,-0.300414,-0.097557,-0.099098,0.001982,-1.560700,1.000000
-0.292218,0.565405,0.807270,-0.810999,-0.097557,-0.099098,0.348023,-0.152121,2.000000
0.581785,0.888182,-0.346528,-0.956880,-0.097557,-0.099098,-0.344059,-0.527741,3.000000
-0.365051,0.404016,0.461131,2.908980,-0.097557,-0.099098,-0.517080,-0.527741,3.000000
-0.365051,0.000544,0.807270,0.210172,-0.097557,-0.099098,-1.036140,-1.560700,1.000000
-0.874886,0.888182,1.268790,-1.029820,-0.097557,-0.099098,0.521044,1.819890,1.000000
1.164450,0.404016,-1.846470,-0.446295,-0.097557,-0.099098,2.078230,-0.527741,4.000000
1.164450,-0.564317,0.807270,2.471330,-0.097557,-0.099098,-5.361660,0.505214,2.000000
-0.947720,-0.645011,-0.461908,-0.810999,-0.097557,-0.099098,0.175003,0.317404,5.000000
-1.093390,-1.129180,0.807270,-0.665117,-0.097557,-0.099098,0.348023,-0.527741,1.000000
0.581785,-1.048480,0.922650,-0.738058,-0.097557,-0.099098,0.175003,-0.527741,2.000000
0.654619,0.807488,-0.115769,1.231340,-0.097557,-0.099098,0.521044,0.317404,3.000000
-0.510719,-0.887095,0.461131,-0.883939,-0.097557,-0.099098,-0.517080,-0.527741,2.000000
-0.365051,0.565405,-2.307990,-0.665117,-0.097557,-0.099098,0.175003,-0.527741,4.000000
-0.146551,0.888182,-0.692668,-0.446295,-0.097557,-0.099098,-0.517080,-0.527741,1.000000
0.363284,0.726793,0.230371,-1.175700,-0.097557,-0.099098,0.521044,-0.527741,1.000000
-0.073717,-0.806400,-1.846470,-0.008651,-0.097557,-0.099098,0.001982,-0.527741,4.000000
-0.947720,-0.160845,1.961070,0.793697,-0.097557,-0.099098,1.040110,3.228460,2.000000
1.674290,0.807488,-0.346528,-0.446295,-0.097557,-0.099098,3.808440,-0.527741,1.000000
-0.583552,-0.967789,0.230371,0.210172,-0.097557,-0.099098,-1.382180,-0.527741,2.000000
-0.365051,0.000544,-0.808048,-0.738058,-0.097557,-0.099098,0.348023,0.035689,4.000000
-0.510719,1.372350,-0.231148,0.064290,-0.097557,-0.099098,0.521044,-0.527741,3.000000
0.217617,0.888182,0.230371,-0.373354,-0.097557,-0.099098,0.867085,0.223499,2.000000
0.071950,-0.887095,0.691890,2.106630,-0.097557,-0.099098,-0.690100,3.416270,3.000000
1.892790,1.372350,-1.500330,-0.300414,-0.097557,-0.099098,0.694064,-0.527741,5.000000
-1.311890,-0.402928,-1.269570,-0.883939,-0.097557,-0.099098,-0.863121,-0.527741,4.000000
-0.729219,-0.564317,-1.615710,0.501934,-0.097557,-0.099098,0.175003,-0.527741,4.000000
-0.000883,0.888182,-0.692668,-0.446295,-0.097557,-0.099098,-0.171039,-0.527741,3.000000
-1.020550,-0.564317,-1.269570,-1.029820,-0.097557,-0.099098,-0.171039,-0.527741,4.000000
0.800286,0.565405,-0.577288,-0.373354,-0.097557,-0.099098,0.001982,1.350360,2.000000
0.290451,0.404016,-1.846470,0.356053,-0.097557,-0.099098,0.694064,-0.527741,4.000000
-1.166220,-2.016820,0.576510,0.137231,-0.097557,-0.099098,0.175003,2.007700,1.000000
-0.947720,0.242627,-0.461908,-0.227473,-0.097557,-0.099098,-0.517080,-0.527741,2.000000
-1.093390,-0.080151,-0.346528,-0.300414,-0.097557,-0.099098,0.001982,0.035689,3.000000
0.071950,0.807488,0.114991,-0.008651,-0.097557,-0.099098,0.694064,-0.527741,2.000000
-0.947720,-0.645011,0.114991,-1.102760,-0.097557,-0.099098,1.213130,-0.527741,1.000000
-0.219384,-0.483623,0.345751,-0.592176,-0.097557,-0.099098,-0.517080,0.129594,2.000000
0.217617,0.242627,0.345751,-0.665117,-0.097557,-0.099098,-0.171039,0.880835,2.000000
1.018790,0.807488,0.807270,-0.519236,-0.097557,-0.099098,-1.209160,-0.527741,2.000000
-0.219384,0.484710,-0.461908,1.741930,-0.097557,-0.099098,0.175003,-0.527741,3.000000
0.436118,1.695130,-0.346528,-0.373354,-0.097557,-0.099098,0.348023,-0.527741,3.000000
0.436118,0.000544,1.268790,1.668990,-0.097557,-0.099098,-0.690100,0.035689,3.000000
1.528620,0.726793,0.345751,-0.810999,-0.097557,-0.099098,-0.171039,0.505214,1.000000
-0.000883,0.081238,0.230371,-1.248640,-0.097557,-0.099098,-0.344059,-0.246026,2.000000
-1.020550,-0.806400,0.345751,1.596050,-0.097557,-0.099098,-0.344059,-0.527741,3.000000
2.038460,2.017900,-1.154190,0.137231,-0.097557,-0.099098,0.521044,-0.527741,3.000000
0.654619,0.888182,-1.846470,-0.300414,-0.097557,-0.099098,0.175003,-0.527741,3.000000
-1.311890,-0.080151,0.345751,0.137231,-0.097557,-0.099098,0.001982,2.101600,2.000000
-0.656386,-0.402928,-0.461908,-0.227473,-0.097557,-0.099098,0.001982,3.979700,1.000000
-0.729219,-0.402928,-0.923428,-0.665117,-0.097557,-0.099098,0.694064,-0.152121,4.000000
0.581785,1.372350,-0.115769,-0.738058,-0.097557,-0.099098,-0.517080,0.035689,3.000000
-0.146551,-0.160845,0.691890,-0.592176,-0.097557,-0.099098,1.386150,-0.527741,1.000000
1.455790,0.081238,-0.346528,-0.154532,-0.097557,-0.099098,0.521044,-0.246026,2.000000
-0.510719,-0.241539,-0.346528,-0.592176,-0.097557,-0.099098,-0.517080,-0.527741,1.000000
-0.583552,-0.564317,0.691890,-1.175700,-0.097557,-0.099098,-0.171039,-0.527741,1.000000
0.217617,0.081238,0.576510,-1.540410,-0.097557,-0.099098,-0.863121,-0.246026,2.000000
0.800286,-0.160845,0.691890,-0.519236,-0.097557,-0.099098,0.521044,0.317404,1.000000
0.945953,1.210960,-0.923428,-0.592176,-0.097557,-0.099098,0.694064,-0.058216,4.000000
-0.802053,-1.371260,-1.961850,-0.227473,-0.097557,-0.099098,-0.517080,-0.527741,4.000000
-0.365051,-0.564317,-0.000389,-0.081591,-0.097557,-0.099098,-0.517080,-0.527741,3.000000
0.581785,0.404016,0.114991,-0.956880,-0.097557,-0.099098,0.348023,-0.527741,1.000000
-0.729219,0.807488,-0.000389,-0.738058,-0.097557,-0.099098,0.175003,-0.527741,1.000000
0.654619,-0.402928,0.345751,-0.519236,-0.097557,-0.099098,1.559170,-0.058216,1.000000
-0.073717,-0.402928,-0.461908,-0.592176,-0.097557,-0.099098,-0.171039,0.317404,1.000000
1.164450,0.404016,-0.577288,-0.519236,-0.097557,-0.099098,-0.690100,-0.527741,3.000000
-0.802053,-1.048480,-1.961850,-0.227473,-0.097557,-0.099098,0.348023,-0.152121,4.000000
-1.020550,-0.322234,1.384170,1.450160,-0.097557,-0.099098,0.175003,0.505214,1.000000
0.800286,-0.160845,0.691890,-0.519236,-0.097557,-0.099098,0.521044,0.317404,1.000000
-0.802053,-0.241539,-0.115769,-0.446295,-0.097557,-0.099098,0.521044,-0.152121,1.000000
0.436118,-1.209870,-0.346528,1.085460,-0.097557,-0.099098,0.001982,-0.527741,1.000000
0.363284,0.242627,0.461131,1.012520,-0.097557,-0.099098,-0.344059,-0.527741,3.000000
0.581785,0.242627,-1.384950,-0.592176,-0.097557,-0.099098,0.348023,-0.527741,4.000000
-0.365051,0.646099,1.038030,1.304280,-0.097557,-0.099098,1.040110,-0.527741,3.000000
-0.219384,0.484710,0.345751,1.304280,-0.097557,-0.099098,0.521044,-0.527741,3.000000
-0.510719,-0.402928,0.461131,-0.883939,-0.097557,-0.099098,0.001982,0.317404,1.000000
-0.073717,0.242627,-1.615710,-0.810999,-0.097557,-0.099098,0.348023,-0.058216,4.000000
-0.583552,-0.402928,2.884110,-0.373354,-0.097557,-0.099098,-0.344059,-0.527741,1.000000
-0.802053,-0.645011,-0.115769,-1.175700,-0.097557,-0.099098,-0.171039,3.510180,2.000000
-0.729219,0.081238,-0.923428,-0.956880,-0.097557,-0.099098,-0.863121,-0.246026,4.000000
-0.219384,-0.402928,0.345751,2.617220,-0.097557,-0.099098,-0.690100,-0.527741,3.000000
-0.583552,0.242627,0.345751,2.763100,-0.097557,-0.099098,-0.517080,-0.527741,3.000000
0.581785,-0.402928,0.576510,0.064290,-0.097557,-0.099098,-0.344059,-1.560700,1.000000
0.363284,0.484710,-0.577288,-0.883939,-0.097557,-0.099098,0.694064,-0.527741,1.000000
-0.219384,-0.322234,0.576510,0.137231,-0.097557,-0.099098,-1.036140,1.725980,2.000000
1.091620,0.888182,-1.269570,0.283112,-0.097557,-0.099098,1.213130,0.035689,4.000000
-1.239050,-2.662370,0.230371,-0.956880,-0.097557,-0.099098,0.175003,4.449230,2.000000
-0.219384,0.807488,-1.731090,-0.373354,-0.097557,-0.099098,0.348023,-0.527741,4.000000
-1.384720,-0.322234,0.461131,1.887810,-0.097557,-0.099098,0.001982,0.599119,2.000000
-1.166220,1.291650,0.114991,-0.738058,-0.097557,-0.099098,-0.517080,0.505214,2.000000
-0.437885,-0.080151,-0.115769,0.064290,-0.097557,-0.099098,0.348023,-0.527741,1.000000
1.237290,1.695130,0.230371,2.836040,-0.097557,-0.099098,0.521044,0.786930,2.000000
-1.676060,-0.564317,-0.000389,-0.956880,-0.097557,-0.099098,0.694064,0.317404,1.000000
0.144784,1.210960,-1.615710,0.793697,-0.097557,-0.099098,0.348023,0.599119,4.000000
-0.437885,-0.564317,-1.846470,-0.373354,-0.097557,-0.099098,0.867085,1.162550,4.000000
-1.166220,-0.806400,-2.307990,-0.227473,-0.097557,-0.099098,0.175003,-0.527741,4.000000
1.164450,0.807488,0.230371,-0.519236,-0.097557,-0.099098,3.289370,-0.527741,1.000000
-0.000883,-0.322234,-0.115769,0.064290,-0.097557,-0.099098,1.732190,-0.527741,1.000000
0.581785,0.242627,-1.961850,-0.008651,-0.097557,-0.099098,0.175003,-0.527741,4.000000
-0.510719,0.323321,0.922650,-0.738058,-0.097557,-0.099098,0.001982,0.786930,2.000000
-0.874886,0.000544,0.230371,1.304280,-0.097557,-0.099098,0.694064,-1.560700,1.000000
-0.146551,1.130270,1.268790,-0.227473,-0.097557,-0.099098,1.732190,-0.527741,1.000000
-0.292218,0.242627,-0.346528,0.793697,-0.097557,-0.099098,0.175003,0.786930,2.000000
-1.311890,0.807488,-0.231148,-0.956880,-0.097557,-0.099098,0.521044,-0.527741,2.000000
0.071950,-0.887095,0.922650,-0.519236,-0.097557,-0.099098,-0.517080,-0.527741,1.000000
-0.583552,1.210960,0.922650,0.574875,-0.097557,-0.099098,0.001982,-0.527741,3.000000
-0.947720,-0.564317,1.384170,0.064290,-0.097557,-0.099098,-0.344059,-0.527741,2.000000
1.164450,1.291650,-2.077230,2.033690,-0.097557,-0.099098,0.175003,-0.527741,5.000000
-1.239050,-0.241539,0.576510,-0.154532,-0.097557,-0.099098,-0.863121,3.697990,2.000000
-1.384720,0.081238,-1.384950,-0.592176,-0.097557,-0.099098,-0.690100,0.317404,4.000000
-0.000883,-1.290570,0.576510,-0.373354,-0.097557,-0.099098,-0.171039,-0.527741,2.000000
0.945953,0.968876,-0.923428,-1.029820,-0.097557,-0.099098,0.348023,-0.246026,1.000000
-0.729219,0.484710,-0.231148,-0.883939,-0.097557,-0.099098,-0.517080,-0.527741,3.000000
2.766790,2.017900,-1.038810,0.720757,-0.097557,-0.099098,-1.209160,-0.527741,5.000000
1.674290,1.049570,-0.923428,0.283112,-0.097557,-0.099098,-0.171039,-0.527741,1.000000
0.363284,-0.241539,0.345751,-0.446295,-0.097557,-0.099098,-1.728220,-0.527741,2.000000
-0.729219,-0.967789,0.345751,-0.738058,-0.097557,-0.099098,0.348023,-0.058216,2.000000
-0.437885,1.695130,-0.000389,-0.373354,-0.097557,-0.099098,0.694064,-0.058216,1.000000
-1.166220,-1.290570,1.268790,-0.592176,-0.097557,-0.099098,0.348023,0.411309,2.000000
0.727452,-0.160845,-0.692668,1.887810,-0.097557,-0.099098,0.694064,3.322370,2.000000
-0.219384,-0.887095,0.576510,-0.154532,-0.097557,-0.099098,-0.517080,-0.527741,1.000000
-0.146551,0.323321,0.691890,0.210172,-0.097557,-0.099098,0.175003,1.444260,2.000000
-0.365051,0.484710,0.461131,0.428994,-0.097557,-0.099098,1.213130,-0.527741,1.000000
-1.239050,-1.048480,-0.115769,-0.300414,-0.097557,-0.099098,0.867085,-0.527741,1.000000
1.455790,0.565405,-1.846470,-0.519236,-0.097557,-0.099098,0.521044,-0.058216,5.000000
-0.000883,0.000544,1.384170,-0.227473,-0.097557,-0.099098,-2.593330,-1.560700,1.000000
0.800286,1.775820,-2.192610,0.501934,-0.097557,-0.099098,1.040110,-0.527741,3.000000
-1.457560,-1.451960,0.807270,-0.519236,-0.097557,-0.099098,-0.344059,2.571130,2.000000
0.873120,0.726793,0.461131,1.523100,-0.097557,-0.099098,-0.690100,-0.527741,3.000000
-0.219384,0.323321,0.345751,3.711330,-0.097557,-0.099098,0.348023,0.786930,3.000000
-0.656386,0.161933,0.345751,1.085460,-0.097557,-0.099098,-1.901240,0.505214,3.000000
0.581785,0.646099,0.922650,1.668990,-0.097557,-0.099098,-0.171039,-0.152121,3.000000
0.144784,-0.160845,0.461131,0.137231,-0.097557,-0.099098,0.694064,-0.527741,2.000000
-0.146551,0.565405,-0.000389,-1.248640,-0.097557,-0.099098,0.348023,1.350360,2.000000
0.508952,-0.806400,-0.231148,-0.154532,-0.097557,-0.099098,0.867085,-0.527741,1.000000
0.945953,0.565405,1.038030,1.012520,-0.097557,-0.099098,-2.074270,-0.527741,3.000000
0.800286,0.161933,-0.000389,1.304280,-0.097557,-0.099098,0.521044,-0.527741,1.000000
0.363284,0.161933,-0.692668,-0.446295,-0.097557,-0.099098,1.040110,-0.527741,5.000000
1.747120,0.242627,-0.000389,-1.321580,-0.097557,-0.099098,0.867085,0.317404,1.000000
-0.947720,-1.613340,0.114991,-0.810999,-0.097557,-0.099098,1.386150,-0.152121,2.000000
0.436118,-0.080151,-0.346528,-0.956880,-0.097557,-0.099098,0.348023,-0.527741,2.000000
0.217617,0.323321,-0.808048,-1.175700,-0.097557,-0.099098,1.213130,0.411309,2.000000
0.800286,0.323321,0.461131,0.866638,-0.097557,-0.099098,0.694064,0.129594,3.000000
-1.239050,-1.774730,-0.000389,1.012520,-0.097557,-0.099098,-0.690100,3.134560,2.000000
2.111290,0.565405,-1.038810,0.137231,-0.097557,-0.099098,1.559170,-0.527741,5.000000
-0.219384,0.323321,0.461131,1.596050,-0.097557,-0.099098,0.521044,-0.152121,3.000000
-1.748890,0.000544,-1.961850,0.137231,-0.097557,-0.099098,0.175003,-0.527741,4.000000
1.819960,1.291650,1.614930,0.939579,-0.097557,-0.099098,-0.690100,0.411309,3.000000
-0.073717,1.695130,0.461131,-0.956880,-0.097557,-0.099098,1.386150,-0.527741,2.000000
-0.073717,-0.483623,0.114991,-0.592176,-0.097557,-0.099098,0.348023,-0.058216,1.000000
0.654619,1.130270,-0.692668,-0.008651,-0.097557,-0.099098,0.001982,-0.527741,1.000000
0.436118,0.404016,0.807270,-0.810999,-0.097557,-0.099098,0.694064,-0.246026,1.000000
0.800286,0.323321,-0.115769,-0.738058,-0.097557,-0.099098,0.694064,1.350360,1.000000
-0.874886,-0.080151,0.345751,-0.519236,-0.097557,-0.099098,0.001982,-0.527741,1.000000
0.873120,-1.371260,-0.115769,-0.154532,-0.097557,-0.099098,0.175003,1.350360,1.000000
1.382950,0.000544,-0.115769,1.158400,-0.097557,-0.099098,-0.171039,-0.527741,3.000000
-0.656386,-0.806400,0.691890,-0.665117,-0.097557,-0.099098,1.040110,-0.527741,1.000000
0.800286,0.323321,-0.115769,-0.519236,-0.097557,-0.099098,0.694064,1.819890,1.000000
0.071950,0.161933,-0.231148,1.741930,-0.097557,-0.099098,0.175003,-0.527741,3.000000
2.256960,2.098600,-2.077230,0.793697,-0.097557,-0.099098,0.175003,-0.527741,5.000000
0.144784,-0.322234,0.114991,-0.592176,-0.097557,-0.099098,0.001982,-0.527741,1.000000
0.508952,0.888182,-0.577288,-0.008651,-0.097557,-0.099098,0.001982,-0.527741,1.000000
0.144784,-0.967789,1.384170,-1.029820,-0.097557,-0.099098,-1.555200,0.035689,2.000000
-0.437885,1.453040,-0.577288,1.814870,-0.097557,-0.099098,0.348023,1.256450,3.000000
-0.729219,-0.160845,-0.000389,-0.665117,-0.097557,-0.099098,0.694064,2.101600,1.000000
-0.073717,1.372350,-0.000389,0.137231,-0.097557,-0.099098,-1.209160,-0.527741,2.000000
0.071950,-0.322234,-1.154190,2.836040,-0.097557,-0.099098,-0.171039,-0.527741,3.000000
-0.583552,-2.339590,1.038030,0.283112,-0.097557,-0.099098,-0.517080,-0.058216,2.000000
-0.729219,-0.887095,1.153410,-0.810999,-0.097557,-0.099098,1.386150,0.223499,1.000000
-0.219384,-0.241539,-0.000389,-0.519236,-0.097557,-0.099098,0.175003,-0.152121,2.000000
0.071950,0.081238,-0.808048,4.440730,-0.097557,-0.099098,0.348023,-0.527741,3.000000
-1.020550,0.161933,1.268790,0.501934,-0.097557,-0.099098,0.348023,0.880835,2.000000
-1.748890,-1.774730,1.153410,-0.446295,-0.097557,-0.099098,0.694064,0.317404,3.000000
2.621130,2.259990,-1.846470,-0.810999,-0.097557,-0.099098,0.521044,-0.527741,5.000000
-0.146551,-0.725706,0.230371,0.501934,-0.097557,-0.099098,0.175003,-0.152121,1.000000
0.654619,-0.564317,0.230371,-0.519236,-0.097557,-0.099098,0.867085,-0.058216,1.000000
-0.000883,0.484710,1.499550,-0.081591,-0.097557,-0.099098,-1.382180,-0.527741,2.000000
0.363284,0.726793,0.345751,-0.810999,-0.097557,-0.099098,-0.171039,-0.527741,2.000000
-0.510719,-1.451960,0.691890,0.064290,-0.097557,-0.099098,-0.517080,-0.058216,2.000000
-0.146551,-0.402928,1.038030,-0.446295,-0.097557,-0.099098,1.386150,0.599119,2.000000
-0.073717,-0.483623,-0.577288,-0.300414,-0.097557,-0.099098,0.175003,-0.527741,1.000000
-0.000883,-0.806400,0.691890,3.200740,-0.097557,-0.099098,0.001982,-0.527741,3.000000
-0.583552,0.161933,-1.154190,-0.665117,-0.097557,-0.099098,0.001982,-0.152121,4.000000
-1.239050,-1.774730,-2.192610,-0.154532,-0.097557,-0.099098,0.521044,-0.527741,4.000000
-0.874886,-0.806400,0.345751,-1.029820,-0.097557,-0.099098,0.867085,-0.527741,1.000000
-0.000883,-0.564317,0.691890,-0.665117,-0.097557,-0.099098,-2.593330,-0.527741,2.000000
0.144784,0.484710,0.576510,-0.738058,-0.097557,-0.099098,0.521044,1.068640,1.000000
-0.656386,-0.322234,0.922650,-1.321580,-0.097557,-0.099098,0.175003,0.035689,2.000000
2.256960,0.404016,-1.731090,0.574875,-0.097557,-0.099098,0.175003,-0.527741,5.000000
-1.748890,-0.967789,0.230371,0.720757,-0.097557,-0.099098,-0.344059,2.665030,2.000000
0.581785,0.484710,-0.461908,-0.883939,-0.097557,-0.099098,0.175003,-0.527741,1.000000
0.727452,0.000544,0.807270,-0.081591,-0.097557,-0.099098,-1.555200,-0.152121,1.000000
1.819960,0.807488,-0.808048,0.647816,-0.097557,-0.099098,-0.863121,-0.058216,3.000000
-0.802053,-0.887095,0.576510,1.887810,-0.097557,-0.099098,-2.247290,-1.091170,2.000000
2.621130,1.937210,0.114991,1.012520,-0.097557,-0.099098,0.867085,-0.527741,5.000000
0.144784,-0.322234,0.691890,-0.081591,-0.097557,-0.099098,0.348023,-0.527741,2.000000
-0.729219,-0.483623,-0.000389,-0.956880,-0.097557,-0.099098,0.348023,1.068640,1.000000
-0.219384,-0.402928,0.114991,0.501934,-0.097557,-0.099098,-0.690100,-0.152121,2.000000
-0.292218,-0.967789,0.114991,-0.446295,-0.097557,-0.099098,0.175003,-0.527741,1.000000
-0.292218,-1.371260,-0.577288,-0.300414,-0.097557,-0.099098,-1.555200,0.880835,1.000000
1.164450,-0.402928,-0.000389,-0.227473,-0.097557,-0.099098,-0.171039,-0.527741,1.000000
-0.292218,-0.080151,0.922650,-0.227473,-0.097557,-0.099098,-1.036140,-0.527741,3.000000
-1.093390,0.646099,0.461131,-0.738058,-0.097557,-0.099098,0.175003,-0.527741,2.000000
0.727452,0.968876,0.461131,1.012520,-0.097557,-0.099098,0.001982,-0.527741,3.000000
-0.583552,-0.483623,-0.231148,2.033690,-0.097557,-0.099098,-0.344059,-0.527741,3.000000
-1.239050,-0.322234,0.345751,-1.029820,-0.097557,-0.099098,0.001982,-0.058216,1.000000
-0.947720,0.646099,-0.000389,-0.300414,-0.097557,-0.099098,-0.517080,-0.527741,2.000000
-1.093390,-0.887095,0.691890,-0.446295,-0.097557,-0.099098,-0.171039,1.256450,1.000000
1.164450,0.161933,0.230371,1.304280,-0.097557,-0.099098,1.040110,-0.058216,3.000000
-0.874886,-0.806400,1.845690,0.647816,-0.097557,-0.099098,-1.209160,-1.560700,1.000000
-0.583552,0.000544,1.038030,-0.665117,-0.097557,-0.099098,0.175003,-0.527741,1.000000
-0.656386,-0.887095,0.114991,1.887810,-0.097557,-0.099098,-0.171039,-0.527741,1.000000
-0.437885,-0.725706,-2.423370,-0.373354,-0.097557,-0.099098,-0.171039,-0.527741,4.000000
0.217617,-0.564317,0.807270,-0.154532,-0.097557,-0.099098,-1.901240,0.035689,1.000000
0.436118,0.968876,0.345751,-0.154532,-0.097557,-0.099098,1.213130,-0.527741,1.000000
-1.239050,-1.209870,0.691890,-0.519236,-0.097557,-0.099098,0.001982,-0.527741,2.000000
0.290451,-0.402928,1.384170,-0.956880,-0.097557,-0.099098,0.348023,-0.152121,2.000000
0.217617,-0.725706,-0.000389,-0.154532,10.243500,-0.099098,-0.517080,-0.527741,1.000000
0.508952,-0.080151,1.268790,-0.008651,-0.097557,-0.099098,0.348023,-0.527741,2.000000
0.800286,-0.160845,0.461131,-0.081591,-0.097557,-0.099098,0.001982,-0.527741,1.000000
0.290451,-0.483623,-1.731090,-0.519236,-0.097557,-0.099098,0.175003,-0.058216,4.000000
-0.802053,-0.402928,0.114991,0.210172,-0.097557,-0.099098,0.694064,-0.527741,1.000000
-0.365051,-0.402928,0.114991,0.283112,-0.097557,-0.099098,-0.344059,1.538170,1.000000
-1.166220,-1.290570,1.730310,1.012520,-0.097557,-0.099098,-3.112390,-1.091170,1.000000
-0.365051,-0.080151,0.807270,-0.081591,-0.097557,-0.099098,-0.344059,-0.527741,2.000000
-0.656386,-0.725706,0.114991,-0.519236,-0.097557,-0.099098,1.213130,-0.527741,3.000000
0.581785,-0.402928,-0.231148,-0.154532,-0.097557,-0.099098,0.348023,0.880835,1.000000
-0.947720,0.968876,-1.846470,-0.081591,-0.097557,-0.099098,0.175003,-0.527741,4.000000
0.436118,0.161933,-0.461908,-0.665117,-0.097557,-0.099098,-0.171039,4.261420,1.000000
-0.146551,-0.402928,1.499550,-0.519236,-0.097557,-0.099098,1.386150,-0.527741,2.000000
-0.729219,-1.290570,0.230371,-0.665117,-0.097557,-0.099098,-0.517080,2.195510,2.000000
0.436118,0.081238,-2.077230,1.668990,-0.097557,-0.099098,-0.344059,-0.527741,2.000000
-0.802053,1.049570,-1.038810,0.064290,-0.097557,-0.099098,-0.171039,-0.527741,4.000000
0.581785,0.081238,1.499550,-0.446295,-0.097557,-0.099098,0.001982,1.350360,2.000000
-0.365051,-0.725706,-0.115769,-0.883939,10.243500,-0.099098,0.521044,0.223499,1.000000
-1.530390,-1.290570,0.576510,-0.154532,-0.097557,-0.099098,0.175003,-0.527741,1.000000
0.727452,-0.160845,-0.461908,0.428994,-0.097557,-0.099098,-1.728220,0.505214,1.000000
0.217617,0.565405,1.153410,0.720757,-0.097557,-0.099098,0.001982,-0.527741,1.000000
1.382950,-0.887095,0.230371,-1.029820,-0.097557,-0.099098,-2.074270,0.693024,1.000000
0.508952,-0.564317,0.230371,0.283112,-0.097557,-0.099098,-2.247290,-1.560700,1.000000
0.363284,-0.322234,0.345751,-1.102760,-0.097557,-0.099098,0.348023,1.913790,1.000000
-0.146551,-0.483623,-0.461908,0.793697,-0.097557,-0.099098,-0.690100,0.786930,1.000000
-0.874886,-0.241539,0.345751,-1.029820,-0.097557,-0.099098,-0.344059,-0.527741,1.000000
-0.583552,0.081238,-0.000389,-1.029820,-0.097557,-0.099098,0.348023,1.725980,2.000000
0.363284,0.242627,0.691890,0.210172,-0.097557,-0.099098,-0.344059,-0.527741,3.000000
-0.000883,0.968876,0.230371,0.283112,-0.097557,-0.099098,1.040110,-0.527741,3.000000
-1.239050,-0.967789,0.345751,-0.008651,-0.097557,-0.099098,0.348023,-0.058216,2.000000
0.290451,0.242627,0.345751,-0.665117,-0.097557,-0.099098,0.175003,1.068640,2.000000
-1.530390,-0.887095,-0.461908,0.720757,-0.097557,-0.099098,0.175003,-0.527741,2.000000
-0.729219,-0.402928,1.268790,0.210172,-0.097557,-0.099098,-1.036140,-0.527741,1.000000
3.276630,1.695130,-2.654130,0.939579,-0.097557,-0.099098,-3.285410,-0.527741,5.000000
-0.292218,-0.402928,0.691890,-0.738058,-0.097557,-0.099098,1.040110,-0.527741,1.000000
0.800286,-0.967789,0.807270,0.720757,-0.097557,-0.099098,-1.036140,-0.621646,1.000000
-0.000883,0.484710,-0.115769,2.544270,-0.097557,-0.099098,0.001982,-0.527741,3.000000
-0.000883,0.000544,-0.231148,-0.665117,-0.097557,-0.099098,-0.517080,-0.152121,1.000000
0.508952,0.404016,0.230371,-0.738058,-0.097557,-0.099098,-0.171039,1.068640,2.000000
-0.947720,-1.613340,1.384170,1.231340,-0.097557,-0.099098,-1.036140,1.068640,1.000000
0.800286,0.726793,-0.346528,1.668990,-0.097557,-0.099098,0.694064,-0.527741,3.000000
1.747120,2.017900,0.922650,1.523100,-0.097557,-0.099098,-1.728220,0.693024,5.000000
-0.000883,-0.402928,0.114991,-0.519236,-0.097557,-0.099098,0.521044,-0.246026,1.000000
-0.219384,-0.241539,-0.000389,-0.810999,-0.097557,-0.099098,0.001982,1.913790,2.000000
-1.311890,-1.613340,0.807270,0.866638,-0.097557,-0.099098,0.001982,-0.246026,2.000000
0.290451,1.372350,0.691890,-0.810999,-0.097557,-0.099098,1.213130,0.505214,2.000000
-0.073717,-0.967789,0.691890,-1.248640,-0.097557,-0.099098,-0.690100,-0.527741,1.000000
0.945953,1.372350,0.807270,-0.154532,-0.097557,-0.099098,-0.171039,-0.527741,3.000000
1.455790,0.242627,-0.923428,-0.300414,-0.097557,-0.099098,0.175003,0.035689,2.000000
-0.874886,0.081238,0.691890,-0.373354,-0.097557,-0.099098,-0.344059,0.317404,2.000000
-1.239050,-2.339590,0.345751,-0.810999,10.243500,-0.099098,0.348023,2.101600,2.000000
0.945953,-0.564317,-0.231148,-1.102760,-0.097557,-0.099098,0.175003,-0.527741,1.000000
0.581785,0.000544,-0.000389,-1.029820,-0.097557,-0.099098,-0.344059,-0.246026,2.000000
-0.365051,-0.725706,0.345751,1.668990,-0.097557,-0.099098,-0.171039,0.317404,2.000000
-1.603220,-1.129180,0.576510,-0.810999,-0.097557,-0.099098,1.213130,-0.527741,1.000000
-1.384720,-0.806400,-2.192610,-0.665117,-0.097557,-0.099098,0.348023,-0.527741,4.000000
-0.510719,-0.160845,-1.615710,-0.008651,-0.097557,-0.099098,0.348023,-0.527741,4.000000
